user_A,user_B,taste_similarity,label
1919,1991,0.0,0
1490,66,0.0,0
1675,457,0.0,0
968,437,0.0,0
414,1481,0.0,0
227,481,0.25905951857566833,1
240,472,0.36961185932159424,1
1948,1164,0.0,0
1184,1186,0.35404884815216064,1
240,703,0.43811970949172974,1
150,236,0.3285992741584778,1
2099,399,0.0,0
1075,1759,0.0,0
1339,1568,0.14239178597927094,1
1710,1445,0.0,0
175,579,0.0,0
339,1057,0.4056384861469269,1
147,1137,0.34781429171562195,1
179,1483,0.3202873766422272,1
46,396,0.0,0
1017,1688,0.0,0
1144,1917,0.0,0
1646,1811,0.177903950214386,1
1139,1223,0.0,0
340,836,0.27713853120803833,1
1356,36,0.015557549893856049,0
130,1895,0.34690093994140625,1
852,1002,0.2822282314300537,1
723,1568,0.32805541157722473,1
807,1617,0.0,0
2006,672,0.0,0
383,1832,0.1899971067905426,1
152,1539,0.22231172025203705,1
1119,1741,0.0,0
179,1356,0.30361098051071167,1
760,2070,0.23932944238185883,1
572,1533,0.30534234642982483,1
1017,1332,0.4183432161808014,1
390,612,0.2522852420806885,1
858,1133,0.10977280139923096,1
2085,1968,0.0,0
1106,1179,0.32758164405822754,1
1919,2100,0.0,0
703,1453,0.488269180059433,1
966,1959,0.3613864779472351,1
110,713,0.2506471872329712,1
130,385,0.21029885113239288,1
1575,845,0.0,0
555,274,0.0,0
1189,1742,0.34989893436431885,1
83,286,0.0,0
609,1023,0.33208218216896057,1
1842,809,0.012073631398379803,0
1102,2021,0.17774541676044464,1
335,1560,0.24898691475391388,1
548,115,0.0,0
1179,1663,0.2467997819185257,1
39,43,0.01710514910519123,0
1029,1595,0.21048535406589508,1
277,1118,0.3095279335975647,1
48,413,0.20091433823108673,1
1189,1869,0.19796951115131378,1
271,1445,0.3076402246952057,1
990,1929,0.018474550917744637,0
2099,1736,0.0,0
536,911,0.32032281160354614,1
514,1300,0.3230224549770355,1
957,969,0.0,0
179,417,0.258510947227478,1
1488,673,0.0,0
852,2061,0.31559187173843384,1
1036,717,0.0,0
374,619,0.0,0
340,1780,0.36272916197776794,1
1308,1838,0.24672898650169373,1
1621,921,0.0,0
75,1664,0.1532743275165558,1
489,1554,0.34203237295150757,1
233,1659,0.26708143949508667,1
1581,352,0.0,0
420,935,0.0,0
1711,1364,0.0,0
424,1281,0.10501696914434433,1
784,1794,0.0,0
58,1385,0.3388935923576355,1
1656,1690,0.2476043701171875,1
500,121,0.0,0
53,281,0.0,0
815,1453,0.4633828103542328,1
236,1319,0.1629885733127594,1
308,870,0.1955307573080063,1
1094,1893,0.0,0
1052,1319,0.17510178685188293,1
288,507,0.18090446293354034,1
1861,642,0.0,0
2028,1783,0.015016813762485981,0
585,1354,0.159624382853508,1
1240,1458,0.0,0
1027,1725,0.24054062366485596,1
936,2006,0.33970507979393005,1
390,1666,0.42946016788482666,1
399,518,0.3537731170654297,1
503,1179,0.23882396519184113,1
948,877,0.0,0
260,592,0.12495169043540955,1
521,1183,0.17260438203811646,1
1132,1813,0.4877350330352783,1
256,1528,0.3855149447917938,1
1882,534,0.0,0
579,836,0.0,0
798,409,0.0,0
1935,1232,0.0,0
1032,1092,0.0,0
1240,1495,0.18579483032226562,1
646,1559,0.22679446637630463,1
940,1711,0.14896026253700256,1
510,2069,0.13370800018310547,1
1991,1025,0.0,0
971,2027,0.1385774165391922,1
1741,1832,0.18698325753211975,1
1925,1193,0.0,0
260,730,0.11077028512954712,1
141,440,0.0,0
259,1013,0.13218656182289124,1
1253,1780,0.47107958793640137,1
878,824,0.0,0
629,1276,0.0,0
227,1113,0.22250346839427948,1
1603,162,0.0,0
1928,1896,0.018718985840678215,0
374,889,0.0,0
270,772,0.0,0
1786,1076,0.017581932246685028,0
717,1034,0.24523942172527313,1
493,1835,0.2995508909225464,1
1539,687,0.015617785975337029,0
236,852,0.24091315269470215,1
209,1962,0.0,0
1377,1857,0.14800411462783813,1
186,1070,0.22599105536937714,1
636,185,0.0,0
157,827,0.22498497366905212,1
884,2087,0.50921231508255,1
1283,1489,0.23068343102931976,1
298,1906,0.1198885589838028,1
1054,792,0.0,0
865,1174,0.5185127258300781,1
1534,1704,0.012975795194506645,0
910,1247,0.33625996112823486,1
2037,2088,0.24188068509101868,1
1332,1365,0.46583062410354614,1
390,481,0.26084527373313904,1
183,499,0.1940772384405136,1
343,1879,0.10393175482749939,1
1210,1900,0.2907625734806061,1
1186,2021,0.4700172245502472,1
134,1253,0.31237372756004333,1
1356,1611,0.0,0
150,690,0.3138626515865326,1
71,2014,0.01960870996117592,0
795,2018,0.31882616877555847,1
260,479,0.19027690589427948,1
1091,584,0.01874842867255211,0
1266,1919,0.0,0
950,1830,0.0,0
258,795,0.4468606412410736,1
1304,635,0.0,0
1890,1710,0.0,0
723,797,0.3930056095123291,1
855,1231,0.0,0
322,497,0.2993263602256775,1
572,795,0.45254433155059814,1
133,884,0.4847124516963959,1
513,1119,0.015633530914783478,0
2028,778,0.0,0
258,553,0.20943529903888702,1
1792,1839,0.29682469367980957,1
403,948,0.0,0
1800,1331,0.0,0
1036,501,0.0,0
1145,1813,0.39311689138412476,1
99,499,0.19090904295444489,1
585,1867,0.0,0
990,1470,0.22694189846515656,1
489,1921,0.0,0
938,1179,0.19934679567813873,1
378,486,0.19112083315849304,1
150,730,0.21007128059864044,1
569,1753,0.4519914984703064,1
1091,1748,0.19929726421833038,1
473,1516,0.14284980297088623,1
2005,1128,0.0,0
1820,1821,0.6324812769889832,1
691,1272,0.342551589012146,1
1010,1202,0.31483718752861023,1
1832,2009,0.4796539843082428,1
1004,875,0.0,0
179,778,0.3108488619327545,1
183,859,0.15210290253162384,1
565,782,0.0,0
162,749,0.15367139875888824,1
565,1541,0.2371404469013214,1
1038,1210,0.2732383906841278,1
1348,1496,0.0,0
334,508,0.0,0
964,963,0.01877002604305744,0
609,1478,0.2192043662071228,1
1579,930,0.0,0
1313,1731,0.0,0
1145,1451,0.3669279217720032,1
87,1632,0.1551261693239212,1
795,1033,0.3358477056026459,1
405,1972,0.0,0
335,1379,0.16502077877521515,1
479,738,0.0,0
399,1278,0.2535734474658966,1
307,794,0.0,0
1774,174,0.0,0
1559,1741,0.12984763085842133,1
1429,1989,0.0,0
2,39,0.017865613102912903,0
298,640,0.11090033501386642,1
474,1869,0.15308794379234314,1
691,723,0.372286856174469,1
360,953,0.0,0
1106,1572,0.40154412388801575,1
1027,1308,0.3657388389110565,1
1889,1062,0.017337970435619354,0
400,788,0.01726127788424492,0
1572,1728,0.0,0
145,2061,0.1451929807662964,1
256,1145,0.22858797013759613,1
621,1455,0.39533111453056335,1
1654,473,0.0,0
881,1450,0.18078504502773285,1
400,1189,0.49319982528686523,1
179,1308,0.3095369338989258,1
1719,1771,0.0,0
255,604,0.0,0
285,69,0.0,0
198,1479,0.11535860598087311,1
709,753,0.21637848019599915,1
601,665,0.016457464545965195,0
79,1503,0.19451294839382172,1
1484,1308,0.0,0
58,310,0.240265890955925,1
332,473,0.16176451742649078,1
62,266,0.25165390968322754,1
317,402,0.4392085373401642,1
1027,1689,0.016080547124147415,0
211,1496,0.2732866704463959,1
1808,1225,0.01500664558261633,0
675,930,0.1830238699913025,1
43,1503,0.22906285524368286,1
873,1308,0.5720241069793701,1
1308,1445,0.3303433358669281,1
2067,1101,0.0,0
128,788,0.10118535906076431,1
191,335,0.0,0
481,1572,0.2439514547586441,1
1278,687,0.0,0
207,1356,0.14368052780628204,1
1196,644,0.01582549326121807,0
415,2018,0.43033453822135925,1
762,1343,0.20290902256965637,1
1283,1292,0.2947603762149811,1
1600,1690,0.3559410870075226,1
1890,553,0.0,0
1434,1752,0.015499664470553398,0
390,2061,0.3026280105113983,1
40,621,0.0,0
997,29,0.0,0
898,1532,0.4468785524368286,1
1243,1283,0.0,0
677,476,0.01922762207686901,0
738,921,0.01790735498070717,0
476,1835,0.20494046807289124,1
1304,1410,0.33059775829315186,1
408,33,0.0,0
616,798,0.18291650712490082,1
59,265,0.1470843106508255,1
1068,1638,0.0,0
1263,1606,0.3017868995666504,1
852,859,0.1834149807691574,1
594,986,0.2895788550376892,1
1707,1689,0.019258853048086166,0
261,349,0.10193750262260437,1
1679,10,0.01988191157579422,0
251,916,0.0,0
1688,1451,0.016514437273144722,0
1068,1195,0.0,0
1898,2004,0.15374962985515594,1
58,1447,0.3437454104423523,1
1797,854,0.0,0
1039,1757,0.23398223519325256,1
972,520,0.0,0
1323,1707,0.0,0
1397,1869,0.0,0
787,946,0.1559353619813919,1
877,122,0.0,0
1166,1434,0.0,0
1069,1146,0.10820145905017853,1
1950,28,0.017881138250231743,0
327,1811,0.17514103651046753,1
2097,1222,0.0,0
1933,40,0.0,0
534,1835,0.2306889444589615,1
329,1233,0.22917021811008453,1
426,1524,0.017466604709625244,0
963,1616,0.1581902801990509,1
212,627,0.22893887758255005,1
21,1305,0.46161237359046936,1
376,1224,0.013478417880833149,0
281,967,0.0,0
2100,360,0.0,0
234,1533,0.01639292761683464,0
1010,1751,0.0,0
417,1963,0.3621958792209625,1
131,1697,0.20932868123054504,1
271,717,0.522175133228302,1
479,2000,0.29286643862724304,1
1323,782,0.0,0
1744,2076,0.0,0
531,1272,0.536514937877655,1
43,859,0.13307948410511017,1
49,133,0.12741389870643616,1
230,115,0.0,0
303,299,0.0,0
1848,735,0.0,0
569,1568,0.2638597786426544,1
1075,1573,0.10955522209405899,1
339,1820,0.5650345683097839,1
1768,1841,0.0,0
2044,593,0.0,0
1385,513,0.0,0
390,816,0.43452054262161255,1
46,318,0.29283520579338074,1
52,1438,0.0,0
136,1478,0.2940889298915863,1
1725,2061,0.2526971697807312,1
706,2060,0.17415285110473633,1
609,1457,0.2543257176876068,1
1040,1740,0.01750260591506958,0
694,664,0.0,0
1464,1267,0.0,0
355,2020,0.21116697788238525,1
815,1895,0.42683863639831543,1
298,1691,0.015920426696538925,0
473,2018,0.14999771118164062,1
162,1445,0.14139224588871002,1
352,730,0.3166435658931732,1
1977,1444,0.0,0
1128,215,0.0,0
256,350,0.43482163548469543,1
153,1248,0.0,0
2043,2085,0.0,0
646,723,0.44057175517082214,1
161,1114,0.01663789339363575,0
1579,71,0.0,0
236,815,0.30317041277885437,1
1726,2004,0.19590939581394196,1
1931,1135,0.0,0
1907,1951,0.0,0
1888,132,0.0,0
671,1294,0.14212815463542938,1
148,1836,0.0,0
1253,2068,0.12188693135976791,1
674,1071,0.31671974062919617,1
708,1848,0.0,0
946,832,0.0,0
266,662,0.14535298943519592,1
504,798,0.0,0
217,1658,0.0,0
1697,13,0.0,0
545,1466,0.13939297199249268,1
1671,1327,0.0,0
225,1654,0.0,0
2068,456,0.01825783960521221,0
80,225,0.135912224650383,1
1028,1249,0.0,0
1827,3,0.0,0
1334,206,0.0,0
1897,1432,0.0,0
954,1918,0.0,0
208,1287,0.2283729463815689,1
932,178,0.0,0
1067,1872,0.0,0
233,409,0.2494463473558426,1
499,575,0.16282634437084198,1
232,479,0.5238099694252014,1
1385,444,0.0,0
1855,136,0.0,0
940,226,0.0,0
561,1002,0.16649578511714935,1
510,1270,0.0,0
1516,1801,0.0,0
1224,1614,0.0,0
1084,404,0.0,0
1167,698,0.0,0
1524,163,0.0,0
858,738,0.0,0
1503,1818,0.11977441608905792,1
258,911,0.3896133005619049,1
414,1742,0.40251070261001587,1
1046,817,0.015226255171000957,0
518,1560,0.39334356784820557,1
1224,1664,0.0,0
810,1551,0.0,0
1364,468,0.0,0
280,1104,0.10590631514787674,1
1332,1600,0.37353944778442383,1
1830,1002,0.017107753083109856,0
1049,1332,0.0,0
730,1365,0.37505170702934265,1
227,354,0.40732303261756897,1
1075,1261,0.24440552294254303,1
334,1809,0.2099115550518036,1
258,1189,0.4771324396133423,1
903,292,0.016052883118391037,0
609,1687,0.2563273012638092,1
271,1132,0.5066238641738892,1
1762,710,0.0,0
1720,949,0.0,0
451,1780,0.495404452085495,1
385,1780,0.4633374810218811,1
525,1281,0.14631828665733337,1
1720,333,0.0,0
263,1707,0.016567116603255272,0
572,703,0.4456055462360382,1
1488,1868,0.11835731565952301,1
48,732,0.20188800990581512,1
396,762,0.13435207307338715,1
1017,1300,0.34528154134750366,1
1089,727,0.01696266606450081,0
1437,1607,0.25752830505371094,1
406,1803,0.0,0
1625,306,0.0,0
1488,2,0.0,0
39,144,0.0,0
1433,1315,0.0,0
2006,437,0.0,0
1038,1237,0.0,0
390,480,0.0,0
183,1343,0.16085048019886017,1
1230,1646,0.0,0
1861,191,0.01761743053793907,0
2091,454,0.0,0
1173,2097,0.1560043841600418,1
808,1104,0.12925668060779572,1
46,406,0.0,0
405,1253,0.28851810097694397,1
819,1894,0.4175075888633728,1
1457,1811,0.20472507178783417,1
1266,1517,0.0,0
1646,1773,0.17728833854198456,1
1382,1490,0.0,0
1731,612,0.0,0
1637,1643,0.016235150396823883,0
1955,2068,0.0,0
942,1780,0.2708832621574402,1
662,979,0.0,0
442,932,0.19224272668361664,1
232,1476,0.1779755800962448,1
409,1568,0.1903291791677475,1
1611,1539,0.0,0
1726,1838,0.1600215882062912,1
411,704,0.42069748044013977,1
232,690,0.3759385645389557,1
1511,1636,0.35822924971580505,1
1174,1520,0.01649034023284912,0
789,1302,0.0,0
310,390,0.4029761552810669,1
185,1956,0.15544331073760986,1
734,1572,0.0,0
1444,991,0.016034532338380814,0
713,1109,0.5122220516204834,1
824,495,0.0,0
1912,616,0.0,0
96,931,0.0,0
1908,2068,0.105314239859581,1
636,730,0.24651607871055603,1
730,1653,0.11409347504377365,1
1157,1373,0.018606659024953842,0
1037,1224,0.6717416048049927,1
615,1233,0.0,0
1717,410,0.018102621659636497,0
1106,1759,0.0,0
232,1961,0.21322521567344666,1
254,310,0.0,0
1555,1799,0.36306309700012207,1
355,1917,0.1685970574617386,1
682,699,0.0,0
675,905,0.29141318798065186,1
859,911,0.23367168009281158,1
910,1278,0.18383562564849854,1
1818,321,0.0,0
749,1766,0.3733436167240143,1
1938,1680,0.0,0
434,1123,0.0,0
54,931,0.0,0
356,550,0.0,0
405,793,0.32394716143608093,1
621,938,0.31152236461639404,1
46,1296,0.0,0
1588,602,0.0,0
545,1263,0.10332269221544266,1
215,432,0.0,0
115,959,0.0,0
1486,1128,0.0,0
1199,526,0.0,0
1189,1459,0.0,0
398,258,0.0,0
571,1717,0.4042770266532898,1
1136,1773,0.22030183672904968,1
1111,420,0.0,0
144,611,0.0,0
1888,997,0.0,0
1174,663,0.0,0
1027,2020,0.15989182889461517,1
59,2025,0.14636769890785217,1
310,2037,0.3168479800224304,1
450,547,0.2036549299955368,1
179,1562,0.2556229829788208,1
405,1616,0.2967548668384552,1
837,981,0.018233370035886765,0
1611,1271,0.0,0
107,1530,0.21009188890457153,1
1302,2025,0.0,0
224,686,0.20371553301811218,1
1702,57,0.0,0
352,1628,0.3789358139038086,1
235,377,0.3633483648300171,1
870,1230,0.0,0
659,1132,0.25579962134361267,1
107,711,0.16233471035957336,1
1315,308,0.0,0
930,941,0.13046202063560486,1
1705,2008,0.19814759492874146,1
1840,1565,0.015356549993157387,0
479,757,0.6270738244056702,1
58,1616,0.20619092881679535,1
1008,1936,0.0,0
318,638,0.3300701975822449,1
910,1233,0.24095486104488373,1
1183,1605,0.017145127058029175,0
231,1780,0.49212801456451416,1
772,1671,0.22998370230197906,1
1423,284,0.0,0
148,267,0.0,0
800,262,0.015908973291516304,0
527,852,0.31558120250701904,1
238,548,0.016100414097309113,0
1464,1737,0.2968364953994751,1
236,730,0.2874297797679901,1
339,1457,0.5677556395530701,1
561,975,0.0,0
1839,253,0.0,0
1051,570,0.0,0
232,1828,0.3869951069355011,1
260,481,0.11539753526449203,1
1008,1596,0.0,0
99,859,0.20443414151668549,1
297,526,0.0,0
390,400,0.46905839443206787,1
1934,982,0.0,0
253,1445,0.19548270106315613,1
1144,1914,0.1592988669872284,1
620,855,0.0,0
1675,127,0.0,0
1868,565,0.0,0
763,1670,0.14771701395511627,1
1192,1517,0.017776450142264366,0
848,1862,0.01795106753706932,0
701,778,0.3364141881465912,1
164,569,0.01567240245640278,0
1046,1197,0.3962530493736267,1
361,1069,0.3925231993198395,1
465,1701,0.014662085101008415,0
876,1998,0.019078891724348068,0
1230,1294,0.0,0
286,608,0.0,0
1332,1535,0.15300655364990234,1
815,1389,0.016388829797506332,0
1478,1590,0.24716444313526154,1
930,1304,0.35616353154182434,1
413,1560,0.28381702303886414,1
144,1300,0.41410622000694275,1
1873,869,0.0,0
1283,1963,0.3611883819103241,1
413,1342,0.0,0
106,1813,0.0,0
317,1554,0.3166056275367737,1
890,1586,0.3437346816062927,1
310,1699,0.22547544538974762,1
659,1071,0.26121360063552856,1
942,920,0.0,0
22,1892,0.0,0
514,534,0.21132336556911469,1
912,411,0.0,0
31,218,0.13532167673110962,1
1290,214,0.0,0
1687,1914,0.0,0
1173,1244,0.13330389559268951,1
1184,1895,0.4075767695903778,1
1380,1804,0.3156610429286957,1
75,106,0.014786087907850742,0
1701,1881,0.016082823276519775,0
54,1335,0.0,0
1016,424,0.0,0
126,972,0.0,0
356,618,0.0,0
233,315,0.24562980234622955,1
358,1544,0.0,0
1684,950,0.0,0
686,2080,0.20280461013317108,1
1086,708,0.0,0
46,497,0.5260496139526367,1
250,1369,0.0,0
1725,1752,0.018022717908024788,0
232,1311,0.3609676957130432,1
540,268,0.0,0
1272,2018,0.34199151396751404,1
1240,433,0.0,0
1232,1858,0.0,0
1963,191,0.0,0
759,1262,0.0,0
456,559,0.0,0
127,432,0.10035520046949387,1
1294,1690,0.26377424597740173,1
318,1478,0.24450938403606415,1
1002,1780,0.240082249045372,1
127,308,0.2554543614387512,1
514,732,0.24826957285404205,1
1825,376,0.0,0
214,518,0.4063701033592224,1
598,647,0.0,0
47,1719,0.0,0
649,2016,0.0,0
163,175,0.5562945008277893,1
341,1754,0.0,0
1809,1307,0.0,0
1345,1554,0.11341118067502975,1
702,1034,0.28611332178115845,1
684,713,0.5062173008918762,1
25,1113,0.20380210876464844,1
162,1728,0.01572640798985958,0
390,1757,0.27512502670288086,1
604,1540,0.2208334505558014,1
1983,950,0.0,0
451,1171,0.20121608674526215,1
1635,372,0.01503747422248125,0
68,339,0.5566750168800354,1
244,900,0.017915869131684303,0
1215,205,0.0,0
366,593,0.0,0
185,353,0.0,0
120,1356,0.3145436644554138,1
263,106,0.0,0
351,1568,0.21215024590492249,1
823,94,0.019085826352238655,0
1401,1977,0.0,0
1224,2040,0.0,0
236,1917,0.21147087216377258,1
333,1221,0.0,0
1226,1423,0.19876697659492493,1
1791,1727,0.0,0
1259,1097,0.017352737486362457,0
598,632,0.31200602650642395,1
708,1165,0.0,0
632,1102,0.2730417251586914,1
572,1080,0.39937976002693176,1
1633,1978,0.0,0
878,623,0.0,0
129,503,0.37474364042282104,1
830,1072,0.3868705928325653,1
1364,24,0.0,0
1184,2021,0.327705442905426,1
589,560,0.0,0
231,390,0.5079362988471985,1
617,747,0.0,0
58,385,0.4339664578437805,1
179,1771,0.313363254070282,1
111,206,0.17791862785816193,1
214,421,0.43686383962631226,1
714,1593,0.0,0
884,1895,0.4532638490200043,1
753,835,0.3792409300804138,1
306,371,0.1976720690727234,1
802,438,0.0,0
512,2036,0.01830628514289856,0
620,2016,0.0,0
1112,2052,0.0,0
1322,907,0.014393583871424198,0
684,1053,0.434509813785553,1
399,400,0.4948754608631134,1
1281,695,0.013850671239197254,0
1213,1777,0.5800752639770508,1
1816,234,0.017560748383402824,0
921,1990,0.10383094847202301,1
1166,1013,0.0,0
48,1648,0.3300510346889496,1
303,1258,0.13144290447235107,1
145,223,0.3742739260196686,1
307,16,0.0,0
2079,694,0.0,0
327,1659,0.2314324527978897,1
330,419,0.17383252084255219,1
579,686,0.0,0
2042,354,0.016401920467615128,0
642,887,0.01685488224029541,0
145,1917,0.15519849956035614,1
700,1567,0.10832898318767548,1
913,987,0.018232574686408043,0
208,949,0.0,0
473,660,0.0,0
688,1120,0.17247791588306427,1
671,562,0.0,0
400,590,0.3789653480052948,1
706,1296,0.21617627143859863,1
1365,1803,0.1425449550151825,1
1088,1160,0.3278946280479431,1
54,1842,0.0,0
1160,1811,0.0,0
1737,1022,0.0,0
240,527,0.24722589552402496,1
1172,367,0.015087769366800785,0
673,1644,0.019354350864887238,0
306,1173,0.13190437853336334,1
1752,314,0.0,0
1171,406,0.01664075069129467,0
593,1478,0.2353566288948059,1
313,519,0.19122490286827087,1
361,638,0.5330827236175537,1
438,719,0.0,0
450,1381,0.0,0
1107,1734,0.21115221083164215,1
1999,1367,0.019872307777404785,0
1151,1821,0.0,0
17,1917,0.17440493404865265,1
1592,20,0.0,0
795,1124,0.3891049325466156,1
393,1503,0.13264282047748566,1
749,1046,0.4905032217502594,1
248,2068,0.11651486903429031,1
278,1085,0.0,0
451,1898,0.3080955147743225,1
1787,2087,0.0,0
362,870,0.47320181131362915,1
46,1413,0.6001752614974976,1
1483,579,0.0,0
1804,810,0.012501241639256477,0
571,1445,0.29965534806251526,1
114,835,0.44608962535858154,1
1398,88,0.0,0
32,1486,0.39030900597572327,1
778,1136,0.2966652810573578,1
96,1695,0.0,0
79,723,0.34126731753349304,1
1372,1947,0.1935267150402069,1
400,1253,0.44353047013282776,1
930,946,0.10401660203933716,1
759,1478,0.11994007974863052,1
1731,227,0.0,0
1803,1527,0.0,0
966,1184,0.4009464979171753,1
132,690,0.5295448303222656,1
1171,662,0.0,0
370,1311,0.017954234033823013,0
1869,2058,0.20187298953533173,1
289,646,0.14057770371437073,1
1136,1690,0.46155279874801636,1
536,1113,0.16699393093585968,1
1283,1666,0.48357367515563965,1
451,1278,0.3977530300617218,1
1069,1008,0.0,0
996,2081,0.0,0
609,1503,0.14925380051136017,1
143,754,0.10709198564291,1
1440,291,0.013577098026871681,0
499,1173,0.1046278327703476,1
569,717,0.4344741404056549,1
322,2065,0.25299158692359924,1
853,1807,0.0,0
877,1531,0.19930914044380188,1
1222,219,0.016817517578601837,0
1247,1648,0.375834584236145,1
1761,1896,0.0,0
187,942,0.0,0
129,527,0.3836718499660492,1
768,1369,0.303779661655426,1
329,1590,0.3976263701915741,1
146,1135,0.39796388149261475,1
183,211,0.17093457281589508,1
183,520,0.1340845674276352,1
1652,1684,0.4013602137565613,1
1295,1390,0.33401384949684143,1
486,723,0.5646830201148987,1
1559,1568,0.18049395084381104,1
534,1503,0.198638454079628,1
1120,710,0.015340502373874187,0
800,986,0.12921829521656036,1
860,1740,0.019904837012290955,0
870,60,0.0,0
1299,2096,0.017046673223376274,0
1153,1386,0.0,0
78,1740,0.12120268493890762,1
280,1813,0.23243050277233124,1
1508,1815,0.19514647126197815,1
15,1879,0.10850474238395691,1
444,609,0.0,0
1325,1588,0.0,0
838,1287,0.0,0
275,1427,0.3375520706176758,1
87,156,0.015837635844945908,0
1516,1340,0.0,0
503,795,0.4040868878364563,1
1102,1186,0.2726480960845947,1
343,998,0.014928462915122509,0
1754,761,0.0,0
852,1765,0.24503153562545776,1
415,481,0.41998806595802307,1
618,1622,0.0,0
1033,2024,0.0,0
350,1944,0.0,0
1926,1664,0.0,0
83,1938,0.016526920720934868,0
413,985,0.42380213737487793,1
532,964,0.2632443606853485,1
714,1125,0.10732252895832062,1
709,1795,0.0,0
319,274,0.0,0
1014,1033,0.23668301105499268,1
1371,1395,0.0,0
1144,77,0.0,0
890,1396,0.3427170515060425,1
713,1184,0.387017160654068,1
1696,142,0.014157130382955074,0
1640,1964,0.0,0
1933,1984,0.0,0
297,151,0.0,0
1688,1832,0.22690246999263763,1
899,1323,0.1714635044336319,1
335,1861,0.0,0
877,1586,0.26145270466804504,1
609,778,0.2746412456035614,1
1339,1483,0.12716218829154968,1
2095,1782,0.0,0
124,1225,0.27174118161201477,1
1036,1891,0.0,0
742,860,0.0,0
930,1452,0.22471868991851807,1
1540,1289,0.0,0
1568,1659,0.22387078404426575,1
502,1976,0.0,0
104,1891,0.0,0
1294,1346,0.1353125125169754,1
350,1760,0.01766824908554554,0
851,1034,0.179342582821846,1
202,502,0.0,0
1515,1593,0.11149100214242935,1
1284,200,0.017930226400494576,0
1335,77,0.0,0
1312,159,0.0,0
1501,1671,0.0,0
1279,1893,0.0,0
1852,441,0.0,0
1731,2075,0.0,0
355,816,0.2296903282403946,1
291,1369,0.43457067012786865,1
332,1973,0.32189053297042847,1
334,1831,0.2611778676509857,1
854,1796,0.0,0
589,1851,0.486110657453537,1
15,208,0.0,0
258,1356,0.5729935169219971,1
1568,1811,0.2928158938884735,1
873,818,0.01606306992471218,0
688,1773,0.16073623299598694,1
911,2000,0.2506217062473297,1
244,1834,0.008675685152411461,0
451,1020,0.3769683539867401,1
8,124,0.0,0
2055,507,0.0,0
852,1600,0.37947434186935425,1
646,1023,0.34747573733329773,1
1459,963,0.0,0
1432,7,0.0,0
529,1497,0.15170983970165253,1
674,1648,0.223203644156456,1
617,517,0.0,0
36,525,0.49275779724121094,1
455,1407,0.019253354519605637,0
527,1856,0.19542957842350006,1
569,1965,0.340815007686615,1
1133,1179,0.10668150335550308,1
1011,1476,0.17386838793754578,1
1499,109,0.0,0
810,520,0.0,0
1765,1893,0.0,0
399,1887,0.0,0
1469,1150,0.014959240332245827,0
596,1165,0.12291574478149414,1
641,673,0.01954440213739872,0
1188,666,0.0184358898550272,0
314,1235,0.0,0
1893,760,0.0,0
136,229,0.27692899107933044,1
1858,1626,0.01707860454916954,0
531,2054,0.5548522472381592,1
1145,1880,0.31677350401878357,1
1572,1666,0.5226961374282837,1
310,646,0.404145747423172,1
266,453,0.22583644092082977,1
906,658,0.0,0
513,410,0.0,0
339,1106,0.46723854541778564,1
125,730,0.19955629110336304,1
76,1007,0.0,0
310,2004,0.11136286705732346,1
1657,296,0.0,0
1806,1885,0.1157083809375763,1
1187,2068,0.0,0
553,1594,0.0,0
478,43,0.01961056888103485,0
767,1255,0.10630061477422714,1
636,1135,0.3302939236164093,1
1383,1037,0.0149457436054945,0
823,1381,0.0,0
87,2046,0.0,0
1438,1952,0.2975226640701294,1
572,1226,0.2952268123626709,1
691,1722,0.2291126400232315,1
1288,1444,0.0,0
1556,112,0.0,0
862,1300,0.3040962815284729,1
1898,2080,0.0,0
1832,1408,0.0,0
308,728,0.0,0
804,1017,0.32099980115890503,1
1022,582,0.0,0
499,1496,0.18501615524291992,1
1851,946,0.0,0
1680,203,0.0,0
431,1804,0.3028523027896881,1
173,1284,0.01633257418870926,0
2094,84,0.0,0
1350,1805,0.11204072833061218,1
540,1782,0.0,0
593,1959,0.31303536891937256,1
360,1672,0.0,0
155,211,0.0,0
337,1034,0.0,0
458,1368,0.29685214161872864,1
851,1455,0.5063830614089966,1
291,399,0.26621440052986145,1
468,1527,0.0,0
139,76,0.0,0
12,1145,0.13846828043460846,1
374,1202,0.15807242691516876,1
638,1069,0.3285905122756958,1
1013,1337,0.0,0
1854,1022,0.0,0
142,1883,0.16785070300102234,1
960,1557,0.0,0
7,1554,0.0,0
540,761,0.21905852854251862,1
1161,869,0.0,0
572,1004,0.011750255711376667,0
270,1909,0.0,0
2090,1154,0.0,0
404,1473,0.0,0
517,603,0.018332887440919876,0
258,1466,0.4472912847995758,1
8,1746,0.0,0
2066,229,0.013275685720145702,0
685,266,0.0,0
589,1365,0.34410881996154785,1
2067,693,0.0,0
930,1161,0.11062376946210861,1
928,2006,0.3297426700592041,1
407,1930,0.0,0
318,757,0.333896279335022,1
1238,1069,0.0,0
1435,1293,0.016786303371191025,0
419,723,0.293297678232193,1
1973,2087,0.4374711513519287,1
264,428,0.22632838785648346,1
1281,1488,0.12408603727817535,1
502,382,0.0,0
1046,1300,0.43838629126548767,1
1196,371,0.012945719994604588,0
553,809,0.2511069178581238,1
216,1163,0.14755070209503174,1
981,310,0.0,0
230,2017,0.0,0
128,1866,0.10701119154691696,1
49,1983,0.19421358406543732,1
288,52,0.017270527780056,0
913,1944,0.0,0
2023,44,0.0,0
642,1709,0.11036776006221771,1
419,1568,0.1894766390323639,1
288,951,0.0,0
1443,707,0.0,0
900,106,0.0,0
646,1476,0.4437516927719116,1
337,1879,0.0,0
172,1205,0.0,0
470,495,0.3841337263584137,1
749,1150,0.13890857994556427,1
291,578,0.27492037415504456,1
355,1628,0.2915307879447937,1
1331,1847,0.0,0
1146,889,0.0,0
62,1514,0.18586516380310059,1
57,2020,0.2501615881919861,1
328,1389,0.2596115469932556,1
830,987,0.2077442705631256,1
1910,2080,0.01946323551237583,0
363,1883,0.0,0
240,248,0.4139276444911957,1
1497,1016,0.0,0
242,655,0.11709130555391312,1
144,260,0.22635164856910706,1
706,1600,0.012028878554701805,0
1515,1783,0.0,0
1078,552,0.0,0
225,395,0.18071149289608002,1
577,1728,0.3751741945743561,1
327,1233,0.20649191737174988,1
400,702,0.3656441867351532,1
534,1255,0.25899046659469604,1
1754,675,0.0,0
1500,1205,0.0,0
183,82,0.019722172990441322,0
30,1514,0.0,0
225,152,0.0182851180434227,0
1300,1301,0.6123976111412048,1
727,49,0.0,0
1156,403,0.0,0
2071,893,0.0,0
426,782,0.17758113145828247,1
1027,1478,0.20701104402542114,1
1021,22,0.0,0
278,795,0.4451659321784973,1
904,1271,0.0,0
538,910,0.3545898199081421,1
214,499,0.15144962072372437,1
1294,1568,0.19989298284053802,1
646,300,0.0,0
688,1478,0.17301423847675323,1
451,1145,0.5237464904785156,1
1623,353,0.0,0
383,1304,0.10981686413288116,1
1503,1653,0.13998903334140778,1
1079,269,0.0,0
1600,1715,0.2669999599456787,1
2071,1061,0.0,0
1189,1560,0.3105522394180298,1
1506,823,0.01867380179464817,0
150,985,0.3838846981525421,1
214,990,0.01956326700747013,0
61,1563,0.014397472143173218,0
514,684,0.44448649883270264,1
237,979,0.01611902564764023,0
1027,269,0.0,0
930,180,0.018121112138032913,0
210,1164,0.14027851819992065,1
709,156,0.0,0
192,1501,0.22223074734210968,1
1369,1410,0.34069207310676575,1
109,459,0.2532930374145508,1
98,593,0.20739135146141052,1
596,1210,0.27830639481544495,1
795,1304,0.29336273670196533,1
142,183,0.2287200540304184,1
620,395,0.0,0
1155,510,0.0,0
203,949,0.2154918909072876,1
327,1053,0.38600707054138184,1
781,1453,0.5524164438247681,1
322,1880,0.17108485102653503,1
202,1625,0.0,0
565,716,0.0,0
813,751,0.0,0
1600,123,0.0,0
887,2015,0.19540725648403168,1
2072,523,0.01706770621240139,0
83,374,0.0,0
1042,1500,0.0,0
667,1606,0.5169299840927124,1
797,1533,0.2334742695093155,1
101,1088,0.2873101830482483,1
363,110,0.0,0
563,709,0.01631106249988079,0
1869,607,0.0,0
1877,227,0.0,0
1063,1449,0.0,0
1283,1635,0.01719236560165882,0
45,1253,0.3997463881969452,1
520,1653,0.17140643298625946,1
179,1780,0.375152051448822,1
1289,570,0.0,0
1868,45,0.0,0
1532,1906,0.19106844067573547,1
1107,1312,0.34476327896118164,1
1701,1164,0.0,0
1098,912,0.0,0
547,1488,0.11581505835056305,1
126,1035,0.0,0
223,1106,0.2921338379383087,1
1028,1926,0.0,0
531,1145,0.5795571804046631,1
1245,115,0.0,0
691,1304,0.26006361842155457,1
493,1595,0.23881231248378754,1
390,1039,0.21445466578006744,1
397,560,0.137553870677948,1
1928,1575,0.019323885440826416,0
451,1695,0.017933806404471397,0
1590,313,0.0,0
352,390,0.381829172372818,1
421,1471,0.38556548953056335,1
1794,1511,0.0,0
620,234,0.0,0
1980,333,0.015074965544044971,0
1404,689,0.0,0
477,1023,0.47071272134780884,1
496,727,0.0,0
1253,1318,0.4117110073566437,1
26,1537,0.0,0
1801,53,0.0,0
414,1451,0.38384419679641724,1
672,1356,0.0,0
513,1699,0.015101158991456032,0
747,1167,0.0,0
2010,1327,0.0,0
1224,793,0.0,0
352,875,0.3654162883758545,1
741,1601,0.0,0
1976,1457,0.0,0
166,1157,0.0,0
47,248,0.33003485202789307,1
708,290,0.0,0
16,727,0.0,0
1600,2087,0.40405380725860596,1
400,1628,0.49154990911483765,1
63,753,0.13940058648586273,1
612,1690,0.4570083022117615,1
2058,203,0.0,0
1234,1990,0.0,0
578,982,0.0,0
778,1002,0.24833016097545624,1
1563,475,0.0,0
2087,950,0.0,0
555,1444,0.01823212020099163,0
1318,1742,0.3699904680252075,1
1956,427,0.0,0
449,664,0.0,0
778,1173,0.0,0
2033,180,0.0,0
984,1106,0.3420303463935852,1
46,253,0.3689880967140198,1
447,455,0.016866696998476982,0
206,855,0.21042637526988983,1
1406,162,0.0,0
1149,2051,0.10566489398479462,1
179,1307,0.2101956307888031,1
1751,117,0.0,0
1091,1151,0.14820875227451324,1
447,1848,0.01778152585029602,0
405,804,0.2423723340034485,1
1488,659,0.0,0
817,1155,0.0,0
1300,1856,0.32423871755599976,1
762,1163,0.463407963514328,1
1516,838,0.0,0
453,2025,0.171720489859581,1
907,1554,0.4584639370441437,1
48,1979,0.3292557895183563,1
428,837,0.0,0
298,629,0.1308615654706955,1
1083,411,0.0,0
2056,20,0.0,0
318,1895,0.32179930806159973,1
310,385,0.22135008871555328,1
74,1147,0.0,0
274,1787,0.0,0
550,1275,0.0,0
503,2021,0.38316261768341064,1
267,646,0.36267662048339844,1
573,868,0.01677686721086502,0
701,1938,0.0,0
310,1813,0.3590738773345947,1
1179,1973,0.2154931277036667,1
1747,1431,0.0,0
1102,1973,0.1742747724056244,1
385,2061,0.2495705634355545,1
446,158,0.0,0
424,410,0.0,0
404,986,0.1633627712726593,1
1770,1951,0.01629413105547428,0
327,911,0.2757992446422577,1
723,1471,0.4212416410446167,1
1310,769,0.0,0
310,1034,0.28518229722976685,1
1453,2020,0.16957826912403107,1
2043,87,0.0,0
1290,1982,0.0,0
212,1858,0.14119699597358704,1
1896,709,0.0,0
1563,292,0.0,0
804,884,0.2915632426738739,1
1893,1903,0.0,0
1689,37,0.0,0
651,1033,0.23929619789123535,1
1367,935,0.0,0
606,871,0.1770222932100296,1
107,671,0.0,0
2093,502,0.0,0
1979,1785,0.0,0
216,1616,0.016847984865307808,0
11,1766,0.245214581489563,1
800,1557,0.0,0
266,1905,0.1756715476512909,1
40,539,0.0,0
1981,1800,0.015824245288968086,0
327,1726,0.3650212287902832,1
210,1835,0.2965131103992462,1
409,481,0.20776094496250153,1
797,1369,0.24247199296951294,1
742,1425,0.21235178411006927,1
716,609,0.01762174628674984,0
129,911,0.28332823514938354,1
355,795,0.2874816954135895,1
437,680,0.23554524779319763,1
82,462,0.018633531406521797,0
339,473,0.24459117650985718,1
761,1038,0.2055700719356537,1
1579,1432,0.0,0
298,1150,0.0,0
1106,88,0.0,0
1521,1926,0.0,0
193,1133,0.1470315158367157,1
1360,949,0.0,0
479,592,0.1526203453540802,1
329,1973,0.41419970989227295,1
636,1308,0.4196023643016815,1
1492,396,0.0,0
1679,990,0.0,0
134,1198,0.32640472054481506,1
1276,890,0.016108954325318336,0
162,413,0.10970018804073334,1
119,1488,0.1735958755016327,1
350,1213,0.0,0
125,794,0.25596046447753906,1
501,1253,0.380897581577301,1
891,722,0.0,0
462,394,0.0,0
802,545,0.0,0
11,1547,0.0,0
529,1473,0.0,0
15,1805,0.14811177551746368,1
1533,1593,0.20119038224220276,1
1124,1445,0.2544919550418854,1
136,1379,0.40044987201690674,1
46,732,0.2950056791305542,1
345,1862,0.1672029048204422,1
2000,2059,0.15924227237701416,1
198,559,0.0,0
338,778,0.11548025906085968,1
514,659,0.26085904240608215,1
35,594,0.0,0
687,1159,0.0,0
9,1905,0.0,0
47,390,0.37777405977249146,1
1865,1709,0.0,0
1033,1190,0.0,0
116,919,0.0,0
241,1628,0.0,0
1027,1311,0.33397939801216125,1
876,1143,0.0,0
256,473,0.16936923563480377,1
460,1977,0.2672729790210724,1
1071,2059,0.49935898184776306,1
959,750,0.01855175569653511,0
148,1888,0.01689843088388443,0
1581,1841,0.0,0
65,1977,0.0,0
860,499,0.0,0
1702,1889,0.8328360319137573,1
749,1567,0.1602535843849182,1
912,689,0.0,0
1801,633,0.0,0
1503,1600,0.12082444131374359,1
1794,685,0.015316387638449669,0
1648,1979,0.3761058747768402,1
45,240,0.275181382894516,1
256,2068,0.10923539102077484,1
58,179,0.3238752782344818,1
472,1072,0.2749641239643097,1
187,1120,0.0,0
133,414,0.4892168939113617,1
1022,1543,0.0,0
1058,1754,0.0,0
1294,1803,0.10680904984474182,1
752,1479,0.15615500509738922,1
504,1982,0.018867580220103264,0
315,1785,0.2753707766532898,1
425,995,0.6166176199913025,1
302,1528,0.3665521740913391,1
258,514,0.4259563088417053,1
1256,1121,0.0,0
127,363,0.12668529152870178,1
851,1226,0.27258503437042236,1
1184,1745,0.0,0
1488,1255,0.0,0
1155,1865,0.016162892803549767,0
742,1605,0.20050163567066193,1
1425,391,0.0,0
531,1616,0.2887650728225708,1
232,327,0.32665544748306274,1
1445,1973,0.2705163061618805,1
1274,230,0.017493057996034622,0
84,1659,0.0,0
146,158,0.1975836157798767,1
503,1253,0.47472724318504333,1
130,97,0.0,0
1389,1656,0.3422849476337433,1
340,587,0.0,0
1742,1551,0.01722905784845352,0
771,319,0.0,0
1593,1531,0.0,0
1919,789,0.0,0
1688,1573,0.015332203358411789,0
380,1394,0.24898527562618256,1
965,1023,0.5273518562316895,1
264,1505,0.18218731880187988,1
312,726,0.2106528878211975,1
1669,1170,0.01678212359547615,0
514,1453,0.41314610838890076,1
1565,707,0.0,0
1291,1635,0.019672542810440063,0
390,621,0.2386820763349533,1
1721,1236,0.0,0
765,1381,0.17357893288135529,1
1295,1875,0.18570752441883087,1
758,904,0.16639642417430878,1
205,386,0.0,0
1862,1291,0.0,0
910,1052,0.0,0
283,91,0.0,0
102,183,0.015523415990173817,0
1549,1202,0.018736597150564194,0
709,835,0.3592355251312256,1
1124,395,0.0,0
576,21,0.0,0
586,607,0.24143141508102417,1
212,832,0.1576409786939621,1
227,527,0.37893351912498474,1
47,86,0.0,0
646,18,0.0,0
136,498,0.49375253915786743,1
1955,434,0.018902650102972984,0
1568,1690,0.23516908288002014,1
355,1478,0.21023039519786835,1
1933,47,0.0,0
1336,869,0.015390804037451744,0
1371,174,0.0,0
1755,100,0.017576981335878372,0
302,590,0.24647723138332367,1
120,836,0.1841687709093094,1
258,400,0.5242569446563721,1
322,847,0.21758416295051575,1
449,1776,0.0,0
46,1447,0.4596002995967865,1
144,723,0.49670830368995667,1
500,258,0.0,0
628,663,0.0,0
130,1072,0.3548029363155365,1
292,342,0.11165721714496613,1
397,843,0.0,0
1919,426,0.0,0
327,1023,0.30780377984046936,1
1335,1528,0.0,0
917,510,0.0,0
753,747,0.0,0
938,895,0.0,0
1258,1440,0.0,0
371,1365,0.0,0
258,847,0.14465181529521942,1
1210,1929,0.17818306386470795,1
1862,1666,0.0,0
1659,649,0.0,0
1020,1196,0.1703125685453415,1
1005,1558,0.0,0
404,575,0.0,0
1009,444,0.0,0
713,1632,0.23109403252601624,1
592,1210,0.14247360825538635,1
1977,242,0.0,0
433,1920,0.0,0
1094,2041,0.10380921512842178,1
2,1210,0.16274891793727875,1
75,1742,0.42438244819641113,1
861,343,0.0,0
749,1503,0.17420262098312378,1
128,1951,0.0,0
240,64,0.0,0
1464,312,0.0,0
280,612,0.19640593230724335,1
1476,1780,0.3738512396812439,1
17,593,0.29696333408355713,1
501,1058,0.26340973377227783,1
195,298,0.1724279224872589,1
572,804,0.276336133480072,1
572,1560,0.33509361743927,1
396,859,0.15053658187389374,1
1155,1635,0.0,0
1554,1301,0.01795492321252823,0
1445,1625,0.01605977676808834,0
1405,731,0.0,0
1380,2042,0.20921733975410461,1
831,1103,0.10831725597381592,1
1271,770,0.0,0
207,414,0.11444759368896484,1
447,1790,0.0,0
475,1006,0.11991405487060547,1
1793,1696,0.0,0
1981,699,0.0,0
1382,1779,0.0,0
1033,1072,0.36908984184265137,1
792,1935,0.2925305664539337,1
1642,2097,0.11431024223566055,1
609,1174,0.0,0
1214,1830,0.10324043035507202,1
929,192,0.0,0
569,1564,0.46023112535476685,1
339,1283,0.3998597264289856,1
514,1446,0.2817773222923279,1
717,1606,0.5439509153366089,1
218,762,0.23273253440856934,1
809,366,0.0,0
637,1337,0.0,0
1299,2053,0.23928804695606232,1
1485,586,0.0,0
187,1423,0.0,0
211,850,0.10495104640722275,1
1042,1723,0.0,0
701,1632,0.36774390935897827,1
930,1072,0.32008716464042664,1
125,471,0.17274785041809082,1
1650,1098,0.0,0
1711,957,0.0,0
455,1802,0.0,0
593,757,0.30926772952079773,1
57,946,0.2821545898914337,1
120,745,0.0,0
226,1503,0.16902805864810944,1
162,390,0.2235434204339981,1
1315,1249,0.0,0
545,604,0.14399607479572296,1
2048,525,0.0,0
831,1378,0.0,0
2058,871,0.0,0
416,667,0.0,0
356,1210,0.0,0
1002,1034,0.1084514781832695,1
735,55,0.01875329203903675,0
1333,1207,0.01413000002503395,0
995,1959,0.42141979932785034,1
1052,72,0.0,0
1762,2020,0.18156905472278595,1
1578,631,0.0,0
452,407,0.0,0
905,1869,0.12224428355693817,1
1874,409,0.0,0
649,292,0.014873728156089783,0
470,2087,0.4558023512363434,1
493,1140,0.0,0
1207,697,0.0,0
162,664,0.0,0
259,549,0.0,0
355,1198,0.30881568789482117,1
1185,1425,0.3047315776348114,1
555,1811,0.2563144862651825,1
268,881,0.0,0
662,1369,0.18431797623634338,1
2056,156,0.012037194333970547,0
1919,586,0.0,0
1132,161,0.0,0
30,1130,0.13092869520187378,1
2061,2088,0.2057824283838272,1
993,1751,0.3410297930240631,1
1375,499,0.01724051497876644,0
417,1726,0.4945214092731476,1
1190,8,0.0,0
254,1809,0.10200021415948868,1
707,15,0.0,0
1305,1616,0.29263755679130554,1
227,1034,0.26387637853622437,1
593,1272,0.27867984771728516,1
701,1247,0.4417170286178589,1
531,1628,0.545871376991272,1
268,2077,0.2762708365917206,1
229,1027,0.13628727197647095,1
78,1614,0.0,0
421,722,0.5813619494438171,1
414,421,0.5135475993156433,1
13,1659,0.32001957297325134,1
130,1964,0.0,0
58,884,0.28461530804634094,1
617,1811,0.2856696844100952,1
180,419,0.0,0
1993,361,0.014938919804990292,0
274,1804,0.01871049776673317,0
371,474,0.10340975224971771,1
9,756,0.0,0
514,1106,0.2523321509361267,1
207,102,0.0,0
855,1872,0.0,0
85,1816,0.0,0
938,148,0.0,0
157,711,0.29723843932151794,1
569,2087,0.43703779578208923,1
555,1174,0.0,0
70,1963,0.0,0
1272,1788,0.5486965179443359,1
399,2021,0.5016607642173767,1
111,753,0.0,0
419,1471,0.1886221021413803,1
227,231,0.39889854192733765,1
787,1108,0.0,0
636,815,0.2896783947944641,1
113,1654,0.0,0
46,121,0.4779007136821747,1
258,437,0.2804465889930725,1
746,2018,0.0,0
1161,1568,0.1012844517827034,1
70,873,0.0,0
938,1632,0.1065506786108017,1
709,1488,0.12573562562465668,1
2025,1618,0.017824945971369743,0
258,1300,0.3811495006084442,1
1322,1971,0.0,0
481,621,0.20480427145957947,1
58,1023,0.35605093836784363,1
691,1471,0.26071420311927795,1
63,1719,0.0,0
66,359,0.33207055926322937,1
1305,1474,0.0,0
927,757,0.0,0
142,869,0.0,0
675,1474,0.0,0
1557,1540,0.0,0
768,1410,0.36562639474868774,1
297,1018,0.018705932423472404,0
1331,271,0.0,0
195,339,0.0,0
230,44,0.018086710944771767,0
1867,950,0.0,0
271,905,0.325382262468338,1
208,1740,0.0,0
839,1107,0.3868550658226013,1
298,1170,0.1226440817117691,1
1197,2027,0.12970398366451263,1
306,1163,0.4117856025695801,1
256,1659,0.2625780701637268,1
2092,1743,0.0,0
781,2059,0.44385963678359985,1
387,814,0.01916244626045227,0
664,545,0.0,0
352,1463,0.0,0
261,504,0.10471248626708984,1
1186,991,0.0,0
29,1625,0.0,0
1131,2001,0.0,0
288,1677,0.0,0
621,1027,0.1748475283384323,1
2047,1993,0.017652874812483788,0
984,1875,0.016844628378748894,0
882,1710,0.0,0
1762,1507,0.0,0
481,809,0.24886468052864075,1
1573,882,0.014601491391658783,0
129,1184,0.29916679859161377,1
1803,1800,0.0,0
62,1728,0.425101637840271,1
875,1635,0.014825594611465931,0
121,1145,0.40206634998321533,1
500,1340,0.0,0
1613,1149,0.0,0
1181,248,0.0,0
470,1305,0.4740026593208313,1
721,225,0.0,0
1025,1425,0.018203839659690857,0
713,1102,0.18699803948402405,1
1023,1773,0.2742704153060913,1
1410,1085,0.0,0
105,649,0.0,0
1164,1986,0.0,0
572,1102,0.3241456151008606,1
1116,818,0.0,0
255,547,0.0,0
779,831,0.19525784254074097,1
1193,174,0.0,0
1742,1813,0.5055577754974365,1
8,1178,0.17264920473098755,1
370,1355,0.0,0
211,859,0.19527733325958252,1
232,852,0.3370651304721832,1
1399,2001,0.0,0
340,1455,0.27747097611427307,1
2020,2070,0.1721441149711609,1
129,1895,0.2964794933795929,1
915,385,0.0,0
569,815,0.3474782705307007,1
795,984,0.3925132155418396,1
996,1580,0.0,0
236,353,0.34025251865386963,1
334,391,0.01689068041741848,0
2035,1934,0.0,0
884,1445,0.2359606772661209,1
920,568,0.0,0
646,1145,0.5625928044319153,1
758,1618,0.0,0
752,352,0.018505625426769257,0
1827,2056,0.0,0
446,1595,0.33959338068962097,1
968,1032,0.0,0
196,1630,0.0,0
508,95,0.0,0
1253,1811,0.39864498376846313,1
1847,555,0.0,0
1864,83,0.0,0
271,1471,0.36675435304641724,1
236,2020,0.23435601592063904,1
82,1305,0.0,0
1664,1192,0.0,0
87,73,0.0,0
1378,967,0.0,0
91,1150,0.0,0
758,1369,0.1330038458108902,1
1347,1068,0.0,0
1001,1056,0.21773819625377655,1
1281,865,0.0,0
612,1145,0.14852170646190643,1
78,2006,0.1392887979745865,1
851,852,0.4840773046016693,1
1719,1224,0.0,0
12,797,0.18863174319267273,1
1762,1733,0.0,0
553,1182,0.0,0
1509,582,0.0,0
398,1255,0.10846467316150665,1
181,1108,0.0,0
179,494,0.2636958658695221,1
228,486,0.0,0
353,1503,0.21752578020095825,1
1205,86,0.0,0
183,761,0.14526881277561188,1
1699,20,0.0,0
1258,146,0.0,0
341,1988,0.0,0
1730,163,0.0,0
1072,1478,0.2709730267524719,1
799,1293,0.0,0
939,238,0.0,0
1418,1205,0.0,0
1033,1869,0.12790028750896454,1
1001,2031,0.15609021484851837,1
1581,1804,0.17594432830810547,1
400,1298,0.37970253825187683,1
1145,1525,0.5183057188987732,1
385,1773,0.17235244810581207,1
419,397,0.0,0
480,2083,0.12380657345056534,1
325,1675,0.0,0
1764,910,0.0,0
1057,2071,0.3291640281677246,1
49,1002,0.14338843524456024,1
1528,303,0.0,0
1807,1173,0.0092025650665164,0
256,315,0.1295909881591797,1
498,1555,0.5003212094306946,1
1488,74,0.0,0
975,1773,0.21431544423103333,1
1642,2033,0.0,0
1532,485,0.0,0
1071,1773,0.3639415502548218,1
1834,1172,0.0,0
232,1917,0.29757463932037354,1
428,1900,0.24742715060710907,1
170,1693,0.0,0
2065,298,0.0,0
733,1329,0.01782188005745411,0
1607,1803,0.14058524370193481,1
733,1090,0.0,0
146,1898,0.31512483954429626,1
481,749,0.3287588953971863,1
217,1726,0.0,0
836,1247,0.2604716122150421,1
1565,1044,0.017198648303747177,0
1135,1757,0.2619703710079193,1
480,466,0.0,0
1161,818,0.01715913414955139,0
877,1488,0.1495160460472107,1
130,830,0.2590584456920624,1
977,1371,0.0,0
542,911,0.22690819203853607,1
558,1864,0.0,0
1666,2099,0.0,0
1547,1544,0.01723470538854599,0
996,939,0.0,0
1264,980,0.0,0
292,319,0.0,0
271,1447,0.33474814891815186,1
130,563,0.0,0
1387,1919,0.0,0
1811,1895,0.38486209511756897,1
1839,1887,0.0,0
325,1298,0.0,0
212,377,0.2745751440525055,1
100,1766,0.014985376037657261,0
31,474,0.11541333049535751,1
721,1557,0.0,0
353,1189,0.4207622706890106,1
846,310,0.0,0
906,1826,0.15234510600566864,1
888,96,0.0,0
405,1838,0.19192026555538177,1
449,350,0.0,0
1217,716,0.0,0
1607,441,0.0,0
670,1574,0.1393761783838272,1
829,1834,0.0,0
231,538,0.48048049211502075,1
145,609,0.19022969901561737,1
145,1423,0.3236915171146393,1
549,1627,0.2515915632247925,1
1223,333,0.0,0
446,767,0.21149662137031555,1
534,1163,0.18583190441131592,1
1102,1332,0.12612690031528473,1
191,704,0.0,0
1097,2031,0.20103758573532104,1
1904,1128,0.0,0
618,1335,0.0,0
315,691,0.2260071039199829,1
601,11,0.0,0
999,1879,0.17548415064811707,1
1036,1033,0.018106741830706596,0
1710,330,0.0,0
550,270,0.0,0
417,2061,0.2460010051727295,1
1499,42,0.0,0
128,1887,0.0,0
628,425,0.0,0
1764,1126,0.0,0
603,1348,0.014796802774071693,0
49,1071,0.1813105046749115,1
133,966,0.4471682012081146,1
1072,2068,0.11509385704994202,1
46,702,0.4934355318546295,1
1121,1933,0.0,0
436,134,0.014785564504563808,0
1226,1151,0.0,0
409,105,0.0,0
1369,1476,0.4463742971420288,1
486,1308,0.5704188942909241,1
593,1023,0.22970418632030487,1
1893,1179,0.0,0
1189,1300,0.35852962732315063,1
1309,1660,0.19816012680530548,1
949,2007,0.0,0
1193,1226,0.0,0
1930,701,0.0,0
339,1462,0.3934173285961151,1
1068,1258,0.15629413723945618,1
79,421,0.37833261489868164,1
264,1202,0.16238902509212494,1
674,884,0.23721887171268463,1
2090,1541,0.0,0
342,1770,0.015207365155220032,0
132,1821,0.5234383344650269,1
57,226,0.27616074681282043,1
602,1120,0.0,0
48,730,0.2803538143634796,1
972,1174,0.0,0
256,204,0.0,0
1453,1973,0.2484348714351654,1
1903,39,0.0,0
333,851,0.40551432967185974,1
931,1266,0.0,0
118,66,0.0,0
698,2037,0.1768427938222885,1
340,545,0.10049757361412048,1
250,875,0.0,0
690,976,0.016866551712155342,0
1332,1898,0.3420909345149994,1
1488,721,0.0,0
481,1917,0.19156263768672943,1
416,1438,0.0,0
958,100,0.0,0
802,181,0.0,0
632,1414,0.019320018589496613,0
752,28,0.0,0
453,1049,0.3086075186729431,1
1759,1350,0.0,0
632,1600,0.5117357969284058,1
263,1956,0.18129543960094452,1
59,979,0.14585503935813904,1
1543,1648,0.0,0
633,1190,0.0,0
641,751,0.17408299446105957,1
421,969,0.2323484718799591,1
1545,291,0.0,0
1973,2018,0.28687959909439087,1
865,890,0.3949663043022156,1
1003,1177,0.0,0
58,680,0.342870831489563,1
1240,1915,0.0,0
1861,1104,0.0,0
728,1701,0.019252168014645576,0
1047,1122,0.0,0
608,692,0.12816618382930756,1
613,1528,0.0,0
721,1035,0.014440246857702732,0
136,286,0.5549702048301697,1
804,1973,0.24115967750549316,1
152,729,0.017347684130072594,0
851,349,0.0,0
242,750,0.0,0
581,358,0.0,0
1457,1249,0.0,0
115,462,0.0,0
1374,407,0.014741271734237671,0
1118,313,0.019731376320123672,0
367,1479,0.1099558025598526,1
691,1453,0.3072831332683563,1
343,845,0.22429516911506653,1
481,785,0.13320419192314148,1
1385,1081,0.0,0
49,423,0.0,0
1628,1766,0.3757231831550598,1
214,1343,0.1623317152261734,1
399,514,0.371798038482666,1
462,1914,0.12503191828727722,1
317,1635,0.10830061882734299,1
1724,862,0.0,0
861,1029,0.0,0
1014,980,0.0,0
129,1145,0.3328709602355957,1
1493,1785,0.0,0
347,763,0.34754976630210876,1
1667,1028,0.0,0
1195,1273,0.01782676950097084,0
730,1666,0.2687976062297821,1
1191,1721,0.0,0
339,1952,0.015161807648837566,0
428,1427,0.27112966775894165,1
481,527,0.39512449502944946,1
617,1895,0.4036196172237396,1
709,1978,0.43431469798088074,1
481,930,0.18261738121509552,1
1037,62,0.016471225768327713,0
207,1988,0.13607849180698395,1
1144,1224,0.38341590762138367,1
926,907,0.0,0
1221,1179,0.0,0
674,816,0.38272467255592346,1
1046,1301,0.32178837060928345,1
656,1600,0.0,0
2081,659,0.0,0
533,504,0.01891597919166088,0
842,1070,0.0,0
2029,366,0.017661001533269882,0
57,952,0.11343429237604141,1
186,1528,0.1831071376800537,1
2091,495,0.0,0
1023,1124,0.4155474603176117,1
907,1749,0.15608999133110046,1
1406,1729,0.1694987565279007,1
292,1446,0.0,0
1362,58,0.0,0
859,1163,0.16340504586696625,1
1853,921,0.019817622378468513,0
454,118,0.0,0
258,1023,0.38983434438705444,1
579,1123,0.0,0
693,961,0.20310020446777344,1
308,670,0.0,0
941,1490,0.0,0
144,378,0.15349510312080383,1
418,696,0.0,0
1379,2068,0.1842619776725769,1
346,414,0.20867253839969635,1
1312,1058,0.0,0
594,718,0.013270726427435875,0
1473,1010,0.0,0
1497,1904,0.0,0
912,1993,0.0,0
121,1058,0.44466182589530945,1
1071,1659,0.32983750104904175,1
1240,1654,0.0,0
701,1889,0.0,0
694,1377,0.0,0
1478,2018,0.3676159381866455,1
437,2029,0.0,0
1377,1929,0.0170748233795166,0
1664,1855,0.0,0
310,2000,0.18271712958812714,1
48,2029,0.0,0
503,572,0.5580282211303711,1
1935,1387,0.018262876197695732,0
315,1973,0.17931365966796875,1
13,1135,0.5135384202003479,1
215,1879,0.11222264915704727,1
636,795,0.36102214455604553,1
1452,1565,0.01536600012332201,0
146,2061,0.3556157648563385,1
339,1247,0.6243303418159485,1
499,1381,0.0,0
98,1253,0.4310170114040375,1
657,1638,0.0,0
1346,1451,0.12649168074131012,1
327,1404,0.0,0
531,1046,0.6437670588493347,1
514,1131,0.32357120513916016,1
1061,1564,0.0,0
380,749,0.3733139634132385,1
158,1676,0.0,0
10,1889,0.0,0
1734,467,0.0,0
32,1155,0.0,0
343,715,0.26711082458496094,1
461,2041,0.13681095838546753,1
1327,618,0.0,0
1768,1813,0.2149171531200409,1
738,1174,0.29855242371559143,1
1638,242,0.0,0
105,152,0.0,0
1292,915,0.0,0
1627,2077,0.33672961592674255,1
1511,251,0.0,0
148,1363,0.0,0
57,797,0.34193894267082214,1
1786,658,0.0,0
1056,1346,0.1770487278699875,1
2078,457,0.017140403389930725,0
195,1566,0.22967219352722168,1
399,1305,0.4772487282752991,1
274,312,0.20947618782520294,1
714,916,0.0,0
906,1659,0.1907569169998169,1
1171,2059,0.2539381682872772,1
837,1975,0.10762165486812592,1
13,481,0.31118243932724,1
1885,1271,0.0,0
232,333,0.29572153091430664,1
444,1458,0.0,0
1925,1524,0.0,0
253,1632,0.1867971271276474,1
1115,888,0.0,0
115,1109,0.0,0
191,1213,0.11841713637113571,1
1027,1135,0.3061424195766449,1
179,1768,0.31331267952919006,1
808,1124,0.2506578266620636,1
413,743,0.10195664316415787,1
1086,618,0.0,0
355,531,0.30681830644607544,1
51,208,0.22591643035411835,1
226,1780,0.5947941541671753,1
538,826,0.24370338022708893,1
107,235,0.15253159403800964,1
831,1956,0.10719872266054153,1
1163,1164,0.10097241401672363,1
1364,1437,0.0,0
514,941,0.14726129174232483,1
720,1917,0.0,0
190,1147,0.0,0
334,27,0.019232379272580147,0
1373,1305,0.0,0
501,717,0.4841447174549103,1
256,1965,0.3341616988182068,1
223,1171,0.10738902539014816,1
518,1033,0.3728894293308258,1
1050,1340,0.0,0
1774,722,0.0,0
413,2037,0.4478161931037903,1
376,924,0.0,0
190,1518,0.0,0
621,1272,0.35589599609375,1
1618,555,0.0,0
1618,871,0.0,0
1281,1684,0.009546012617647648,0
1075,1097,0.14925938844680786,1
254,859,0.0,0
1894,1266,0.0,0
710,1608,0.01767599768936634,0
179,2020,0.24547795951366425,1
149,1380,0.24926213920116425,1
161,1865,0.11894294619560242,1
1479,1547,0.016476023942232132,0
136,2087,0.49048855900764465,1
652,2091,0.0,0
1728,1281,0.0,0
383,722,0.21473386883735657,1
1039,608,0.0,0
583,449,0.0,0
1918,1431,0.0,0
815,1476,0.384799063205719,1
1102,1478,0.18860192596912384,1
1057,1841,0.0,0
2060,345,0.0,0
1377,850,0.0,0
1247,1356,0.5263922810554504,1
12,46,0.14298869669437408,1
851,885,0.45743265748023987,1
1594,1207,0.016049824655056,0
852,1961,0.2994784116744995,1
1188,1690,0.38031068444252014,1
280,1462,0.2561499774456024,1
426,447,0.16508673131465912,1
403,1356,0.35222920775413513,1
917,790,0.0,0
1125,1551,0.16328203678131104,1
1445,1898,0.16603156924247742,1
490,1124,0.1920279711484909,1
1253,1445,0.284660667181015,1
350,1033,0.40997686982154846,1
558,963,0.2955992817878723,1
1138,1042,0.0,0
227,232,0.3588384687900543,1
1624,875,0.0,0
1973,2068,0.24718815088272095,1
494,1476,0.22208230197429657,1
2060,76,0.0,0
261,2091,0.0,0
862,1189,0.26985007524490356,1
1145,1379,0.4178043007850647,1
457,1381,0.0,0
110,819,0.4210852384567261,1
1469,1780,0.14787641167640686,1
1247,2018,0.41934266686439514,1
238,848,0.0,0
398,1046,0.0,0
63,2077,0.2832067608833313,1
1329,1601,0.0,0
527,1447,0.2951086163520813,1
46,146,0.5224869251251221,1
1981,1429,0.0,0
2051,233,0.0,0
690,1001,0.15889830887317657,1
542,1023,0.2660645544528961,1
1560,1813,0.29163533449172974,1
81,320,0.0,0
203,582,0.16564452648162842,1
503,518,0.3888646960258484,1
1150,1476,0.12158140540122986,1
332,1427,0.0,0
133,1423,0.3612898588180542,1
949,1304,0.0,0
1432,751,0.0,0
732,1233,0.18054229021072388,1
1220,887,0.016902348026633263,0
1108,667,0.0,0
437,1092,0.14455319941043854,1
1330,1021,0.018168827518820763,0
757,1298,0.420366108417511,1
621,616,0.0,0
1013,676,0.0,0
1065,1301,0.3716738820075989,1
771,1933,0.0,0
830,1132,0.36458030343055725,1
39,1615,0.0,0
911,1833,0.29967889189720154,1
78,255,0.32273009419441223,1
431,1859,0.0,0
180,1367,0.0,0
378,890,0.32718321681022644,1
1355,7,0.0,0
428,1881,0.21528097987174988,1
59,371,0.12232301384210587,1
157,696,0.19020964205265045,1
716,1346,0.15341880917549133,1
668,2006,0.0,0
124,520,0.26439154148101807,1
719,1540,0.0,0
145,286,0.34040191769599915,1
571,1233,0.2892419099807739,1
257,1585,0.017026664689183235,0
1955,1578,0.0,0
1380,1514,0.018481753766536713,0
709,1702,0.2088579684495926,1
328,1690,0.11311794817447662,1
1786,2081,0.016857020556926727,0
225,710,0.0,0
441,1310,0.0,0
1184,1198,0.3087729811668396,1
545,1535,0.22134363651275635,1
1957,1719,0.0,0
572,1104,0.24796238541603088,1
1037,896,0.0,0
1868,582,0.0,0
1541,1665,0.0,0
636,852,0.2871073782444,1
1315,1596,0.0,0
1027,1662,0.21692168712615967,1
1600,2088,0.1999712586402893,1
668,1233,0.0,0
405,1965,0.4230104386806488,1
870,1098,0.0,0
1859,1898,0.012738659977912903,0
781,2020,0.14924205839633942,1
547,1092,0.0,0
854,326,0.0,0
1427,1470,0.017922330647706985,0
1143,2035,0.0,0
499,859,0.13715143501758575,1
581,910,0.24169279634952545,1
609,1305,0.33749672770500183,1
385,1664,0.106788270175457,1
884,1304,0.41922950744628906,1
2043,370,0.0,0
596,1514,0.20545685291290283,1
390,873,0.5715742111206055,1
731,1902,0.0,0
847,1954,0.18663659691810608,1
105,1533,0.0,0
1898,750,0.0,0
1123,939,0.0,0
977,341,0.0,0
720,641,0.0,0
935,751,0.0,0
2,428,0.2007700353860855,1
919,1785,0.18285855650901794,1
1702,1845,0.16458484530448914,1
18,1424,0.14622054994106293,1
435,2068,0.0,0
292,700,0.0,0
1775,972,0.0,0
232,1649,0.22244107723236084,1
1027,1092,0.37308186292648315,1
514,572,0.3265672028064728,1
1035,248,0.0,0
1801,1583,0.0,0
2039,908,0.0,0
1438,229,0.0,0
558,123,0.0,0
717,1356,0.5650321245193481,1
1237,1281,0.01892266236245632,0
212,1500,0.0,0
651,195,0.012872111052274704,0
1850,1583,0.017902232706546783,0
764,497,0.016209270805120468,0
1295,1222,0.0,0
976,1983,0.0,0
1429,1151,0.0,0
1310,1005,0.0,0
711,701,0.0,0
1266,260,0.0,0
413,1503,0.2318139374256134,1
725,351,0.0,0
809,862,0.2868994474411011,1
1050,254,0.0,0
852,1365,0.5592031478881836,1
1782,1792,0.0,0
1087,1481,0.10985997319221497,1
1311,1965,0.3588910698890686,1
1074,1845,0.21805815398693085,1
230,1848,0.0,0
495,606,0.0,0
187,2014,0.32186633348464966,1
33,1013,0.0,0
1789,1148,0.0,0
399,1511,0.45074453949928284,1
1136,1438,0.017536621540784836,0
468,1578,0.01848454959690571,0
1247,1753,0.5593249797821045,1
1200,1210,0.24838300049304962,1
207,691,0.13408692181110382,1
1197,799,0.0,0
518,730,0.38907530903816223,1
518,1742,0.36623504757881165,1
1119,107,0.016769781708717346,0
128,1919,0.01883065328001976,0
98,120,0.2561473250389099,1
1006,1838,0.17125806212425232,1
715,2065,0.0,0
129,815,0.4388900697231293,1
425,2018,0.5163790583610535,1
1145,2018,0.3952329754829407,1
926,2019,0.0,0
791,1209,0.14168184995651245,1
579,910,0.0,0
325,394,0.0,0
51,395,0.25977182388305664,1
292,1889,0.3084925413131714,1
164,1607,0.018026849254965782,0
343,1986,0.34293222427368164,1
214,636,0.2829921543598175,1
710,121,0.0,0
1516,1600,0.2288142591714859,1
331,425,0.2760409414768219,1
1477,336,0.0,0
1406,903,0.01820678822696209,0
1188,295,0.0,0
498,1616,0.31745100021362305,1
615,438,0.0,0
795,968,0.0,0
571,1102,0.39828068017959595,1
227,723,0.5207310914993286,1
133,1687,0.4199248254299164,1
1498,497,0.0,0
1113,1833,0.21201559901237488,1
133,1560,0.37341931462287903,1
216,1282,0.27625665068626404,1
701,830,0.4093165397644043,1
1491,1766,0.11832809448242188,1
817,115,0.012310469523072243,0
503,632,0.43958544731140137,1
1093,1841,0.0,0
1024,1121,0.008489067666232586,0
521,1160,0.14459002017974854,1
1759,1642,0.0,0
908,1366,0.0,0
1033,2059,0.48638153076171875,1
1625,1989,0.14282359182834625,1
715,263,0.0,0
556,1806,0.21289178729057312,1
253,820,0.0,0
709,1463,0.0,0
2030,1902,0.0,0
59,1737,0.16666002571582794,1
1771,1773,0.2707200050354004,1
1075,1640,0.0,0
1583,936,0.0,0
2069,1286,0.017452910542488098,0
1846,1266,0.0,0
1284,1666,0.0,0
390,680,0.31314095854759216,1
179,1469,0.2868500351905823,1
2029,212,0.0,0
955,1838,0.14503662288188934,1
425,1769,0.4249136745929718,1
266,878,0.0,0
248,1476,0.3411952555179596,1
1774,1758,0.0,0
1382,11,0.0,0
1449,1554,0.18551139533519745,1
1003,1818,0.17710529267787933,1
312,341,0.0,0
1475,440,0.016792990267276764,0
191,1728,0.20518232882022858,1
380,910,0.44035661220550537,1
763,1935,0.29055821895599365,1
1476,2000,0.11839950829744339,1
1511,1724,0.015616459771990776,0
59,424,0.15474152565002441,1
1033,1773,0.25604647397994995,1
1080,2054,0.4090295135974884,1
1727,914,0.0,0
1766,1288,0.01911519654095173,0
348,1827,0.0,0
306,686,0.3093568980693817,1
339,1017,0.5723000764846802,1
2008,1621,0.0,0
1189,15,0.0,0
723,1253,0.44486203789711,1
421,589,0.29192331433296204,1
1272,1959,0.505095362663269,1
1694,1963,0.0,0
1990,1644,0.0,0
175,753,0.10196223855018616,1
609,1938,0.019196642562747,0
129,232,0.3217276334762573,1
121,1562,0.16252575814723969,1
452,1962,0.0,0
598,815,0.2770029902458191,1
691,1690,0.34818410873413086,1
125,393,0.27747905254364014,1
490,1179,0.15053971111774445,1
1152,1023,0.0,0
158,1690,0.10280467569828033,1
1198,1568,0.3630206286907196,1
757,1052,0.012188405729830265,0
799,300,0.019932107999920845,0
260,732,0.11892850697040558,1
669,998,0.1933528631925583,1
2052,1186,0.0,0
582,1479,0.13253362476825714,1
437,1300,0.23062901198863983,1
214,378,0.3621288239955902,1
1922,751,0.0,0
224,1148,0.2104104459285736,1
1071,2038,0.47010570764541626,1
132,830,0.3314248025417328,1
540,198,0.0,0
1644,1479,0.0,0
1838,1865,0.0,0
864,440,0.01773725636303425,0
180,1445,0.0,0
832,327,0.0,0
963,1147,0.0,0
542,1564,0.2680917978286743,1
684,757,0.5225787162780762,1
461,310,0.0,0
322,1304,0.24279454350471497,1
158,1015,0.0,0
790,1773,0.18601703643798828,1
281,1163,0.008637194521725178,0
376,1136,0.0,0
1454,2080,0.2344440072774887,1
711,497,0.011730486527085304,0
1131,843,0.0,0
455,1274,0.0,0
346,2008,0.26994356513023376,1
1247,1773,0.4068548083305359,1
99,566,0.138000026345253,1
635,1627,0.15827208757400513,1
1552,241,0.0,0
1308,1894,0.4384458065032959,1
481,1478,0.34892863035202026,1
1769,1213,0.0,0
46,684,0.5865256786346436,1
2079,1660,0.0,0
558,1947,0.0,0
454,1060,0.0,0
470,690,0.5141171813011169,1
53,1356,0.3461757004261017,1
2030,341,0.0,0
498,1132,0.43657976388931274,1
749,790,0.30970069766044617,1
1002,640,0.015419951640069485,0
657,1684,0.00736952293664217,0
253,1855,0.0,0
549,2077,0.15935780107975006,1
514,749,0.3166519105434418,1
1122,577,0.0,0
1226,832,0.0,0
455,259,0.01841728202998638,0
499,1165,0.12388191372156143,1
1192,318,0.0,0
972,411,0.0,0
236,2059,0.2547576129436493,1
1522,661,0.0,0
256,1365,0.3951431214809418,1
368,1056,0.0,0
1286,1552,0.0,0
1973,1939,0.0,0
1258,1580,0.0,0
1216,438,0.0,0
51,731,0.1762143075466156,1
859,1835,0.16978828608989716,1
516,1343,0.1648828238248825,1
672,1766,0.0,0
1382,2078,0.0,0
291,587,0.0,0
42,435,0.017923014238476753,0
870,1833,0.0,0
232,329,0.24983099102973938,1
1079,802,0.0,0
930,1138,0.0,0
2100,470,0.0,0
1145,1253,0.3697620928287506,1
1613,1893,0.0,0
830,2033,0.24186745285987854,1
458,1246,0.12541380524635315,1
744,1664,0.1363581418991089,1
1785,2077,0.1451219767332077,1
565,1017,0.01969211921095848,0
779,455,0.0,0
1991,958,0.0,0
1858,531,0.0,0
443,1376,0.0,0
842,1862,0.0,0
2035,1979,0.0,0
168,1685,0.018366292119026184,0
179,609,0.30914372205734253,1
595,762,0.01858426444232464,0
1350,95,0.0,0
523,1836,0.21055488288402557,1
1380,2095,0.0,0
242,691,0.31970295310020447,1
420,1831,0.0,0
1443,1091,0.0,0
703,1700,0.0,0
1838,1658,0.01682770438492298,0
271,684,0.5348195433616638,1
1498,621,0.0,0
1343,1642,0.1037789136171341,1
122,817,0.0187813863158226,0
639,1403,0.0,0
476,904,0.20269472897052765,1
917,1196,0.11119598150253296,1
749,999,0.12364612519741058,1
1089,1039,0.0,0
1877,675,0.0,0
998,1308,0.115494504570961,1
329,1903,0.39122769236564636,1
1949,2027,0.014528653584420681,0
525,1034,0.01705336570739746,0
405,604,0.3451507091522217,1
675,1659,0.2585827112197876,1
296,1543,0.0,0
696,714,0.0,0
104,667,0.12611623108386993,1
1801,1270,0.0,0
301,1378,0.0,0
338,1845,0.1299031525850296,1
63,1294,0.0,0
719,1647,0.0,0
2024,778,0.0,0
1458,2039,0.10578653216362,1
72,1017,0.43887993693351746,1
1296,943,0.016474541276693344,0
542,1300,0.20129483938217163,1
1671,1920,0.01972847618162632,0
175,1001,0.15581820905208588,1
723,958,0.1471910923719406,1
157,738,0.3936362862586975,1
48,963,0.3748300075531006,1
232,1300,0.27402427792549133,1
224,921,0.01903204247355461,0
473,1659,0.15027597546577454,1
417,1316,0.23418384790420532,1
502,1061,0.0,0
415,690,0.41675806045532227,1
118,569,0.0,0
1723,815,0.0,0
258,1525,0.5009250640869141,1
415,477,0.529333233833313,1
213,454,0.0,0
790,1369,0.31843096017837524,1
2095,1085,0.0,0
156,1599,0.0,0
596,1258,0.28688758611679077,1
531,1725,0.39155325293540955,1
136,717,0.489400178194046,1
162,1659,0.13312457501888275,1
1771,1406,0.0,0
99,650,0.22689522802829742,1
75,470,0.4529746472835541,1
531,1304,0.4900406301021576,1
713,453,0.0,0
965,888,0.0,0
308,986,0.33507293462753296,1
572,1365,0.4704451858997345,1
869,1325,0.0,0
46,1810,0.40011417865753174,1
911,1491,0.10388658195734024,1
1339,3,0.0,0
457,140,0.0,0
1637,1014,0.0,0
727,596,0.0,0
1197,2072,0.3275458514690399,1
723,1515,0.1986786276102066,1
461,1803,0.01916581578552723,0
1130,680,0.01731530949473381,0
875,930,0.3334411382675171,1
1132,2088,0.19387511909008026,1
1102,1633,0.2942695915699005,1
815,882,0.26452404260635376,1
1770,729,0.0,0
1290,1407,0.0,0
718,995,0.0,0
1506,1245,0.017356710508465767,0
590,1189,0.30438658595085144,1
57,1346,0.2868117690086365,1
925,1974,0.14425614476203918,1
542,1947,0.0,0
236,1023,0.2657012939453125,1
1197,552,0.0,0
1001,1628,0.22124579548835754,1
368,1266,0.0,0
2010,1248,0.0,0
1255,1989,0.0,0
1102,1838,0.23322883248329163,1
635,1806,0.1369704306125641,1
1508,845,0.012513037770986557,0
1880,1937,0.16627836227416992,1
1294,1646,0.15183423459529877,1
1246,1315,0.0,0
479,514,0.37394946813583374,1
661,329,0.0,0
921,1210,0.0,0
1379,1274,0.0,0
530,1106,0.0,0
349,1743,0.21912530064582825,1
387,405,0.13022002577781677,1
1023,1478,0.34640535712242126,1
2099,834,0.0,0
606,2047,0.16014038026332855,1
226,555,0.22062380611896515,1
1167,861,0.0,0
881,92,0.0,0
531,1959,0.4907339811325073,1
747,1951,0.018649598583579063,0
1630,1276,0.0,0
1246,154,0.017689965665340424,0
350,636,0.37948882579803467,1
1022,1354,0.018513355404138565,0
162,1143,0.24433991312980652,1
681,1376,0.16613253951072693,1
11,684,0.3637195825576782,1
385,1599,0.0,0
298,1832,0.16872835159301758,1
1016,66,0.0,0
200,1759,0.01959098130464554,0
73,305,0.0,0
99,304,0.27658316493034363,1
1951,1652,0.017270077019929886,0
1618,2076,0.0,0
700,1115,0.0,0
146,310,0.2775048613548279,1
494,1150,0.17221739888191223,1
129,1356,0.4469848871231079,1
51,491,0.4554089307785034,1
127,1906,0.10765352100133896,1
827,1087,0.0,0
1065,1071,0.5047486424446106,1
1174,1992,0.018329182639718056,0
211,1282,0.23082871735095978,1
1437,183,0.0,0
107,637,0.10459400713443756,1
232,1773,0.2717841565608978,1
421,1742,0.2989916503429413,1
44,1240,0.1316451132297516,1
1600,1973,0.2992250323295593,1
1101,1376,0.019842274487018585,0
465,476,0.3726767897605896,1
1432,1679,0.0,0
542,669,0.12255542725324631,1
337,409,0.0,0
1505,1514,0.34967488050460815,1
986,1906,0.1593969613313675,1
308,574,0.11466211080551147,1
1472,1930,0.0,0
236,911,0.2707382142543793,1
166,1379,0.017431536689400673,0
150,421,0.41154995560646057,1
174,1296,0.0,0
1628,2094,0.22501607239246368,1
487,745,0.0,0
125,298,0.12029731273651123,1
475,689,0.0143661517649889,0
995,1955,0.0,0
1949,719,0.01945609040558338,0
1135,1294,0.23836706578731537,1
632,1179,0.3056904077529907,1
394,1902,0.0,0
1010,1210,0.4195716381072998,1
442,1705,0.0,0
1782,578,0.0,0
340,852,0.3246179223060608,1
513,499,0.0,0
749,1001,0.2682528793811798,1
1308,1722,0.35043248534202576,1
1173,1798,0.1809738427400589,1
244,2039,0.14880338311195374,1
1275,433,0.0,0
11,1828,0.30541256070137024,1
46,322,0.401537150144577,1
718,92,0.0,0
1426,1839,0.0,0
1402,1611,0.0,0
132,2018,0.3914058804512024,1
1336,1435,0.0,0
1780,1895,0.37721019983291626,1
302,331,0.25002196431159973,1
116,473,0.0,0
374,1038,0.1352553516626358,1
404,1456,0.0,0
236,1300,0.23988282680511475,1
231,1253,0.4102097153663635,1
129,1445,0.2558688521385193,1
340,1300,0.33128297328948975,1
57,233,0.23342816531658173,1
941,1457,0.15706533193588257,1
269,848,0.0,0
1164,1588,0.0,0
2017,1005,0.0,0
436,1700,0.0,0
663,865,0.0,0
1380,1743,0.1242823600769043,1
1348,376,0.0,0
247,1281,0.10340678691864014,1
278,1471,0.4150574207305908,1
619,1563,0.0,0
1491,438,0.0,0
421,1113,0.3295714855194092,1
690,1447,0.3198442757129669,1
390,1027,0.3576866686344147,1
6,1098,0.0,0
1717,1174,0.0,0
1780,541,0.0,0
49,253,0.15411485731601715,1
621,930,0.23343509435653687,1
1818,467,0.0,0
1437,1568,0.33543533086776733,1
1197,1253,0.25961145758628845,1
763,1107,0.2462698221206665,1
1325,1674,0.019003961235284805,0
178,976,0.016668105497956276,0
1205,326,0.0,0
122,1358,0.0,0
1300,1356,0.38078993558883667,1
543,864,0.23105208575725555,1
852,862,0.25066709518432617,1
1748,1315,0.0,0
552,1802,0.0,0
795,1633,0.4357515275478363,1
498,1435,0.47865328192710876,1
446,859,0.18498027324676514,1
1144,1948,0.0,0
552,305,0.0,0
64,538,0.0,0
1060,1966,0.019767682999372482,0
726,27,0.0,0
757,795,0.4666849970817566,1
390,1418,0.16375872492790222,1
52,1665,0.0,0
339,1521,0.4194546043872833,1
1607,2090,0.0,0
7,873,0.5879982709884644,1
2042,318,0.0,0
503,1663,0.3746657073497772,1
1256,915,0.0,0
523,1537,0.0,0
1753,2018,0.3611508905887604,1
1128,170,0.0,0
364,413,0.01605377160012722,0
86,1351,0.0,0
1295,1397,0.0,0
665,1496,0.38369816541671753,1
1216,1368,0.22603100538253784,1
1158,850,0.0,0
1570,1101,0.0,0
1072,1773,0.16582785546779633,1
120,852,0.3244468867778778,1
621,691,0.2351955771446228,1
292,1709,0.19107075035572052,1
415,762,0.0,0
1769,1821,0.3735797107219696,1
134,1330,0.0,0
315,481,0.2485373169183731,1
1919,279,0.0,0
375,1977,0.0,0
378,692,0.15520761907100677,1
1222,1838,0.12510554492473602,1
1823,1284,0.01987120509147644,0
1225,2080,0.23872226476669312,1
2064,658,0.012481891550123692,0
731,871,0.13779844343662262,1
1303,1030,0.0,0
134,882,0.3149266839027405,1
250,1854,0.0,0
1456,684,0.0,0
114,1618,0.0,0
577,1496,0.30740705132484436,1
861,1445,0.22544600069522858,1
333,571,0.42508381605148315,1
854,415,0.0,0
1880,2070,0.11290249973535538,1
1150,1300,0.10090954601764679,1
1695,87,0.0,0
363,949,0.0,0
242,1102,0.16530385613441467,1
144,911,0.44722887873649597,1
227,355,0.23327770829200745,1
534,650,0.21943899989128113,1
1917,802,0.0,0
327,1453,0.38657957315444946,1
335,2087,0.3410685658454895,1
163,37,0.0,0
355,117,0.018388982862234116,0
1167,268,0.0,0
385,1734,0.2863115072250366,1
1184,1263,0.2744133174419403,1
1097,1606,0.2419995218515396,1
397,1798,0.1995486170053482,1
1305,1712,0.0,0
1702,1879,0.10597070306539536,1
1860,842,0.0,0
1133,1135,0.10677741467952728,1
627,155,0.0,0
1477,1465,0.0,0
394,1009,0.0,0
404,443,0.0,0
1889,395,0.0,0
864,1339,0.3638506233692169,1
569,1595,0.01892027072608471,0
1335,1581,0.0,0
905,455,0.0,0
5,1555,0.0,0
274,443,0.0,0
1067,1258,0.1812152862548828,1
1455,1961,0.3159453570842743,1
1432,757,0.0,0
1155,804,0.0,0
2097,463,0.0,0
282,1119,0.016674794256687164,0
1785,1323,0.0,0
941,1071,0.1349925547838211,1
1650,1586,0.01623675972223282,0
816,1503,0.18403634428977966,1
966,1253,0.41608309745788574,1
1517,1791,0.47369733452796936,1
852,2037,0.3256737291812897,1
1403,1646,0.1631518453359604,1
859,2080,0.11690922826528549,1
949,1353,0.23583243787288666,1
1018,2054,0.0,0
1406,2094,0.0,0
341,1396,0.0,0
876,2004,0.0,0
608,1445,0.0,0
852,1742,0.3593936860561371,1
527,2018,0.26744669675827026,1
330,1086,0.10004577040672302,1
1365,1029,0.0,0
1471,1766,0.3751303255558014,1
325,70,0.0,0
527,1023,0.3990613520145416,1
623,819,0.0,0
388,540,0.0,0
1616,935,0.0,0
1431,115,0.0,0
399,2059,0.3594037890434265,1
223,895,0.0,0
339,1445,0.31968605518341064,1
851,1300,0.4077639579772949,1
1702,1034,0.0,0
2035,1139,0.0,0
1121,346,0.0,0
58,1294,0.2703266143798828,1
129,1646,0.3029317259788513,1
1511,846,0.0,0
1450,570,0.0,0
177,731,0.11750195175409317,1
145,1895,0.21203982830047607,1
1151,1527,0.16145917773246765,1
851,1445,0.26883262395858765,1
143,2086,0.019909413531422615,0
669,1636,0.3510206341743469,1
1004,772,0.009849132038652897,0
275,442,0.2600270211696625,1
223,1465,0.249057337641716,1
518,1567,0.1484963744878769,1
607,581,0.0,0
340,1027,0.27692747116088867,1
1329,321,0.0,0
498,749,0.34880706667900085,1
1001,1898,0.2698284089565277,1
1808,1611,0.0,0
98,781,0.37474769353866577,1
414,406,0.0,0
494,1834,0.37702372670173645,1
12,133,0.1355692595243454,1
2047,986,0.0,0
63,1978,0.31261178851127625,1
1147,1488,0.10327191650867462,1
132,419,0.27594584226608276,1
72,890,0.0,0
391,898,0.0,0
145,162,0.12323975563049316,1
534,757,0.45818912982940674,1
644,1076,0.01879580318927765,0
1520,274,0.01707610674202442,0
280,1780,0.1271367371082306,1
179,1300,0.31010714173316956,1
862,185,0.0,0
236,1616,0.21928474307060242,1
804,1058,0.2019861787557602,1
1768,420,0.01251109130680561,0
643,2091,0.0,0
723,1017,0.5258062481880188,1
1859,1323,0.011762181296944618,0
500,310,0.0,0
405,514,0.23171480000019073,1
917,1597,0.11889653652906418,1
372,2042,0.15136772394180298,1
555,612,0.15885397791862488,1
815,1687,0.48828357458114624,1
1275,2066,0.0,0
847,275,0.0,0
830,966,0.37968701124191284,1
58,534,0.22005245089530945,1
1469,296,0.0,0
1197,825,0.0,0
361,1873,0.36957553029060364,1
240,1348,0.24921678006649017,1
236,1429,0.27103397250175476,1
876,310,0.0,0
862,1560,0.13876675069332123,1
1160,1804,0.16818749904632568,1
877,950,0.11082296073436737,1
158,1296,0.0,0
353,1515,0.16268454492092133,1
1373,910,0.0,0
1653,1995,0.015535784885287285,0
881,1088,0.18861721456050873,1
110,1300,0.32552510499954224,1
1300,2018,0.36134156584739685,1
415,911,0.39667609333992004,1
812,912,0.10090833902359009,1
570,1699,0.3179330825805664,1
1136,789,0.018187779933214188,0
329,1132,0.3406828045845032,1
1871,1205,0.0,0
2037,1855,0.01506766490638256,0
413,1247,0.3580222427845001,1
1103,2080,0.14637884497642517,1
1817,529,0.0,0
76,356,0.0,0
536,638,0.3378828763961792,1
1995,558,0.0,0
446,1835,0.26513275504112244,1
1124,1429,0.5196928977966309,1
411,1034,0.24997466802597046,1
210,859,0.19271153211593628,1
906,930,0.19744788110256195,1
911,1301,0.2393740862607956,1
1283,2020,0.16292573511600494,1
1904,244,0.018651926890015602,0
1289,1358,0.0,0
764,899,0.0,0
308,363,0.20992359519004822,1
1478,652,0.0,0
214,258,0.31649503111839294,1
1653,1964,0.20498061180114746,1
2008,1827,0.0,0
1310,1466,0.18061211705207825,1
399,1990,0.0,0
1811,2087,0.3564825654029846,1
1862,621,0.0,0
966,1069,0.29601314663887024,1
413,1880,0.3041973412036896,1
58,636,0.2002493292093277,1
333,873,0.5171356201171875,1
31,575,0.17419247329235077,1
1862,1093,0.0,0
7,815,0.48304012417793274,1
1177,290,0.0,0
1466,903,0.0,0
503,1455,0.29179099202156067,1
1516,1768,0.134449765086174,1
2048,437,0.01875266805291176,0
303,840,0.11540994048118591,1
2080,403,0.015857718884944916,0
1356,1600,0.4449548125267029,1
1138,1239,0.1668761968612671,1
1394,1742,0.405074805021286,1
275,1934,0.0,0
41,1784,0.0,0
589,1545,0.0,0
1473,1478,0.12339150160551071,1
426,1540,0.0,0
449,1702,0.217157244682312,1
146,1687,0.4405641257762909,1
1014,615,0.0,0
150,1646,0.14884550869464874,1
385,503,0.32088446617126465,1
99,124,0.38546451926231384,1
130,620,0.2913452088832855,1
437,1445,0.16133294999599457,1
494,2020,0.14991773664951324,1
1582,1654,0.0,0
1145,1300,0.3031182587146759,1
987,1478,0.2790693938732147,1
831,2092,0.0,0
890,2094,0.0,0
115,399,0.0,0
4,1721,0.0,0
268,827,0.32634392380714417,1
1961,1207,0.0,0
96,761,0.13480882346630096,1
1590,1354,0.0,0
1558,1769,0.307295024394989,1
975,10,0.0,0
646,1423,0.46833184361457825,1
1247,2028,0.0,0
726,731,0.0,0
1757,629,0.015278141014277935,0
753,1978,0.38274243474006653,1
1646,1832,0.14530788362026215,1
132,842,0.0,0
781,839,0.0,0
486,1042,0.35778582096099854,1
904,671,0.019734013825654984,0
4,212,0.0,0
228,393,0.0,0
136,1437,0.21819739043712616,1
413,1979,0.32526275515556335,1
1130,1173,0.12587054073810577,1
670,319,0.019382823258638382,0
1006,1261,0.20016035437583923,1
195,1832,0.19838497042655945,1
749,1300,0.4508812129497528,1
129,1069,0.2528199553489685,1
1540,856,0.016886595636606216,0
439,2000,0.11231381446123123,1
396,1262,0.0,0
847,1113,0.18875522911548615,1
1263,1515,0.11690869182348251,1
916,1601,0.0,0
835,1174,0.37260210514068604,1
540,535,0.0,0
674,1959,0.3163760304450989,1
242,1327,0.0,0
278,1961,0.18420222401618958,1
261,582,0.12219391018152237,1
658,820,0.0,0
1104,1973,0.3258250057697296,1
1069,1606,0.26836979389190674,1
1305,1646,0.2687595784664154,1
1594,1885,0.0,0
621,1184,0.2056008130311966,1
1140,1920,0.0,0
248,1500,0.0,0
617,1578,0.27960875630378723,1
1785,2032,0.16258195042610168,1
1728,84,0.0,0
2030,1432,0.0,0
531,1924,0.1214432492852211,1
1662,1894,0.12118850648403168,1
910,2037,0.38568592071533203,1
1492,1697,0.0,0
1727,331,0.0,0
1274,1988,0.0,0
1005,36,0.0,0
1712,400,0.0,0
479,1023,0.4241308569908142,1
1210,1454,0.41874808073043823,1
150,1811,0.30764737725257874,1
541,1042,0.01914031244814396,0
569,966,0.4341515600681305,1
1882,1287,0.0,0
1931,1110,0.014453300274908543,0
1665,215,0.0,0
238,763,0.019675584509968758,0
537,1393,0.0,0
79,1248,0.25612884759902954,1
210,306,0.29191139340400696,1
350,1014,0.22881534695625305,1
2090,707,0.0,0
514,691,0.25378817319869995,1
1355,727,0.0,0
207,400,0.18751949071884155,1
568,1094,0.18064239621162415,1
47,1145,0.4484390318393707,1
790,1535,0.2057289034128189,1
481,1300,0.32024821639060974,1
460,467,0.0,0
278,621,0.24478565156459808,1
875,1977,0.0,0
1776,1949,0.0,0
390,1301,0.29965463280677795,1
240,1410,0.27230530977249146,1
1505,248,0.0,0
413,1365,0.3615422546863556,1
493,942,0.0,0
1083,1134,0.12932394444942474,1
1002,1850,0.2818692922592163,1
1056,2018,0.3095886707305908,1
553,2037,0.20368161797523499,1
1291,1658,0.015726452693343163,0
1382,1230,0.0,0
683,1661,0.0,0
291,1238,0.0,0
1327,579,0.0,0
73,491,0.015930600464344025,0
1477,99,0.0,0
158,1582,0.0,0
700,1472,0.01918024942278862,0
203,585,0.0,0
1047,1209,0.0,0
534,859,0.3498619794845581,1
529,1729,0.0,0
1294,2043,0.017858216539025307,0
1624,278,0.0,0
1863,1187,0.0,0
1576,1047,0.0,0
193,1691,0.20851221680641174,1
781,1033,0.39820221066474915,1
397,2080,0.1514233499765396,1
227,730,0.3187095820903778,1
195,1153,0.16846607625484467,1
330,1446,0.2685910165309906,1
1703,1646,0.01731063239276409,0
991,1300,0.013633673079311848,0
2037,782,0.0,0
419,1197,0.13650131225585938,1
950,669,0.0,0
960,1291,0.0,0
46,302,0.3298463523387909,1
229,632,0.24932438135147095,1
390,674,0.3667289614677429,1
242,355,0.1886669397354126,1
572,612,0.3772074580192566,1
380,2061,0.3605591356754303,1
1926,861,0.0,0
1480,407,0.0,0
1249,1660,0.10584090650081635,1
198,446,0.0,0
425,1742,0.3115200996398926,1
836,859,0.14665423333644867,1
2038,2043,0.01617223583161831,0
1335,845,0.0,0
878,658,0.0,0
1825,83,0.0,0
743,616,0.0,0
51,709,0.17366130650043488,1
499,516,0.2560131847858429,1
356,1627,0.0,0
1365,1452,0.21741481125354767,1
1511,1979,0.3701314628124237,1
210,1724,0.12524157762527466,1
31,1255,0.12982451915740967,1
851,1356,0.4617845118045807,1
643,574,0.0,0
688,1614,0.12412041425704956,1
212,1172,0.2749282419681549,1
1025,2058,0.0,0
36,1156,0.0,0
1659,2059,0.202696293592453,1
861,69,0.0,0
413,1069,0.2569957971572876,1
754,1768,0.017465179786086082,0
2099,1574,0.0,0
477,238,0.0,0
527,1813,0.43214136362075806,1
688,2039,0.21978260576725006,1
185,421,0.0,0
682,1451,0.32426854968070984,1
691,799,0.0,0
1065,1930,0.0,0
434,962,0.018904440104961395,0
2079,1199,0.0,0
1274,2016,0.0,0
1187,1404,0.1614733338356018,1
1283,1491,0.10037481784820557,1
563,1347,0.18394583463668823,1
820,1786,0.0,0
179,930,0.2608516812324524,1
1895,491,0.0,0
942,557,0.0,0
612,1531,0.0,0
473,1690,0.19650839269161224,1
1942,491,0.017106851562857628,0
1428,533,0.0,0
552,877,0.0,0
1020,1625,0.0,0
11,1780,0.31264016032218933,1
1737,679,0.0,0
339,723,0.5782846808433533,1
656,425,0.0,0
114,696,0.4586147964000702,1
1372,325,0.0,0
873,1773,0.2958643436431885,1
1369,1446,0.3016589879989624,1
1103,931,0.015252766199409962,0
1090,1166,0.0,0
226,1973,0.34158676862716675,1
353,486,0.41118937730789185,1
1173,1496,0.359192430973053,1
721,1404,0.19041742384433746,1
1161,1343,0.0,0
65,666,0.0,0
677,1151,0.0,0
793,1742,0.37793847918510437,1
1432,1783,0.0,0
607,1305,0.0,0
1841,639,0.0,0
59,520,0.13748353719711304,1
498,1437,0.245187446475029,1
11,795,0.391133189201355,1
1433,1722,0.1152716726064682,1
1597,2051,0.1299087256193161,1
354,1525,0.3675316274166107,1
912,1789,0.0,0
334,1961,0.0,0
935,47,0.0,0
527,1365,0.3795805275440216,1
1897,1912,0.10022377222776413,1
339,984,0.38855981826782227,1
538,1659,0.26150771975517273,1
1315,292,0.0,0
58,640,0.007648547179996967,0
624,202,0.01757677271962166,0
1553,1025,0.017627067863941193,0
346,2038,0.22947607934474945,1
470,536,0.3309282064437866,1
1765,1792,0.0,0
308,411,0.0,0
695,136,0.0,0
450,489,0.26300400495529175,1
636,1429,0.25734615325927734,1
378,1562,0.18531161546707153,1
913,1290,0.0,0
946,1473,0.10773974657058716,1
1110,1324,0.0,0
532,1721,0.0,0
1466,1005,0.0,0
762,1178,0.01577114686369896,0
1025,1574,0.19078968465328217,1
481,2071,0.17429101467132568,1
514,545,0.12008477002382278,1
57,1780,0.22413362562656403,1
179,514,0.33686503767967224,1
670,46,0.0,0
629,1133,0.2895287871360779,1
990,95,0.0,0
231,730,0.2610684335231781,1
80,1599,0.15320822596549988,1
1828,2068,0.1257934272289276,1
1263,1555,0.2730295956134796,1
1212,698,0.0,0
110,232,0.2327205240726471,1
771,1935,0.0,0
1646,1988,0.1798984706401825,1
1560,745,0.0,0
275,1038,0.3636714220046997,1
1036,1709,0.10368022322654724,1
176,1684,0.0,0
707,249,0.0,0
15,237,0.23733606934547424,1
202,2095,0.0,0
2003,98,0.0,0
742,1346,0.0,0
841,1108,0.0,0
198,265,0.2770993113517761,1
294,1840,0.0,0
713,188,0.0,0
930,1788,0.5286502242088318,1
1768,1543,0.0,0
1006,1219,0.11041118949651718,1
1124,1560,0.2978615462779999,1
1094,1966,0.1536431908607483,1
1873,313,0.0,0
134,146,0.35883980989456177,1
227,534,0.36835867166519165,1
325,1451,0.0,0
798,1629,0.0,0
497,1880,0.48026329278945923,1
274,291,0.0,0
1466,1851,0.4464471936225891,1
849,1463,0.0,0
1132,1659,0.33043286204338074,1
1210,1845,0.3128219544887543,1
1194,1198,0.0,0
977,1125,0.0,0
1304,1568,0.3371661901473999,1
224,831,0.1233605295419693,1
1106,1143,0.2389611303806305,1
195,1275,0.2789437770843506,1
177,503,0.0,0
1604,1360,0.0,0
1369,2061,0.15352077782154083,1
1143,1253,0.15308070182800293,1
559,286,0.0,0
286,1762,0.40488243103027344,1
130,1766,0.4912625551223755,1
507,486,0.0,0
210,1163,0.30151301622390747,1
1854,1475,0.0,0
1120,55,0.018713338300585747,0
300,65,0.0,0
1995,1331,0.0,0
1233,1151,0.0,0
225,1567,0.0,0
45,514,0.30226224660873413,1
1691,1727,0.14401274919509888,1
651,1068,0.0,0
254,1466,0.0,0
206,1903,0.018431151285767555,0
48,1560,0.2854713797569275,1
378,535,0.14220276474952698,1
214,963,0.20890682935714722,1
477,1907,0.0,0
582,700,0.0,0
1397,1686,0.0,0
1859,1533,0.0,0
1343,1792,0.11356324702501297,1
437,502,0.1901400238275528,1
1539,1475,0.0,0
1760,2067,0.0,0
896,611,0.0,0
1476,1991,0.0,0
1053,1298,0.3629821240901947,1
99,575,0.2607685625553131,1
2006,2028,0.20105792582035065,1
146,674,0.3679456114768982,1
1957,35,0.0,0
1624,1930,0.0,0
1125,269,0.0,0
179,1452,0.20060980319976807,1
1553,1646,0.16258133947849274,1
1290,1912,0.0,0
335,2028,0.0,0
116,694,0.0,0
339,1453,0.6290813684463501,1
1256,87,0.0,0
1575,1399,0.0,0
1465,304,0.0,0
332,1659,0.1106041967868805,1
7,1135,0.40441155433654785,1
1132,1906,0.22345934808254242,1
593,582,0.0,0
895,87,0.0,0
1990,566,0.0,0
1438,1972,0.0,0
1130,651,0.01837545447051525,0
28,1108,0.0,0
212,308,0.11109963059425354,1
238,532,0.0,0
459,1986,0.27068769931793213,1
1672,1530,0.016892356798052788,0
348,514,0.25721973180770874,1
908,347,0.019458681344985962,0
378,499,0.13612325489521027,1
183,371,0.10536673665046692,1
2066,1677,0.0,0
414,1080,0.43355435132980347,1
701,640,0.0,0
11,1178,0.2136884331703186,1
873,966,0.49414461851119995,1
1270,1984,0.019398324191570282,0
710,1402,0.30038776993751526,1
59,1236,0.16454312205314636,1
1233,1908,0.1912427693605423,1
399,862,0.1758340448141098,1
667,1652,0.2706316113471985,1
439,1699,0.1515239179134369,1
79,730,0.18977035582065582,1
1536,1851,0.0,0
1975,1890,0.0,0
1474,819,0.0,0
674,1171,0.1344534456729889,1
310,399,0.2940064072608948,1
2066,1931,0.0,0
2071,1793,0.0,0
371,137,0.0,0
350,1811,0.41188421845436096,1
46,1365,0.515058696269989,1
2034,1154,0.0,0
717,1773,0.26884108781814575,1
144,1113,0.4159223735332489,1
318,1880,0.14124980568885803,1
1997,161,0.0,0
1210,1223,0.12776288390159607,1
2016,826,0.0,0
1179,1690,0.2563777267932892,1
533,1065,0.0,0
711,513,0.0,0
1917,825,0.0,0
1246,1340,0.0,0
1841,651,0.0,0
451,1072,0.36987540125846863,1
1189,2018,0.3672008514404297,1
621,730,0.22727152705192566,1
612,2088,0.15599994361400604,1
1813,2018,0.464539498090744,1
1302,1776,0.0,0
324,198,0.01931491307914257,0
1488,537,0.0,0
1300,1491,0.12706343829631805,1
1902,2066,0.0,0
717,2088,0.2421017289161682,1
1013,1406,0.0,0
1891,1094,0.0,0
730,1023,0.341709166765213,1
1179,2018,0.18393199145793915,1
130,340,0.3761465549468994,1
875,2015,0.0,0
1474,2033,0.0,0
1988,2021,0.3791916072368622,1
690,1226,0.3553449809551239,1
1238,998,0.0,0
732,1171,0.21689392626285553,1
1894,1497,0.0,0
343,837,0.0,0
1853,640,0.0,0
717,450,0.0,0
451,1001,0.21179451048374176,1
413,609,0.26797398924827576,1
608,555,0.0,0
278,778,0.36055073142051697,1
353,1856,0.13881295919418335,1
1896,2081,0.0,0
353,534,0.33618491888046265,1
101,986,0.3024451732635498,1
1399,1500,0.0,0
53,1917,0.20953036844730377,1
490,966,0.1313105672597885,1
622,1544,0.0,0
1899,1501,0.0,0
211,575,0.3229997456073761,1
419,938,0.15819315612316132,1
1785,2097,0.32470253109931946,1
1954,307,0.0,0
1033,1185,0.175882488489151,1
1872,523,0.0,0
1504,510,0.0,0
423,1476,0.0,0
909,1024,0.41464051604270935,1
864,1508,0.4665725529193878,1
659,911,0.17403115332126617,1
1600,1789,0.0,0
481,1757,0.23791761696338654,1
428,761,0.35255521535873413,1
1037,1347,0.251924604177475,1
236,847,0.15602876245975494,1
801,17,0.01679806225001812,0
1642,427,0.0,0
324,1160,0.0,0
1814,1477,0.0,0
298,863,0.1375717967748642,1
278,385,0.3662610948085785,1
1389,2009,0.3666605055332184,1
720,242,0.0,0
1904,1055,0.0,0
559,1313,0.0,0
1143,61,0.0,0
106,912,0.0,0
1071,1072,0.4994720220565796,1
1503,1662,0.11044282466173172,1
1820,1973,0.41414886713027954,1
531,1856,0.21252229809761047,1
812,1672,0.0,0
271,674,0.29442164301872253,1
15,1785,0.12537416815757751,1
1376,158,0.0,0
966,1515,0.14056847989559174,1
300,745,0.0,0
843,962,0.0,0
399,1961,0.4150950610637665,1
911,2061,0.23370566964149475,1
963,1722,0.17358684539794922,1
339,1179,0.37583011388778687,1
48,271,0.17551752924919128,1
1552,1577,0.22652441263198853,1
180,896,0.0,0
395,1549,0.0,0
641,1535,0.19355067610740662,1
122,1904,0.0,0
860,614,0.0,0
1146,1899,0.2080477923154831,1
207,1682,0.16284625232219696,1
736,192,0.0,0
120,911,0.23815704882144928,1
142,454,0.11059098690748215,1
1327,108,0.0,0
2020,2059,0.21090315282344818,1
1064,55,0.0,0
671,809,0.19323094189167023,1
746,129,0.0,0
1214,805,0.0,0
1785,1950,0.20768828690052032,1
1775,462,0.0,0
451,1094,0.0,0
805,1710,0.0,0
690,1471,0.36157724261283875,1
242,1799,0.48284029960632324,1
339,1437,0.3765445649623871,1
335,1356,0.25874263048171997,1
1600,1659,0.306519091129303,1
673,1719,0.0,0
1035,1883,0.14324893057346344,1
317,302,0.0,0
380,1308,0.48130616545677185,1
432,443,0.0,0
139,161,0.1721096634864807,1
795,1503,0.1961977630853653,1
375,1023,0.34042519330978394,1
120,1457,0.447647362947464,1
183,1642,0.16780933737754822,1
1665,1644,0.0,0
4,760,0.0,0
142,1541,0.16340060532093048,1
837,480,0.0,0
349,949,0.18079973757266998,1
1173,1444,0.0,0
1295,1372,0.25509363412857056,1
553,294,0.017103228718042374,0
1327,562,0.0,0
575,1343,0.11062536388635635,1
390,1560,0.35483431816101074,1
1642,1955,0.0,0
690,1216,0.01826324500143528,0
179,859,0.17704398930072784,1
701,1365,0.4075474739074707,1
853,1289,0.0,0
696,1174,0.10943326354026794,1
731,800,0.12849953770637512,1
898,112,0.0,0
695,805,0.35207149386405945,1
850,1807,0.0,0
1266,415,0.0,0
569,1069,0.36409613490104675,1
490,1535,0.10491186380386353,1
1560,1856,0.15043868124485016,1
1898,1182,0.0,0
863,1087,0.14421339333057404,1
609,1136,0.27772408723831177,1
253,1064,0.0,0
936,386,0.0,0
569,1179,0.35791876912117004,1
1080,2018,0.28473585844039917,1
78,1664,0.0,0
1684,1174,0.007031472399830818,0
111,734,0.019288143143057823,0
743,1284,0.0,0
87,196,0.0,0
363,1879,0.14046721160411835,1
1128,2054,0.37417715787887573,1
998,1981,0.0,0
1226,2068,0.12901093065738678,1
1132,1780,0.5771278142929077,1
1666,1641,0.0,0
1484,1167,0.0,0
2039,234,0.01693280227482319,0
40,1037,0.0,0
531,1880,0.48343077301979065,1
531,1694,0.0,0
776,1164,0.0,0
2072,1115,0.0,0
1017,1189,0.4502134919166565,1
2100,1704,0.0,0
317,378,0.30278700590133667,1
511,1964,0.21030081808567047,1
1399,1449,0.012472915463149548,0
256,1437,0.2904437184333801,1
761,145,0.018362369388341904,0
2085,1099,0.0,0
105,1745,0.0,0
117,568,0.14810197055339813,1
1410,1628,0.29357439279556274,1
142,814,0.0,0
443,1342,0.11991077661514282,1
851,1001,0.20149332284927368,1
1474,261,0.0,0
1005,1385,0.0,0
1775,1707,0.01575334742665291,0
767,977,0.15133099257946014,1
1027,881,0.0,0
596,558,0.0,0
191,210,0.25062838196754456,1
757,2093,0.0,0
102,537,0.01775689236819744,0
25,33,0.0,0
1027,1961,0.25255462527275085,1
1143,1379,0.17280325293540955,1
1029,1905,0.19077946245670319,1
11,1179,0.23802977800369263,1
1187,839,0.0,0
46,864,0.10183671116828918,1
398,1398,0.0,0
1792,809,0.0,0
995,787,0.0191863514482975,0
2069,1677,0.015772700309753418,0
1222,1684,0.18200048804283142,1
701,1453,0.4523323178291321,1
214,260,0.27946531772613525,1
1484,1667,0.0,0
790,1858,0.0,0
37,59,0.1063149943947792,1
1741,1933,0.018690701574087143,0
1522,1810,0.0,0
516,2004,0.22037342190742493,1
405,911,0.3023248314857483,1
1816,2057,0.0,0
932,1506,0.0,0
1530,1562,0.24495361745357513,1
571,1308,0.34829360246658325,1
1301,55,0.0,0
2097,661,0.0,0
56,668,0.1015448346734047,1
1132,1379,0.4612948000431061,1
120,1766,0.30844396352767944,1
1001,1813,0.2500467896461487,1
831,1172,0.1009230837225914,1
808,1071,0.3546940088272095,1
1874,772,0.0,0
400,1356,0.48026344180107117,1
2017,2062,0.01939471997320652,0
938,1050,0.0,0
1196,1277,0.15887129306793213,1
1987,350,0.0,0
263,420,0.10868324339389801,1
198,1995,0.10341989994049072,1
834,667,0.0,0
1751,1807,0.4123055040836334,1
317,1627,0.39017483592033386,1
1440,772,0.0,0
1666,1798,0.0,0
248,930,0.2741262912750244,1
97,1808,0.0,0
920,726,0.0,0
150,232,0.28424006700515747,1
82,941,0.0,0
1787,808,0.01696588285267353,0
609,861,0.20584960281848907,1
2099,1071,0.0,0
256,884,0.2975112795829773,1
987,614,0.0,0
266,21,0.01960362307727337,0
573,273,0.015481285750865936,0
1459,22,0.0,0
730,781,0.25146153569221497,1
1267,1809,0.34815430641174316,1
301,753,0.1376490443944931,1
1263,1471,0.3742140233516693,1
327,503,0.3384162187576294,1
1104,1821,0.1659296154975891,1
1511,1856,0.1851278692483902,1
723,851,0.4534631371498108,1
941,1128,0.15771456062793732,1
13,1232,0.015842758119106293,0
470,1813,0.4852462708950043,1
470,723,0.5523109436035156,1
469,1959,0.0172729529440403,0
1018,1520,0.017550114542245865,0
1961,511,0.0,0
1501,1386,0.0,0
534,1954,0.3027976453304291,1
981,456,0.0,0
708,1660,0.2110319584608078,1
1155,2034,0.0,0
59,499,0.2582331597805023,1
310,1145,0.23168104887008667,1
948,1092,0.0,0
1452,676,0.0,0
739,1230,0.0,0
1264,1654,0.017069760710000992,0
1088,137,0.015881886705756187,0
884,1737,0.0,0
1865,1303,0.01765299215912819,0
1497,575,0.0,0
1941,1291,0.0,0
1278,1607,0.3093359172344208,1
437,1572,0.24634012579917908,1
1755,1679,0.0,0
1690,1838,0.19150638580322266,1
598,849,0.0,0
310,1453,0.3068232536315918,1
1243,1646,0.0,0
24,502,0.2673616409301758,1
1335,1554,0.0,0
1113,1145,0.11945940554141998,1
709,583,0.0,0
1253,1365,0.45902955532073975,1
329,884,0.19408075511455536,1
882,467,0.0,0
150,286,0.44552725553512573,1
688,1906,0.237370103597641,1
1776,1238,0.0,0
1503,1741,0.10653135180473328,1
884,1377,0.016392534598708153,0
107,1497,0.0,0
129,451,0.34669679403305054,1
1053,2004,0.15178680419921875,1
802,1903,0.0,0
1869,1353,0.0,0
420,1343,0.015304828993976116,0
520,954,0.2548997402191162,1
191,512,0.01560466829687357,0
1369,1766,0.2034638524055481,1
521,1804,0.32654404640197754,1
332,659,0.16386979818344116,1
50,831,0.1161738932132721,1
298,1830,0.11567231267690659,1
922,578,0.0,0
322,2088,0.11573468893766403,1
84,383,0.0,0
1976,698,0.0,0
534,1717,0.3371293246746063,1
346,1796,0.20829589664936066,1
24,1308,0.35361284017562866,1
1339,1559,0.5258152484893799,1
723,911,0.39543962478637695,1
1904,979,0.0,0
1171,1111,0.017105961218476295,0
49,1113,0.18478552997112274,1
298,688,0.11418071389198303,1
419,851,0.1607302725315094,1
66,452,0.22354663908481598,1
576,810,0.0,0
1944,642,0.0,0
754,1769,0.0,0
310,1135,0.3039766550064087,1
22,198,0.21350590884685516,1
383,966,0.14935968816280365,1
738,1983,0.0,0
162,1178,0.1807924062013626,1
30,1503,0.10443755239248276,1
63,676,0.3344027101993561,1
572,1248,0.1492713838815689,1
619,839,0.01937917433679104,0
855,127,0.0,0
1921,1702,0.0,0
886,1781,0.0,0
877,1973,0.0,0
581,702,0.23529987037181854,1
1608,2039,0.12687483429908752,1
634,1238,0.018893713131546974,0
690,2071,0.4382997155189514,1
1274,1824,0.13823182880878448,1
1898,288,0.019563868641853333,0
2043,1253,0.0,0
1451,2093,0.0,0
1301,577,0.01651780866086483,0
1004,1741,0.0,0
1298,1869,0.1422046273946762,1
302,1560,0.24508288502693176,1
213,1347,0.0,0
443,589,0.0,0
1633,640,0.014430560171604156,0
176,1851,0.0,0
674,1856,0.17105315625667572,1
1146,1544,0.14043022692203522,1
749,1017,0.503696620464325,1
280,414,0.1348937749862671,1
124,859,0.18408755958080292,1
916,127,0.01897508092224598,0
21,1023,0.4188058078289032,1
1136,1145,0.28166404366493225,1
201,1449,0.016070770099759102,0
658,1931,0.1191815510392189,1
233,1755,0.0,0
5,1984,0.0,0
1946,877,0.0,0
481,2037,0.15164007246494293,1
613,1266,0.0,0
700,1264,0.0,0
1662,1761,0.18951080739498138,1
1128,602,0.0,0
1755,771,0.0,0
864,1597,0.16148746013641357,1
125,1554,0.13262809813022614,1
385,451,0.5457876324653625,1
283,537,0.0,0
986,1196,0.16369478404521942,1
1986,1005,0.0,0
155,589,0.0,0
782,1279,0.1455795168876648,1
632,1263,0.3218231201171875,1
26,1261,0.0,0
70,670,0.16915367543697357,1
30,390,0.25409117341041565,1
621,1773,0.1902848482131958,1
409,1659,0.1676511913537979,1
225,582,0.25362515449523926,1
1115,1210,0.10690099000930786,1
49,263,0.0,0
254,2095,0.0,0
271,1104,0.18095526099205017,1
691,2059,0.36277323961257935,1
2060,1975,0.0,0
44,1731,0.0,0
700,882,0.2238057404756546,1
1642,498,0.0,0
22,46,0.0,0
81,627,0.0,0
47,1445,0.2422027289867401,1
1093,984,0.016078680753707886,0
797,1451,0.2905499041080475,1
582,720,0.0,0
641,16,0.0,0
231,232,0.3482552170753479,1
33,1016,0.018278513103723526,0
911,1298,0.3412682116031647,1
579,1733,0.2173004299402237,1
1893,231,0.0,0
350,676,0.0,0
481,1027,0.20851321518421173,1
804,1106,0.23225189745426178,1
318,847,0.11952940374612808,1
1737,156,0.009222844615578651,0
1102,94,0.0,0
377,2016,0.0,0
490,1690,0.14514240622520447,1
1935,1934,0.0,0
1405,859,0.01891002245247364,0
852,2004,0.17567965388298035,1
557,1500,0.16403181850910187,1
1356,1476,0.34583356976509094,1
1362,942,0.0,0
1307,1073,0.0,0
1477,592,0.0,0
3,1599,0.0,0
663,825,0.0,0
1356,1766,0.49115025997161865,1
646,837,0.0,0
285,1809,0.19479581713676453,1
534,1247,0.4363865256309509,1
534,1356,0.3789359927177429,1
1090,60,0.0,0
1044,9,0.0,0
696,1702,0.3289948105812073,1
827,1187,0.0,0
1076,1799,0.0,0
73,1210,0.17414987087249756,1
1511,1206,0.0,0
417,1820,0.44065001606941223,1
99,460,0.16209779679775238,1
2054,62,0.0,0
405,421,0.42332184314727783,1
51,202,0.27655261754989624,1
694,804,0.0,0
415,470,0.6103289127349854,1
1301,1445,0.311990886926651,1
479,795,0.515579879283905,1
723,757,0.47992053627967834,1
322,1954,0.3753906488418579,1
322,518,0.28921395540237427,1
686,1266,0.0,0
1179,1600,0.2522711157798767,1
1197,484,0.0,0
1791,2035,0.0,0
632,1875,0.01930251531302929,0
1857,1580,0.0,0
133,1263,0.33119964599609375,1
531,684,0.545201301574707,1
1184,1973,0.30929145216941833,1
1379,1941,0.01928134076297283,0
1669,432,0.0,0
1003,1221,0.0,0
842,1060,0.1063816100358963,1
108,1002,0.0,0
1032,1224,0.4106587767601013,1
1144,1979,0.0,0
1196,2042,0.21326717734336853,1
403,1825,0.16835126280784607,1
1991,996,0.0,0
192,1489,0.0,0
1781,1465,0.015541057102382183,0
1133,1530,0.12402216345071793,1
682,215,0.0,0
1627,960,0.0,0
675,1445,0.29088371992111206,1
1429,1406,0.0,0
686,993,0.01878267154097557,0
851,1247,0.5174137353897095,1
1485,1196,0.0,0
12,1023,0.1266067773103714,1
852,1148,0.016265811398625374,0
126,1470,0.0,0
1726,2068,0.12759532034397125,1
320,858,0.01997886598110199,0
127,317,0.10398363322019577,1
1126,2040,0.018793733790516853,0
1177,1527,0.12038952112197876,1
72,649,0.0,0
1430,1235,0.017071174457669258,0
1882,1686,0.0,0
1844,341,0.0,0
1188,529,0.0,0
248,413,0.18381136655807495,1
143,1503,0.127107173204422,1
852,1145,0.3341948091983795,1
1401,39,0.0,0
307,886,0.0,0
1419,1164,0.019283413887023926,0
157,877,0.16346865892410278,1
615,1852,0.0,0
87,2071,0.6564123630523682,1
247,1380,0.13268227875232697,1
41,494,0.0,0
1394,1503,0.23450976610183716,1
1857,1298,0.0,0
1246,307,0.0,0
1979,28,0.0,0
377,1093,0.1864989697933197,1
499,1503,0.11139854788780212,1
658,677,0.0,0
632,1437,0.28309109807014465,1
985,1308,0.49432051181793213,1
761,1270,0.0,0
464,1113,0.0,0
882,363,0.019125858321785927,0
675,1263,0.2351732850074768,1
1283,2021,0.40522128343582153,1
1530,1809,0.2311011701822281,1
711,1313,0.0,0
413,1453,0.2543324828147888,1
1004,1777,0.0,0
1100,1660,0.16645604372024536,1
949,684,0.0,0
1840,332,0.0,0
431,1508,0.3222622871398926,1
873,1895,0.4800304174423218,1
1741,1076,0.0,0
816,1766,0.44137468934059143,1
1404,832,0.0,0
1478,1780,0.44776180386543274,1
849,391,0.0,0
636,749,0.2919069528579712,1
1866,491,0.0,0
1023,1247,0.4518137574195862,1
1730,1333,0.01823345571756363,0
823,1274,0.0,0
236,749,0.3778863549232483,1
1378,126,0.0,0
1944,1114,0.015847433358430862,0
136,1071,0.5700218677520752,1
1369,1748,0.1913548856973648,1
486,1725,0.3337060511112213,1
1342,1976,0.16724233329296112,1
419,1300,0.17857475578784943,1
1554,1709,0.22542151808738708,1
1501,2067,0.13418005406856537,1
931,1648,0.013823924586176872,0
288,1477,0.0,0
1585,1240,0.0,0
1399,1816,0.0,0
1669,495,0.0,0
79,759,0.1116265133023262,1
1554,697,0.0,0
1606,2061,0.2939472198486328,1
1221,525,0.0,0
754,1707,0.13025827705860138,1
205,1990,0.0,0
691,938,0.2426774948835373,1
1145,1560,0.2542651891708374,1
966,1080,0.31863629817962646,1
1072,1895,0.3827032744884491,1
210,1514,0.18050868809223175,1
232,1027,0.4285658597946167,1
1275,454,0.017212558537721634,0
682,946,0.10941936820745468,1
760,806,0.018183734267950058,0
1080,1253,0.43259182572364807,1
553,795,0.3517961800098419,1
1717,915,0.0,0
534,665,0.1501927673816681,1
640,2065,0.018654678016901016,0
132,1437,0.38019585609436035,1
343,541,0.239139124751091,1
1004,1733,0.009509371593594551,0
707,420,0.0,0
1089,68,0.0,0
288,1709,0.13345733284950256,1
704,921,0.10963159054517746,1
697,2076,0.0,0
1025,987,0.0,0
691,847,0.1639007329940796,1
1001,1132,0.36484238505363464,1
318,723,0.3119754195213318,1
1705,129,0.0,0
178,5,0.01758425123989582,0
710,808,0.016961874440312386,0
527,1399,0.41293221712112427,1
625,1262,0.0,0
147,1263,0.3250912129878998,1
470,884,0.3685441017150879,1
809,1453,0.4591831862926483,1
512,1770,0.0,0
25,636,0.31715887784957886,1
347,1016,0.016173524782061577,0
1053,1434,0.3460983633995056,1
111,435,0.113948754966259,1
1205,1893,0.0,0
1463,1171,0.0,0
996,1349,0.0,0
1253,1606,0.4657948911190033,1
87,691,0.20056071877479553,1
581,651,0.3103511333465576,1
340,1301,0.31140244007110596,1
1089,353,0.0,0
710,1340,0.14064936339855194,1
1475,1578,0.3343088924884796,1
1333,134,0.0,0
58,527,0.2831681966781616,1
1968,836,0.0,0
728,1280,0.18296848237514496,1
837,1581,0.0,0
921,821,0.019503731280565262,0
302,161,0.0,0
667,1646,0.19002962112426758,1
1476,1572,0.2742607891559601,1
1054,694,0.0,0
1121,1516,0.0,0
531,1607,0.4738037586212158,1
1578,1549,0.015019741840660572,0
1027,1734,0.3210921287536621,1
393,1300,0.0,0
1814,204,0.0,0
930,1080,0.3304416537284851,1
959,1173,0.20586299896240234,1
1002,1725,0.28778210282325745,1
1483,100,0.015943968668580055,0
148,1852,0.0,0
1441,283,0.0,0
714,1490,0.0,0
1023,1815,0.01877623423933983,0
10,2022,0.0,0
1847,474,0.0,0
727,322,0.0,0
732,1033,0.3732512891292572,1
1397,1480,0.0,0
423,279,0.0,0
1101,1418,0.0,0
1762,1780,0.385652095079422,1
1817,1976,0.0,0
1625,70,0.0,0
133,1568,0.39319175481796265,1
1890,1120,0.0,0
380,1336,0.0,0
485,1495,0.13024908304214478,1
1405,71,0.0,0
132,1294,0.2582645118236542,1
83,1818,0.0,0
1952,744,0.0,0
1135,1856,0.27031856775283813,1
433,117,0.0,0
520,1818,0.12078365683555603,1
559,1264,0.34457969665527344,1
1551,1233,0.0,0
236,2087,0.3658495843410492,1
645,1481,0.017313024029135704,0
1150,1588,0.37953269481658936,1
571,1965,0.3164931535720825,1
59,759,0.10284750163555145,1
1263,1773,0.2609822154045105,1
2029,800,0.0,0
826,200,0.015101222321391106,0
534,781,0.47265592217445374,1
1044,1642,0.019070027396082878,0
200,1497,0.017110640183091164,0
884,1332,0.3630000054836273,1
237,1905,0.18664100766181946,1
685,1503,0.18348629772663116,1
876,546,0.0,0
355,375,0.24709317088127136,1
1657,1528,0.0,0
1642,189,0.0,0
1086,1846,0.2227874994277954,1
99,767,0.23398667573928833,1
1493,109,0.0,0
255,175,0.0,0
882,2086,0.0,0
24,1033,0.3290673792362213,1
890,439,0.0,0
1197,1155,0.0,0
161,103,0.018921134993433952,0
1855,356,0.0,0
366,80,0.0,0
75,1243,0.013932459987699986,0
451,1283,0.44389626383781433,1
454,802,0.24478499591350555,1
1430,660,0.0,0
1365,1959,0.40406540036201477,1
204,513,0.0,0
1136,1272,0.350105345249176,1
562,1592,0.017415381968021393,0
118,1778,0.016005389392375946,0
1554,1702,0.31993427872657776,1
1626,1312,0.0,0
1165,1975,0.01804565265774727,0
1780,1279,0.0,0
43,193,0.19191567599773407,1
337,933,0.0,0
819,1749,0.0,0
24,1216,0.0191451795399189,0
555,27,0.0,0
490,1253,0.14838853478431702,1
256,1606,0.3742384910583496,1
2032,435,0.019200192764401436,0
186,1518,0.0,0
930,1898,0.27245479822158813,1
1845,1889,0.13445457816123962,1
1032,1347,0.21585848927497864,1
1135,1308,0.4591064453125,1
413,1659,0.20529308915138245,1
1744,842,0.0,0
728,998,0.0,0
1639,1889,0.17119456827640533,1
2045,1090,0.0,0
1115,1478,0.0,0
1516,1663,0.24009396135807037,1
18,308,0.16743707656860352,1
1290,873,0.0,0
2019,736,0.0,0
158,1457,0.18642716109752655,1
837,2006,0.2201085239648819,1
363,419,0.0,0
1848,1122,0.0,0
1102,1790,0.12995225191116333,1
731,1488,0.17216424643993378,1
1643,1935,0.0,0
1917,345,0.016542108729481697,0
79,2018,0.2930821478366852,1
579,1981,0.0,0
586,1971,0.0,0
553,1023,0.26261210441589355,1
332,723,0.18587663769721985,1
1517,1724,0.01523082610219717,0
1163,1423,0.00788473803550005,0
340,1722,0.31272006034851074,1
2030,82,0.01840735226869583,0
313,377,0.17505134642124176,1
1139,1563,0.12271218001842499,1
273,1397,0.0,0
1154,1929,0.10327993333339691,1
845,864,0.011225479654967785,0
148,1881,0.0,0
310,691,0.2386697381734848,1
75,1004,0.0,0
258,1869,0.11564337462186813,1
302,1305,0.46280229091644287,1
45,20,0.0,0
256,1515,0.12787026166915894,1
1478,1646,0.2517521381378174,1
1298,891,0.0,0
1807,2018,0.0,0
421,61,0.0,0
1233,1722,0.2759721279144287,1
46,280,0.11367573589086533,1
632,1828,0.5893956422805786,1
862,1659,0.14483782649040222,1
1708,1731,0.0,0
162,884,0.19305992126464844,1
1184,1159,0.015708178281784058,0
1206,1989,0.0,0
399,1525,0.4311977028846741,1
132,226,0.5797227025032043,1
46,1080,0.47566789388656616,1
820,1470,0.0,0
925,2047,0.1885303109884262,1
911,1771,0.31438151001930237,1
306,1683,0.0,0
582,1803,0.0,0
240,1253,0.3441336452960968,1
788,1091,0.0,0
1371,2068,0.0,0
1608,1195,0.0,0
621,778,0.34077292680740356,1
720,1586,0.20416773855686188,1
468,573,0.0,0
285,760,0.26976603269577026,1
43,310,0.10356441885232925,1
231,1278,0.40122172236442566,1
261,155,0.0,0
375,1649,0.2450515329837799,1
1762,2037,0.3006952702999115,1
3,129,0.0,0
2027,565,0.0,0
1167,1454,0.0,0
372,1933,0.0,0
470,1386,0.01859191618859768,0
1853,1774,0.0,0
738,1730,0.0,0
1289,699,0.0,0
981,699,0.0,0
411,439,0.2984953820705414,1
1909,2037,0.1797173172235489,1
545,1277,0.11485574394464493,1
647,1035,0.20389194786548615,1
859,2037,0.1855180859565735,1
508,226,0.0,0
609,1765,0.3646951913833618,1
1321,579,0.0,0
990,395,0.0,0
1634,1833,0.0,0
1180,1894,0.2488347738981247,1
470,1564,0.5555048584938049,1
675,1464,0.0,0
283,494,0.0,0
2067,1498,0.0,0
1950,1254,0.019604884088039398,0
1687,2087,0.4482612609863281,1
1666,108,0.0,0
98,400,0.4616933763027191,1
1165,561,0.0,0
1300,1766,0.3772835433483124,1
97,437,0.0,0
1875,1429,0.018476279452443123,0
1576,812,0.0,0
77,579,0.0,0
1343,1627,0.2575456202030182,1
1230,742,0.0,0
1101,852,0.0,0
405,1734,0.29686829447746277,1
374,214,0.0,0
527,1648,0.34722134470939636,1
922,9,0.0,0
147,667,0.43046051263809204,1
1533,1163,0.007875839248299599,0
130,1107,0.0,0
852,878,0.36554569005966187,1
1898,2018,0.3263480067253113,1
778,1453,0.3916427493095398,1
1171,1781,0.0,0
675,851,0.2963339388370514,1
1290,1682,0.0,0
1804,1826,0.19069869816303253,1
779,1869,0.1268163025379181,1
329,571,0.3345896303653717,1
704,1699,0.27277716994285583,1
1300,1429,0.33336547017097473,1
441,553,0.0,0
890,1671,0.18578630685806274,1
602,469,0.0,0
1145,281,0.0,0
211,1020,0.0,0
460,782,0.12710970640182495,1
271,361,0.5233153700828552,1
2046,1355,0.0,0
241,1214,0.1147523745894432,1
1394,1522,0.1806415617465973,1
583,515,0.0,0
646,1042,0.3635806441307068,1
380,390,0.3764811158180237,1
400,538,0.5154548287391663,1
498,503,0.36583682894706726,1
828,1671,0.18078996241092682,1
1622,1356,0.0,0
79,583,0.014759188517928123,0
727,188,0.0,0
46,815,0.533486008644104,1
1712,254,0.015497401356697083,0
284,530,0.0,0
797,32,0.0,0
242,637,0.0,0
1002,1199,0.0,0
114,157,0.3505881726741791,1
1383,722,0.015491798520088196,0
1854,842,0.0,0
1206,1351,0.0,0
815,966,0.4668743312358856,1
464,279,0.0,0
1204,346,0.0,0
1530,1592,0.2503691017627716,1
966,1072,0.33683139085769653,1
761,768,0.0,0
935,2084,0.0,0
1418,1621,0.0,0
31,211,0.171343594789505,1
506,1551,0.10379138588905334,1
732,757,0.323369562625885,1
813,2016,0.18795447051525116,1
459,936,0.0,0
1593,2000,0.13140076398849487,1
1237,1802,0.019309809431433678,0
536,640,0.12442147731781006,1
208,46,0.0,0
646,1829,0.41464459896087646,1
1322,1499,0.0,0
515,1340,0.0,0
1677,365,0.0,0
1174,319,0.0,0
1611,192,0.0,0
1787,607,0.0,0
726,1300,0.16596722602844238,1
2036,1601,0.01904473826289177,0
2053,1539,0.0,0
98,701,0.4556175172328949,1
545,1572,0.16633763909339905,1
1578,1565,0.0,0
620,838,0.0,0
55,1382,0.21432530879974365,1
1573,1831,0.34251484274864197,1
863,1832,0.34598857164382935,1
793,2037,0.33987781405448914,1
497,1471,0.43169623613357544,1
531,2023,0.5333786606788635,1
179,553,0.1757722795009613,1
121,2018,0.20863299071788788,1
1872,1997,0.0,0
1184,1606,0.31080523133277893,1
732,911,0.2912583649158478,1
1242,580,0.019307950511574745,0
1616,1965,0.301021933555603,1
1013,375,0.0,0
43,300,0.0,0
145,928,0.0,0
202,814,0.0,0
449,1707,0.1868278980255127,1
24,1233,0.22172734141349792,1
1942,1497,0.0,0
258,1895,0.4138927757740021,1
503,781,0.3656558692455292,1
558,690,0.25691530108451843,1
850,859,0.13117438554763794,1
1005,364,0.0,0
815,1437,0.25101733207702637,1
407,421,0.0,0
2053,2083,0.01725681684911251,0
1559,1710,0.0,0
1525,1846,0.26840725541114807,1
1072,1179,0.2733229696750641,1
503,1771,0.2711840271949768,1
12,1368,0.1977512240409851,1
302,674,0.3514515161514282,1
514,1986,0.0,0
421,911,0.42863309383392334,1
847,1725,0.1451128125190735,1
415,930,0.38703057169914246,1
308,1498,0.0,0
414,1253,0.5383685231208801,1
684,1300,0.43192532658576965,1
797,262,0.0,0
1058,2016,0.0,0
43,757,0.14780108630657196,1
493,534,0.1853683888912201,1
302,318,0.24582454562187195,1
815,1226,0.26360952854156494,1
318,1023,0.27490881085395813,1
58,1979,0.3324238061904907,1
1120,1826,0.10251980274915695,1
1801,1325,0.0,0
466,938,0.31032794713974,1
231,498,0.4052369296550751,1
1291,434,0.0,0
1181,2021,0.0,0
322,1662,0.10162648558616638,1
1363,559,0.0,0
749,966,0.42414945363998413,1
494,1298,0.2590101361274719,1
1305,1774,0.0,0
186,1387,0.0,0
1151,331,0.0,0
1695,1108,0.0,0
132,569,0.34867510199546814,1
1001,1954,0.12005075067281723,1
1100,799,0.0,0
252,425,0.47872284054756165,1
636,1033,0.3536461889743805,1
679,172,0.0,0
315,1690,0.18800988793373108,1
614,637,0.0,0
388,1091,0.11339586973190308,1
2023,661,0.0,0
1225,602,0.0,0
1101,716,0.01991339772939682,0
761,1944,0.0,0
1053,1451,0.2648777961730957,1
338,1256,0.0,0
416,1084,0.0,0
1686,1971,0.0,0
1644,955,0.0,0
216,824,0.01953507587313652,0
1710,1922,0.01740879938006401,0
112,874,0.0,0
726,1092,0.2872246205806732,1
486,1954,0.2863742411136627,1
665,1835,0.22539189457893372,1
229,1895,0.18373894691467285,1
549,850,0.0,0
55,400,0.0,0
1476,1559,0.10442100465297699,1
1247,284,0.0,0
736,1034,0.18844479322433472,1
1705,828,0.018997546285390854,0
518,1451,0.3576952815055847,1
1360,86,0.0,0
1058,1636,0.42340198159217834,1
110,778,0.2758229672908783,1
297,958,0.0,0
816,1511,0.41473832726478577,1
621,2037,0.17407739162445068,1
50,552,0.0,0
889,1404,0.23351550102233887,1
87,347,0.0,0
22,1850,0.0,0
332,1135,0.21664482355117798,1
810,1836,0.0,0
372,670,0.0,0
9,277,0.0,0
514,1072,0.37684231996536255,1
12,1146,0.12536029517650604,1
1148,1475,0.0,0
846,305,0.0,0
405,1917,0.26332423090934753,1
1993,511,0.0,0
60,1902,0.0,0
11,1136,0.22993509471416473,1
50,1500,0.019886035472154617,0
1200,1776,0.0,0
178,1584,0.0,0
623,1348,0.0,0
621,1189,0.19809378683567047,1
142,596,0.2873048186302185,1
302,671,0.11826765537261963,1
1484,1694,0.0,0
1488,1619,0.11065620183944702,1
253,1058,0.2454995959997177,1
1173,1835,0.111355260014534,1
240,2044,0.0,0
1810,176,0.0,0
486,538,0.5031352043151855,1
2005,853,0.0,0
1311,550,0.0,0
649,1281,0.19058628380298615,1
1440,443,0.0,0
1549,161,0.0,0
431,1540,0.018836742267012596,0
908,249,0.0,0
1058,1939,0.0,0
146,413,0.3453170359134674,1
110,1606,0.36144253611564636,1
760,178,0.015476438216865063,0
129,1065,0.3099050521850586,1
1891,1378,0.01607218012213707,0
53,390,0.40100300312042236,1
909,931,0.0,0
2099,205,0.0,0
514,1356,0.37585654854774475,1
1104,2087,0.2341313511133194,1
1820,40,0.0,0
444,90,0.0,0
230,385,0.36605826020240784,1
691,1033,0.29529592394828796,1
890,1978,0.5269078016281128,1
825,112,0.0,0
179,486,0.3815058171749115,1
233,2020,0.18529638648033142,1
1553,2066,0.1566147357225418,1
823,1580,0.0,0
132,1742,0.2969115078449249,1
1369,1773,0.11902584135532379,1
683,1038,0.4396427571773529,1
1265,1367,0.0,0
534,1798,0.18009112775325775,1
836,1662,0.2041889727115631,1
994,1164,0.12360522150993347,1
1179,1965,0.18490123748779297,1
1377,423,0.0,0
1230,306,0.0,0
899,695,0.0,0
822,842,0.14941583573818207,1
1662,1869,0.185936838388443,1
1897,78,0.0,0
142,2025,0.13739676773548126,1
1758,946,0.0,0
552,315,0.0,0
271,1568,0.31111830472946167,1
1398,586,0.0,0
1623,1390,0.01777750998735428,0
1054,871,0.0,0
358,1377,0.0,0
527,674,0.4270661473274231,1
1971,644,0.0,0
232,236,0.23247870802879333,1
502,1811,0.29120826721191406,1
310,795,0.35532987117767334,1
1423,1568,0.2203890085220337,1
1399,1724,0.011493219062685966,0
24,732,0.2329944521188736,1
1238,1893,0.0,0
56,911,0.0,0
1210,2055,0.15210363268852234,1
264,1309,0.0,0
851,1973,0.34577974677085876,1
527,1757,0.215057373046875,1
1222,1606,0.20304220914840698,1
204,1997,0.016169797629117966,0
1921,1073,0.0,0
1811,1640,0.0,0
825,8,0.0,0
1611,468,0.0,0
2084,2092,0.3306865692138672,1
1897,2086,0.0,0
86,1418,0.13143901526927948,1
1060,1156,0.10166145116090775,1
58,593,0.315343976020813,1
500,1773,0.0,0
227,55,0.0,0
533,29,0.01580665074288845,0
545,927,0.13648010790348053,1
468,1506,0.019873082637786865,0
2006,1934,0.0,0
962,1085,0.0,0
1024,1360,0.0,0
207,1850,0.11366938799619675,1
1984,2032,0.0,0
7,1666,0.6310200095176697,1
1788,1856,0.23468592762947083,1
533,1481,0.0,0
107,823,0.0,0
107,616,0.30055469274520874,1
1754,330,0.016362303867936134,0
827,1174,0.351045697927475,1
884,1132,0.437936395406723,1
57,146,0.21463415026664734,1
229,938,0.22884078323841095,1
146,998,0.2931923568248749,1
665,1161,0.0,0
486,2004,0.25315770506858826,1
553,1350,0.0,0
695,928,0.10964394360780716,1
303,754,0.17630161345005035,1
1955,180,0.0,0
134,1797,0.0,0
1433,1126,0.01870972290635109,0
405,561,0.20916475355625153,1
355,514,0.24342074990272522,1
1144,1364,0.25358378887176514,1
304,306,0.18196441233158112,1
146,115,0.0,0
1382,477,0.019041484221816063,0
1406,1813,0.0,0
1603,415,0.0,0
442,294,0.0,0
1755,2075,0.019109508022665977,0
302,1071,0.3306153416633606,1
632,1325,0.0,0
1009,3,0.0,0
446,1779,0.0,0
697,1160,0.0,0
1030,519,0.016782961785793304,0
63,1275,0.15954865515232086,1
278,1301,0.335888147354126,1
17,1661,0.36692729592323303,1
1670,931,0.0,0
1595,2069,0.01578398235142231,0
132,1253,0.4528060555458069,1
2025,254,0.0,0
545,1636,0.14080335199832916,1
479,836,0.3544485569000244,1
1874,162,0.0,0
749,1453,0.4415227770805359,1
195,398,0.215311661362648,1
1922,651,0.0,0
760,1069,0.11041415482759476,1
777,331,0.0,0
843,904,0.018184669315814972,0
886,405,0.019448895007371902,0
1877,2021,0.0,0
236,413,0.3484885096549988,1
318,1954,0.3435494899749756,1
421,571,0.4605627655982971,1
114,890,0.5211726427078247,1
1278,1762,0.2766837775707245,1
146,1478,0.40278539061546326,1
340,749,0.3747635781764984,1
204,843,0.1671982705593109,1
1939,234,0.0,0
231,984,0.4426172077655792,1
1646,2018,0.17715293169021606,1
529,962,0.22394968569278717,1
378,640,0.2902420461177826,1
717,1072,0.5014915466308594,1
1731,374,0.0,0
1429,1780,0.5366982221603394,1
1900,467,0.0,0
1110,1542,0.0,0
308,800,0.34827831387519836,1
282,1385,0.0,0
1136,1590,0.2751483619213104,1
859,1255,0.17698708176612854,1
1929,2014,0.15892362594604492,1
1858,1966,0.018949441611766815,0
819,873,0.5674171447753906,1
1146,1299,0.15263158082962036,1
777,1990,0.0,0
1115,1063,0.0,0
808,1532,0.42939430475234985,1
297,332,0.017034413293004036,0
1521,1499,0.0,0
840,2099,0.0,0
1864,1291,0.0,0
62,1697,0.017525047063827515,0
399,1984,0.014161917380988598,0
1521,20,0.0,0
614,8,0.0,0
1445,1656,0.01942182518541813,0
247,1783,0.01938735321164131,0
134,534,0.2780578136444092,1
227,553,0.1976601481437683,1
110,229,0.1392003446817398,1
582,1418,0.10620057582855225,1
546,627,0.10023366659879684,1
2024,310,0.0,0
419,1071,0.3023325204849243,1
333,462,0.0,0
1973,1930,0.0,0
232,1263,0.217568039894104,1
79,133,0.398992121219635,1
1948,1744,0.0,0
1356,2021,0.5156049728393555,1
1230,321,0.0,0
1586,1911,0.0,0
155,1258,0.19555112719535828,1
129,340,0.39807623624801636,1
1388,1662,0.0,0
450,1627,0.30354923009872437,1
1058,1198,0.33360135555267334,1
1057,1253,0.40184590220451355,1
196,1721,0.0,0
1075,1929,0.10191839188337326,1
1339,1476,0.11212854087352753,1
1145,1724,0.0,0
1402,938,0.0,0
419,84,0.0,0
337,4,0.0,0
625,1193,0.0,0
1161,1930,0.1433776617050171,1
256,586,0.0,0
144,1979,0.394670307636261,1
390,1429,0.38579070568084717,1
119,789,0.0,0
241,333,0.0,0
891,596,0.017830485478043556,0
1102,633,0.0,0
1477,140,0.0,0
797,1052,0.0,0
1733,1871,0.0,0
1281,1556,0.15782670676708221,1
343,1968,0.39147964119911194,1
612,984,0.2072674036026001,1
58,2004,0.1845724880695343,1
117,1210,0.35343581438064575,1
1113,1572,0.2754397392272949,1
486,1726,0.5968185067176819,1
1014,1456,0.008610229007899761,0
1437,1606,0.32820582389831543,1
162,659,0.1476108431816101,1
815,827,0.0,0
529,1982,0.01833246275782585,0
1555,1828,0.48679062724113464,1
49,1961,0.12083824723958969,1
339,1253,0.5776441097259521,1
1018,96,0.0,0
514,2054,0.37337660789489746,1
481,1023,0.3639906942844391,1
1949,823,0.017182867974042892,0
1531,2078,0.0,0
975,1419,0.15947678685188293,1
1891,763,0.017926085740327835,0
399,1034,0.18298085033893585,1
300,1018,0.0,0
2041,1789,0.0,0
662,205,0.0,0
2087,56,0.0,0
405,208,0.0,0
111,270,0.21846970915794373,1
1258,1601,0.2109377533197403,1
139,986,0.2686373293399811,1
1187,615,0.0,0
1023,1080,0.31401944160461426,1
338,562,0.019797855988144875,0
419,1759,0.0,0
46,1453,0.5592551231384277,1
298,1535,0.10470771044492722,1
1155,1775,0.0,0
1069,1301,0.250200480222702,1
935,757,0.0,0
1363,1271,0.0,0
980,202,0.0,0
873,37,0.01780516467988491,0
709,1627,0.31314975023269653,1
1593,1811,0.1547631025314331,1
1583,1125,0.0,0
1666,1734,0.2840626537799835,1
1442,140,0.01886541210114956,0
665,1173,0.21886968612670898,1
1033,1247,0.448679119348526,1
1495,1638,0.14940817654132843,1
1283,2088,0.11659954488277435,1
51,677,0.2153071016073227,1
1987,689,0.0,0
770,1069,0.3054003417491913,1
57,1528,0.2067519575357437,1
723,1813,0.4553845524787903,1
1154,1287,0.0,0
1973,2037,0.4042382538318634,1
1244,1975,0.0,0
808,1687,0.2504003345966339,1
545,984,0.25180503726005554,1
507,447,0.0,0
871,1556,0.19416813552379608,1
302,1072,0.2581649422645569,1
1106,1150,0.18988385796546936,1
671,268,0.0,0
133,930,0.3910059630870819,1
1856,1611,0.0,0
527,1124,0.32619333267211914,1
933,304,0.016858378425240517,0
133,840,0.0,0
13,912,0.0,0
1253,480,0.0,0
546,1847,0.0,0
1382,701,0.0,0
338,753,0.13057339191436768,1
129,1092,0.2894984781742096,1
139,1801,0.0,0
1040,548,0.0,0
853,1307,0.0,0
1895,1917,0.22286659479141235,1
1132,1263,0.3437492847442627,1
508,768,0.0,0
2033,2087,0.3922240734100342,1
561,1113,0.21697998046875,1
377,1173,0.0,0
1305,224,0.01686702109873295,0
46,569,0.35763904452323914,1
708,860,0.24326135218143463,1
531,1635,0.0,0
831,190,0.019260656088590622,0
1695,809,0.011655465699732304,0
339,675,0.4055105745792389,1
1452,1191,0.01741422712802887,0
143,925,0.11182894557714462,1
196,52,0.0,0
769,1058,0.0,0
1122,1145,0.4886830747127533,1
1204,1642,0.0,0
1137,1431,0.21633905172348022,1
725,1081,0.0,0
110,1557,0.0,0
1329,1850,0.019617026671767235,0
88,1458,0.0,0
1014,1979,0.19050905108451843,1
628,809,0.01225279550999403,0
843,110,0.0,0
390,572,0.5094190835952759,1
504,518,0.29172223806381226,1
13,2041,0.1847998946905136,1
413,723,0.3706260621547699,1
776,1180,0.0,0
135,444,0.01551812794059515,0
321,449,0.1540665328502655,1
440,1658,0.018459858372807503,0
1219,313,0.0,0
723,1606,0.5556010007858276,1
293,1408,0.010967191308736801,0
905,1334,0.0,0
361,405,0.39552435278892517,1
540,450,0.0,0
663,1115,0.0,0
2,761,0.17241312563419342,1
1122,1192,0.0,0
715,1757,0.0,0
1863,1665,0.0,0
939,1097,0.01602749153971672,0
1578,1192,0.0,0
88,1938,0.12117446959018707,1
1149,121,0.0,0
118,1720,0.0,0
374,2059,0.0,0
593,709,0.0,0
53,405,0.322654664516449,1
632,1332,0.35298311710357666,1
1092,868,0.01908360794186592,0
304,717,0.0,0
911,1476,0.31707021594047546,1
437,542,0.22718586027622223,1
1007,1646,0.0,0
45,1643,0.0,0
321,402,0.29283180832862854,1
142,1882,0.0,0
1222,1213,0.0,0
1771,1895,0.3558780252933502,1
1038,54,0.0,0
213,351,0.016844764351844788,0
107,685,0.2119353860616684,1
146,882,0.3676224648952484,1
629,985,0.0,0
400,1568,0.4108169972896576,1
672,1158,0.16512033343315125,1
124,1642,0.17257845401763916,1
1051,1316,0.0,0
523,1532,0.019406363368034363,0
348,410,0.16619697213172913,1
476,1656,0.26420506834983826,1
2003,22,0.0,0
1416,135,0.0,0
1224,2031,0.0,0
378,753,0.27678409218788147,1
2071,903,0.0,0
1761,1869,0.13311418890953064,1
58,1869,0.10076972097158432,1
110,1069,0.20745377242565155,1
236,884,0.3282230496406555,1
1560,1636,0.36316579580307007,1
1896,1098,0.0,0
1030,1600,0.0,0
900,1775,0.0,0
1394,1616,0.23764722049236298,1
1255,595,0.0,0
1934,1956,0.10647433251142502,1
84,1437,0.0,0
1111,1975,0.0,0
1539,1315,0.0,0
340,1734,0.1790153682231903,1
102,578,0.0,0
382,1887,0.0,0
1240,1303,0.29065707325935364,1
455,1786,0.0,0
545,819,0.15772570669651031,1
1189,139,0.018547318875789642,0
661,689,0.0,0
1632,2045,0.0,0
46,757,0.5144106149673462,1
772,655,0.0,0
1935,1951,0.01589781604707241,0
99,191,0.22603313624858856,1
145,1001,0.31078219413757324,1
1583,202,0.0,0
172,1503,0.10059025883674622,1
480,540,0.29691073298454285,1
56,2006,0.0,0
496,921,0.01654336042702198,0
498,1511,0.3268907070159912,1
979,1426,0.0,0
2085,1067,0.0,0
183,1225,0.17186293005943298,1
1779,96,0.0,0
966,907,0.0,0
852,1447,0.30962079763412476,1
150,1369,0.18189693987369537,1
578,1369,0.4176693558692932,1
419,1515,0.12598828971385956,1
334,1416,0.23527838289737701,1
49,1753,0.18465709686279297,1
884,1813,0.3687376379966736,1
661,632,0.0,0
421,1023,0.5112367272377014,1
326,181,0.0,0
1145,515,0.014849572442471981,0
99,954,0.15642143785953522,1
1145,1521,0.4654557406902313,1
689,1780,0.5057177543640137,1
987,1586,0.0,0
1679,2081,0.018452728167176247,0
317,835,0.24247488379478455,1
1102,26,0.0,0
846,1183,0.1148102730512619,1
57,385,0.3110630214214325,1
399,930,0.25551825761795044,1
46,814,0.2686852812767029,1
1072,1102,0.11523815244436264,1
946,1346,0.29232552647590637,1
593,815,0.3144829571247101,1
144,1907,0.0,0
1034,2000,0.12842079997062683,1
271,1184,0.3238132894039154,1
906,1265,0.0,0
538,609,0.2906545400619507,1
542,1821,0.28989067673683167,1
1037,398,0.0,0
1478,1659,0.22035637497901917,1
305,1623,0.0,0
1145,1294,0.36146080493927,1
852,1917,0.2571440041065216,1
211,1225,0.2449658364057541,1
43,1785,0.21400679647922516,1
1307,2059,0.1747894585132599,1
660,1992,0.0,0
1662,1782,0.01828479953110218,0
612,1017,0.1977165788412094,1
933,967,0.14078927040100098,1
1167,1047,0.0,0
502,1064,0.01639670319855213,0
212,800,0.2281520962715149,1
300,800,0.2617354989051819,1
899,1111,0.13023069500923157,1
1237,337,0.0,0
1527,950,0.0,0
922,946,0.0,0
187,770,0.0,0
78,1101,0.11404293775558472,1
280,339,0.1782066375017166,1
188,518,0.0,0
2038,2080,0.0,0
209,361,0.5059893131256104,1
54,2081,0.0,0
7,46,0.41496652364730835,1
430,714,0.14339685440063477,1
589,275,0.0,0
1898,1917,0.17806898057460785,1
434,525,0.0,0
467,984,0.0,0
957,1467,0.019526652991771698,0
1680,998,0.0,0
1247,1898,0.41500410437583923,1
1444,112,0.0,0
1313,963,0.0,0
1574,1216,0.0,0
120,303,0.0,0
1149,1329,0.016140785068273544,0
237,627,0.01937101036310196,0
1190,778,0.0,0
1195,1443,0.0,0
339,2092,0.0,0
1125,1393,0.14664320647716522,1
176,852,0.0,0
1856,712,0.0,0
16,1263,0.1099051758646965,1
206,998,0.0,0
593,646,0.47265487909317017,1
758,1664,0.15337322652339935,1
13,1766,0.4087916612625122,1
1432,85,0.0,0
650,1146,0.1328064203262329,1
1848,409,0.013022414408624172,0
24,1102,0.23765112459659576,1
76,527,0.11819419264793396,1
136,545,0.12901994585990906,1
514,1452,0.17391331493854523,1
1791,1737,0.0,0
391,10,0.0,0
1729,891,0.0,0
99,586,0.0,0
419,1751,0.0,0
1178,1993,0.0,0
925,1498,0.12458758801221848,1
1247,1453,0.5955458283424377,1
636,1180,0.1593133807182312,1
555,166,0.017397813498973846,0
77,1724,0.17177632451057434,1
1860,713,0.0,0
797,1069,0.16251562535762787,1
259,1118,0.2268713116645813,1
1840,2062,0.1496184766292572,1
781,1804,0.0,0
1660,358,0.0,0
148,377,0.0,0
310,1525,0.21540126204490662,1
285,678,0.29956164956092834,1
446,779,0.1615583449602127,1
1393,286,0.0,0
527,730,0.2753353416919708,1
590,1768,0.25428709387779236,1
864,1568,0.11525841802358627,1
1521,1559,0.12005259096622467,1
2053,1076,0.0,0
781,1954,0.3532804250717163,1
1666,1894,0.3469385802745819,1
1896,1817,0.0,0
593,1628,0.23679792881011963,1
1591,1295,0.013923417776823044,0
395,1385,0.0,0
514,1471,0.2588130235671997,1
667,1828,0.46017080545425415,1
44,36,0.0,0
667,1123,0.0,0
1275,1785,0.20241756737232208,1
1801,66,0.0,0
2096,1717,0.0,0
2036,1160,0.0,0
859,984,0.1745581030845642,1
688,1755,0.0,0
339,1058,0.4477861523628235,1
136,1445,0.2957153022289276,1
1104,1515,0.17737402021884918,1
578,453,0.0,0
31,520,0.21847231686115265,1
1864,1740,0.0,0
921,881,0.0,0
2021,2061,0.3138476312160492,1
684,1628,0.5236169695854187,1
434,1527,0.0,0
318,1988,0.19648370146751404,1
1215,832,0.0,0
232,390,0.36612141132354736,1
229,1332,0.15842629969120026,1
298,1784,0.1571110337972641,1
179,231,0.22566311061382294,1
30,1958,0.0,0
142,666,0.13573309779167175,1
1800,808,0.017805421724915504,0
1090,9,0.0,0
310,1023,0.3103821277618408,1
689,35,0.0,0
1294,1914,0.0,0
602,109,0.0,0
157,2028,0.0,0
400,690,0.4640581011772156,1
232,380,0.4520677328109741,1
561,1225,0.0,0
1021,1702,0.29525119066238403,1
1106,82,0.0,0
214,433,0.017622413113713264,0
942,1579,0.0,0
1067,1597,0.1409626007080078,1
819,2062,0.0,0
58,730,0.34088411927223206,1
24,417,0.32369503378868103,1
129,236,0.24086298048496246,1
1144,909,0.0,0
179,646,0.25819382071495056,1
540,711,0.0,0
250,1709,0.1704544872045517,1
1710,363,0.0,0
2024,188,0.0,0
732,1742,0.34344086050987244,1
1567,1340,0.0,0
996,1925,0.0,0
1794,1032,0.0,0
234,967,0.0,0
747,2085,0.0,0
622,486,0.017344076186418533,0
1626,310,0.0,0
1155,314,0.0,0
1413,731,0.0,0
570,1008,0.0,0
258,1042,0.36141759157180786,1
637,996,0.0,0
697,1789,0.0,0
268,1930,0.0,0
266,1728,0.1896325647830963,1
421,1662,0.1300649493932724,1
353,1475,0.4165918231010437,1
1535,2076,0.16282744705677032,1
339,930,0.40227654576301575,1
1503,1707,0.12009882181882858,1
3,1258,0.0,0
838,1560,0.0,0
385,1300,0.30196070671081543,1
1295,1890,0.0,0
427,1393,0.0,0
647,1318,0.0,0
579,1704,0.0,0
1061,1775,0.0,0
815,1135,0.42416444420814514,1
470,1069,0.2917647063732147,1
545,571,0.1083408072590828,1
1322,995,0.0,0
503,1069,0.32140040397644043,1
1365,1766,0.5219935178756714,1
1576,887,0.016868839040398598,0
1104,426,0.01926879771053791,0
144,730,0.2996036112308502,1
1224,1790,0.0,0
226,636,0.2734977900981903,1
636,884,0.2686328887939453,1
410,1303,0.0,0
649,1591,0.0,0
129,162,0.23392891883850098,1
494,1584,0.1114538237452507,1
1145,2021,0.46286481618881226,1
1912,1073,0.0,0
1145,1898,0.35180723667144775,1
1087,509,0.005319301504641771,0
1504,301,0.019425993785262108,0
1747,916,0.0,0
652,1511,0.0,0
74,1852,0.12764868140220642,1
146,1453,0.44062191247940063,1
1855,467,0.0,0
852,1553,0.14110220968723297,1
1161,1103,0.0,0
1334,726,0.0,0
1194,1883,0.019138190895318985,0
527,1616,0.25270670652389526,1
660,1850,0.11180093884468079,1
1189,825,0.0,0
525,1825,0.27167215943336487,1
378,506,0.01697956584393978,0
661,1690,0.0,0
1253,1823,0.2188492864370346,1
985,1069,0.3600948452949524,1
1102,1808,0.16669531166553497,1
350,1600,0.3651820123195648,1
198,1183,0.2310766726732254,1
119,907,0.0,0
380,621,0.21688511967658997,1
338,430,0.18795429170131683,1
1253,1437,0.4310307204723358,1
1471,2003,0.0,0
2003,1802,0.0,0
640,1710,0.0,0
494,185,0.0,0
1103,655,0.01860317587852478,0
132,146,0.5211541056632996,1
579,1200,0.0,0
987,1204,0.0,0
407,1467,0.0,0
855,122,0.0,0
503,1690,0.3556212782859802,1
534,730,0.2670671045780182,1
210,575,0.3397572636604309,1
873,128,0.0,0
997,1704,0.0,0
2047,1345,0.0,0
168,1011,0.0,0
1600,1828,0.46128204464912415,1
1904,1814,0.016719557344913483,0
1394,1600,0.2919576168060303,1
1987,1308,0.01962132379412651,0
1592,1600,0.019205190241336823,0
1667,1782,0.0,0
503,1867,0.0,0
915,589,0.016553295776247978,0
985,1179,0.23762501776218414,1
518,1189,0.5114108324050903,1
1148,1210,0.16806864738464355,1
310,2059,0.40986961126327515,1
1130,1818,0.19714580476284027,1
1722,90,0.01755249872803688,0
915,24,0.0,0
527,1780,0.45998334884643555,1
339,966,0.5365391373634338,1
31,306,0.2436719685792923,1
893,235,0.014898856170475483,0
2024,1937,0.0,0
884,541,0.0,0
121,893,0.013523337431252003,0
212,1984,0.162980854511261,1
253,409,0.17298264801502228,1
2004,268,0.016150519251823425,0
84,1064,0.41004231572151184,1
24,150,0.22748422622680664,1
925,1021,0.10728142410516739,1
399,1742,0.24280883371829987,1
555,2068,0.16591794788837433,1
731,1107,0.13109570741653442,1
1221,68,0.0,0
380,1666,0.48209476470947266,1
437,107,0.0,0
920,2025,0.0,0
140,1584,0.019649511203169823,0
179,684,0.3361077606678009,1
1847,1973,0.0,0
2051,739,0.014901835471391678,0
1890,1623,0.0,0
682,2018,0.299710750579834,1
1305,1636,0.34461677074432373,1
498,1965,0.4885175824165344,1
904,1858,0.014067934826016426,0
1153,1693,0.0053670164197683334,0
274,752,0.0,0
617,1662,0.1752200573682785,1
1671,2077,0.13453629612922668,1
497,1305,0.5378889441490173,1
541,910,0.0,0
439,1382,0.15524788200855255,1
1833,899,0.0,0
207,723,0.12814854085445404,1
1078,1488,0.10570337623357773,1
1094,1153,0.2108922153711319,1
256,1106,0.32318711280822754,1
226,882,0.3595484495162964,1
275,596,0.2985978424549103,1
676,561,0.0,0
1052,1869,0.0,0
1766,2047,0.019900498911738396,0
814,1173,0.0,0
271,2087,0.47033679485321045,1
1281,159,0.0,0
260,1247,0.19873397052288055,1
337,488,0.0,0
371,1642,0.14675681293010712,1
940,1036,0.47327980399131775,1
670,118,0.0,0
207,1646,0.16855376958847046,1
12,1568,0.1842089593410492,1
730,1898,0.25039321184158325,1
79,400,0.23380513489246368,1
129,278,0.35792407393455505,1
318,1613,0.0,0
46,830,0.47701799869537354,1
789,1574,0.16497278213500977,1
541,579,0.01681043766438961,0
1639,980,0.0,0
1815,41,0.0,0
1663,1973,0.4007844626903534,1
52,193,0.0,0
442,247,0.0,0
1789,2095,0.0,0
1703,1847,0.0,0
2036,79,0.0,0
666,1636,0.0,0
380,601,0.0,0
232,1308,0.4247370660305023,1
150,851,0.24304142594337463,1
151,97,0.0,0
431,1682,0.1476801186800003,1
732,2037,0.25098341703414917,1
292,477,0.0,0
1133,1277,0.19404031336307526,1
730,1053,0.2742874026298523,1
1253,1516,0.219307079911232,1
212,424,0.15121951699256897,1
2093,585,0.0,0
383,1179,0.13703042268753052,1
1984,1637,0.0,0
1880,6,0.0,0
398,1785,0.27399635314941406,1
542,205,0.0,0
691,1106,0.24226093292236328,1
1556,829,0.017921581864356995,0
749,1820,0.5101421475410461,1
817,1423,0.017200635746121407,0
749,1197,0.38348785042762756,1
726,1430,0.0,0
310,836,0.1609242707490921,1
219,1130,0.11573755741119385,1
1150,523,0.0,0
739,631,0.0,0
103,548,0.0,0
1002,2031,0.24223606288433075,1
1632,1722,0.20498399436473846,1
48,1616,0.23030807077884674,1
1102,1600,0.3024293780326843,1
256,318,0.23176932334899902,1
25,310,0.2937987148761749,1
439,704,0.2276865839958191,1
1447,1470,0.0,0
1322,760,0.0,0
885,1136,0.28411635756492615,1
914,501,0.01587643474340439,0
1299,1429,0.3365665674209595,1
1946,1934,0.0,0
1212,1935,0.0,0
1387,1972,0.0,0
730,1356,0.3183957040309906,1
51,1968,0.23725175857543945,1
562,1794,0.0,0
1123,663,0.0,0
572,1600,0.43551382422447205,1
79,479,0.41146159172058105,1
146,815,0.53902667760849,1
569,1528,0.37490323185920715,1
1701,825,0.017556052654981613,0
1414,1881,0.0,0
414,1959,0.4483186900615692,1
798,903,0.14087140560150146,1
896,717,0.0,0
499,813,0.008055592887103558,0
1488,544,0.0,0
251,1873,0.0,0
996,1046,0.0,0
74,1299,0.14871972799301147,1
1452,85,0.014055579900741577,0
1154,2030,0.0,0
16,252,0.1029902994632721,1
472,1379,0.19432154297828674,1
52,1717,0.016740847378969193,0
690,1600,0.41771289706230164,1
1280,395,0.0,0
676,391,0.0,0
1592,1667,0.0,0
987,1802,0.0,0
211,216,0.1613200157880783,1
385,1153,0.11255042254924774,1
43,179,0.1429121345281601,1
390,527,0.39066752791404724,1
23,1893,0.0,0
596,1038,0.2011767476797104,1
1466,1766,0.47014403343200684,1
830,1632,0.3300538659095764,1
1955,53,0.0,0
419,1072,0.15658877789974213,1
377,595,0.3841235637664795,1
459,1488,0.16805404424667358,1
1496,301,0.0,0
405,1308,0.3955315053462982,1
33,930,0.0,0
12,1088,0.14469116926193237,1
12,1776,0.21304704248905182,1
1261,1910,0.22621780633926392,1
488,1825,0.0,0
179,527,0.28911876678466797,1
6,1995,0.0,0
2099,1842,0.0,0
12,1272,0.21617937088012695,1
749,1515,0.24290777742862701,1
526,209,0.008255227468907833,0
1952,1334,0.0,0
258,1348,0.27150583267211914,1
235,726,0.0,0
581,1722,0.24685460329055786,1
1439,2053,0.0,0
1675,1333,0.019646991044282913,0
1023,1189,0.45933547616004944,1
691,1455,0.25176289677619934,1
816,1820,0.5067400932312012,1
336,583,0.16449947655200958,1
1020,1008,0.0,0
134,1305,0.4872021973133087,1
150,415,0.3105134069919586,1
651,659,0.17285379767417908,1
1671,1348,0.0,0
542,621,0.19970056414604187,1
69,619,0.11377999186515808,1
1322,1842,0.01910126395523548,0
322,1808,0.2525506615638733,1
253,1690,0.2549121379852295,1
1536,1834,0.0,0
333,1828,0.503169596195221,1
830,1179,0.35259589552879333,1
329,1437,0.12162873893976212,1
388,467,0.0,0
997,1528,0.0,0
1070,1958,0.015749750658869743,0
70,789,0.10738447308540344,1
461,2100,0.0,0
1983,66,0.0,0
368,1613,0.0,0
132,1521,0.40012413263320923,1
53,1149,0.0,0
183,575,0.1818174123764038,1
1079,655,0.014966129325330257,0
980,2039,0.0,0
46,930,0.3543427884578705,1
1725,1037,0.0,0
910,2061,0.26440396904945374,1
47,1568,0.27351370453834534,1
1369,1725,0.2898496091365814,1
226,322,0.3290197253227234,1
107,1630,0.0,0
74,533,0.17926207184791565,1
493,168,0.0,0
1563,2021,0.1328674703836441,1
1544,840,0.017564697191119194,0
336,1014,0.0,0
248,1300,0.31020188331604004,1
501,612,0.1576225757598877,1
1067,112,0.0,0
423,442,0.26033201813697815,1
1954,566,0.0,0
1069,1560,0.3290823698043823,1
120,749,0.4474358856678009,1
179,399,0.2360803782939911,1
612,808,0.2655051052570343,1
73,761,0.11974018812179565,1
166,1766,0.01632169634103775,0
968,1789,0.14984314143657684,1
1198,1661,0.27399998903274536,1
378,1275,0.1572074443101883,1
858,998,0.15634369850158691,1
1593,1813,0.1749088019132614,1
1722,1813,0.31330394744873047,1
911,1503,0.12307041138410568,1
126,851,0.3810636103153229,1
1671,957,0.0,0
74,476,0.0,0
210,955,0.10740828514099121,1
363,1088,0.15972138941287994,1
582,1636,0.0,0
537,1780,0.41714969277381897,1
1300,496,0.0,0
110,1445,0.4751686453819275,1
817,1281,0.11718030273914337,1
787,2028,0.0,0
306,650,0.20672552287578583,1
822,1875,0.0,0
851,1590,0.30910828709602356,1
234,157,0.0,0
451,1300,0.3412694036960602,1
1023,1301,0.4293004870414734,1
1315,858,0.0,0
637,147,0.0,0
502,1185,0.12876887619495392,1
949,305,0.0,0
47,1636,0.3091205954551697,1
427,875,0.0191701240837574,0
191,1820,0.01963198371231556,0
1224,146,0.0,0
472,1426,0.014207265339791775,0
98,514,0.34738603234291077,1
9,84,0.0,0
214,1560,0.3577294647693634,1
162,1189,0.23457540571689606,1
311,372,0.0,0
340,1429,0.31734299659729004,1
149,262,0.0,0
1623,1948,0.0,0
256,1304,0.24831603467464447,1
1591,337,0.0,0
543,1797,0.300558477640152,1
157,1671,0.2554868757724762,1
456,1811,0.19772398471832275,1
1813,251,0.0,0
751,1535,0.15644747018814087,1
1434,1600,0.30390551686286926,1
930,964,0.21905812621116638,1
53,683,0.0,0
563,875,0.0,0
1017,2071,0.34171831607818604,1
302,847,0.13654184341430664,1
460,286,0.0,0
690,1365,0.5217993855476379,1
1706,1209,0.0,0
414,1780,0.47991058230400085,1
419,1132,0.25383010506629944,1
1975,949,0.0,0
318,1833,0.16493681073188782,1
1119,798,0.0,0
414,1628,0.38925039768218994,1
1235,1996,0.0,0
1524,1889,0.10324572771787643,1
400,862,0.2997627556324005,1
1502,146,0.01501504983752966,0
1447,1451,0.37695223093032837,1
835,435,0.0,0
415,852,0.4692031145095825,1
36,950,0.0,0
815,1001,0.1996666043996811,1
632,1253,0.4666338264942169,1
1585,1911,0.018154196441173553,0
12,1628,0.1159341111779213,1
1243,1999,0.1354854851961136,1
1018,280,0.016536500304937363,0
1313,1404,0.3224909007549286,1
544,1568,0.017748819664120674,0
1164,1705,0.019766895100474358,0
383,1682,0.24944981932640076,1
890,1174,0.35076722502708435,1
907,980,0.0,0
545,2031,0.15111248195171356,1
593,1457,0.38059860467910767,1
1236,1766,0.01874299719929695,0
678,976,0.14341364800930023,1
555,1037,0.0,0
146,537,0.42522627115249634,1
243,594,0.0,0
132,1633,0.33995378017425537,1
411,965,0.013911713846027851,0
1964,337,0.0,0
481,691,0.2888534963130951,1
885,367,0.017245009541511536,0
179,851,0.3543291985988617,1
267,1283,0.5023026466369629,1
46,1600,0.3485982120037079,1
158,632,0.14954231679439545,1
1414,1485,0.019113635644316673,0
582,6,0.0,0
713,1069,0.3632965683937073,1
1278,1616,0.19970062375068665,1
1765,181,0.017870325595140457,0
561,1116,0.1268412321805954,1
209,200,0.0,0
852,1503,0.1088830828666687,1
569,1600,0.3497316837310791,1
1653,1895,0.11484955996274948,1
1018,1287,0.12558412551879883,1
417,1308,0.5016158223152161,1
249,1972,0.0,0
812,1259,0.14230212569236755,1
470,518,0.5327920317649841,1
414,1606,0.5600324869155884,1
572,1979,0.4762176275253296,1
612,1869,0.1092720776796341,1
79,1022,0.12204672396183014,1
258,638,0.5271710753440857,1
545,969,0.10016319155693054,1
1315,836,0.0,0
202,1428,0.19286802411079407,1
122,229,0.0,0
1300,1453,0.37699705362319946,1
417,1611,0.0,0
2088,215,0.012818682938814163,0
1991,1120,0.0,0
2086,778,0.0,0
514,1769,0.3109678626060486,1
290,558,0.1618979126214981,1
915,725,0.0,0
1919,620,0.015646575018763542,0
1670,181,0.0,0
13,1184,0.37947729229927063,1
147,1839,0.0,0
851,237,0.0,0
935,1768,0.0,0
489,1792,0.3827325999736786,1
437,1410,0.1463787853717804,1
751,1034,0.14189234375953674,1
1796,699,0.0,0
1475,1575,0.0,0
1428,1562,0.24106386303901672,1
1065,1421,0.0,0
4,264,0.25450703501701355,1
486,553,0.3738403916358948,1
89,1676,0.01944500394165516,0
1642,1653,0.13127627968788147,1
435,1332,0.0,0
159,795,0.2452467828989029,1
1896,794,0.0,0
571,1069,0.3470231890678406,1
358,1923,0.018888643011450768,0
1327,481,0.01730111800134182,0
410,859,0.0,0
395,244,0.015323326922953129,0
1625,1186,0.0,0
1111,1104,0.0,0
550,1848,0.019828133285045624,0
1329,689,0.019398601725697517,0
1796,1906,0.196085587143898,1
1023,1445,0.3448804020881653,1
1934,1701,0.0,0
144,405,0.5315237045288086,1
545,888,0.214697003364563,1
339,1379,0.3753597140312195,1
1874,161,0.0,0
419,1555,0.24700455367565155,1
321,709,0.2744699716567993,1
1167,1301,0.0,0
1267,615,0.0,0
163,963,0.0,0
1224,1547,0.0,0
1997,938,0.0,0
232,749,0.31632423400878906,1
1248,1885,0.0,0
312,650,0.01768672838807106,0
147,102,0.0,0
495,1814,0.0,0
525,1791,0.0,0
1151,474,0.0,0
1605,2068,0.12300969660282135,1
258,494,0.33588147163391113,1
415,2070,0.10944665968418121,1
366,134,0.0,0
862,349,0.0,0
355,1300,0.21828095614910126,1
593,861,0.1609177142381668,1
383,930,0.14961321651935577,1
520,1835,0.2336168736219406,1
1115,2048,0.0,0
2032,2022,0.0,0
129,1310,0.11236914992332458,1
145,1540,0.15751200914382935,1
1132,1895,0.44881904125213623,1
291,1431,0.009754391387104988,0
227,875,0.4741346538066864,1
40,1424,0.0,0
1444,176,0.0,0
1070,643,0.0,0
69,1194,0.10491834580898285,1
457,2095,0.0,0
15,1533,0.019306041300296783,0
1263,1521,0.22282113134860992,1
1032,1037,0.41069337725639343,1
966,1690,0.2829020023345947,1
1239,1331,0.2042974978685379,1
1941,1378,0.0,0
1694,1012,0.014938242733478546,0
385,1150,0.1291991025209427,1
659,1069,0.21725916862487793,1
402,1936,0.018790297210216522,0
434,2085,0.0,0
1769,433,0.01329992339015007,0
1615,131,0.016488296911120415,0
146,816,0.48018091917037964,1
2013,238,0.0,0
339,1332,0.5012746453285217,1
1225,1323,0.0,0
159,1248,0.17017772793769836,1
1595,1642,0.12121744453907013,1
1145,1559,0.1339227706193924,1
66,430,0.30553215742111206,1
1594,1597,0.22225794196128845,1
340,1033,0.31502917408943176,1
1365,1462,0.34694355726242065,1
1087,1524,0.10400854051113129,1
254,1542,0.019644849002361298,0
458,1956,0.14046819508075714,1
1184,1618,0.0,0
1857,1841,0.0,0
146,2038,0.35235151648521423,1
575,1164,0.10590066015720367,1
177,343,0.19713512063026428,1
1076,1662,0.10357498377561569,1
135,817,0.0,0
382,1659,0.0,0
186,1437,0.20523253083229065,1
271,911,0.3858396112918854,1
409,1377,0.00967447180300951,0
1335,1933,0.01927427388727665,0
808,1132,0.2842548191547394,1
673,1768,0.0,0
1367,1538,0.0,0
1384,1905,0.1457887589931488,1
302,335,0.2703583538532257,1
442,2061,0.0,0
752,1221,0.15129250288009644,1
146,1271,0.0,0
577,2080,0.2537047863006592,1
355,815,0.25306594371795654,1
1221,1222,0.0,0
1478,1865,0.0,0
1327,598,0.0,0
1055,1063,0.0,0
1393,1055,0.0,0
1335,283,0.0,0
1062,2037,0.01627727784216404,0
1240,1179,0.0,0
910,1578,0.4899478256702423,1
53,704,0.19887760281562805,1
247,757,0.0,0
68,361,0.4513552486896515,1
361,1308,0.5311874151229858,1
339,390,0.5797677040100098,1
1365,2020,0.16005170345306396,1
503,1821,0.49773451685905457,1
218,1835,0.19195176661014557,1
256,1253,0.39238953590393066,1
1897,10,0.0,0
946,743,0.0,0
577,1642,0.15949369966983795,1
170,899,0.0,0
933,1424,0.20372745394706726,1
566,801,0.01421551313251257,0
136,361,0.6232508420944214,1
1722,2037,0.38110852241516113,1
1521,6,0.0,0
540,1258,0.10428064316511154,1
1742,1978,0.016853241249918938,0
609,1060,0.0,0
730,911,0.261025607585907,1
141,1330,0.0,0
490,1910,0.11678426712751389,1
350,655,0.10390812903642654,1
1923,873,0.0,0
209,1108,0.0,0
1061,1124,0.0,0
768,277,0.0,0
481,1106,0.20469173789024353,1
1191,2044,0.0,0
194,647,0.17601853609085083,1
1230,561,0.0,0
536,1300,0.2599020004272461,1
195,1618,0.0,0
339,1102,0.2226899117231369,1
789,1223,0.0,0
1938,1065,0.0,0
1923,1221,0.0,0
1136,1829,0.35345566272735596,1
1363,406,0.0,0
157,489,0.22976137697696686,1
985,1132,0.48354393243789673,1
285,1755,0.0,0
1803,2018,0.12921206653118134,1
51,1586,0.39851808547973633,1
1885,1522,0.0,0
727,1100,0.0,0
787,2060,0.0,0
928,1699,0.0,0
405,609,0.2389955371618271,1
1232,942,0.0,0
873,1700,0.0,0
390,911,0.41369593143463135,1
46,875,0.5554345846176147,1
785,1782,0.01825736090540886,0
260,405,0.12009953707456589,1
1369,208,0.0,0
106,1757,0.0,0
882,1305,0.3505922853946686,1
1205,53,0.0,0
527,569,0.26724308729171753,1
979,1971,0.0,0
267,1495,0.0,0
62,210,0.25830012559890747,1
1272,462,0.0195819903165102,0
211,1173,0.12461131066083908,1
572,723,0.48482775688171387,1
94,1905,0.21271052956581116,1
935,627,0.0,0
574,1100,0.0,0
878,1525,0.5168741941452026,1
358,1885,0.1487126350402832,1
732,1023,0.3619333803653717,1
439,1426,0.0,0
227,1954,0.2516838312149048,1
1792,437,0.0,0
1194,1691,0.10544393956661224,1
696,1845,0.1822504848241806,1
540,1236,0.0,0
40,479,0.0,0
46,1278,0.4301109313964844,1
1228,795,0.0,0
139,647,0.0,0
2045,241,0.0,0
302,527,0.38857775926589966,1
360,1657,0.0,0
2043,865,0.0,0
1535,2021,0.1704726368188858,1
980,417,0.0,0
1757,664,0.0,0
676,307,0.0,0
941,1742,0.11701769381761551,1
150,545,0.18619687855243683,1
860,683,0.0,0
1072,1511,0.49611136317253113,1
1253,1715,0.17966748774051666,1
994,533,0.01902761124074459,0
1007,699,0.0,0
1039,2078,0.014390178956091404,0
261,20,0.0,0
807,1956,0.11348561197519302,1
1283,1606,0.47476673126220703,1
1402,479,0.0,0
1165,809,0.010450251400470734,0
149,363,0.1274351179599762,1
122,162,0.0,0
143,692,0.10330042988061905,1
279,349,0.14937476813793182,1
414,1104,0.17550028860569,1
1058,1788,0.515265941619873,1
129,1132,0.43729323148727417,1
307,2005,0.0,0
1803,270,0.0,0
318,462,0.0,0
310,1954,0.28585800528526306,1
646,1332,0.3801737427711487,1
1071,1179,0.454893559217453,1
1023,800,0.0,0
1864,660,0.0,0
195,393,0.2229716032743454,1
383,497,0.13320396840572357,1
259,1926,0.0,0
490,1072,0.1291910707950592,1
790,1080,0.3924502730369568,1
376,2011,0.015653740614652634,0
1493,1243,0.0,0
863,2056,0.0,0
1809,1383,0.0,0
1247,1803,0.11908549815416336,1
1315,451,0.0,0
145,503,0.26636335253715515,1
2067,861,0.0,0
541,549,0.14130690693855286,1
413,1014,0.2587341070175171,1
995,1787,0.0,0
828,839,0.0,0
257,1393,0.20033717155456543,1
46,717,0.5453031659126282,1
30,751,0.12309619784355164,1
459,753,0.18807105720043182,1
46,1135,0.5074494481086731,1
399,1593,0.22967390716075897,1
963,1014,0.1943948119878769,1
1222,1467,0.12021376192569733,1
192,1014,0.0,0
1726,525,0.0,0
1179,2060,0.0,0
1286,98,0.01394504215568304,0
546,1819,0.0,0
1838,1323,0.0,0
1332,1463,0.0,0
193,1084,0.21139825880527496,1
198,60,0.0,0
1803,1765,0.0,0
101,296,0.0,0
1145,1478,0.3067685067653656,1
49,329,0.11928185820579529,1
847,1503,0.10724352300167084,1
732,1069,0.2892073690891266,1
1179,1278,0.3806871473789215,1
1575,1166,0.0,0
587,798,0.11118567734956741,1
1198,1832,0.13449428975582123,1
689,754,0.0,0
58,1954,0.14050321280956268,1
1206,552,0.0,0
366,21,0.0,0
108,299,0.0,0
1017,869,0.0,0
1153,1403,0.10240603238344193,1
1973,489,0.0,0
48,214,0.3301195800304413,1
231,1965,0.24986006319522858,1
1176,1476,0.13784043490886688,1
717,1263,0.3296416997909546,1
231,1636,0.33311036229133606,1
354,1491,0.12174908071756363,1
131,86,0.0,0
657,1118,0.23007987439632416,1
694,1872,0.0,0
400,910,0.21003064513206482,1
948,660,0.0,0
133,1332,0.436173677444458,1
1327,231,0.0,0
1590,2031,0.38749581575393677,1
499,1255,0.1688828021287918,1
491,1727,0.0,0
265,1871,0.0,0
1607,462,0.0,0
645,119,0.0,0
317,2072,0.0,0
862,1478,0.3639950454235077,1
477,965,0.6375385522842407,1
2042,1865,0.016080226749181747,0
651,1594,0.0,0
1231,151,0.0,0
1591,2038,0.3289516270160675,1
1371,1386,0.0,0
65,1334,0.0,0
621,910,0.29084959626197815,1
2003,188,0.0,0
1954,195,0.012832249514758587,0
51,59,0.1108335331082344,1
1947,421,0.015728363767266273,0
1014,1242,0.0,0
1092,1035,0.0,0
1002,1301,0.23463670909404755,1
548,873,0.0,0
147,632,0.5055164098739624,1
1972,9,0.0,0
327,612,0.2325095385313034,1
1554,1749,0.1641191989183426,1
989,1508,0.23248501121997833,1
890,602,0.014492176473140717,0
1025,1600,0.0,0
640,804,0.0,0
3,434,0.0,0
351,1365,0.2617694139480591,1
444,1212,0.0,0
762,1103,0.13407883048057556,1
1846,1859,0.0,0
669,627,0.0,0
241,1975,0.0,0
495,1811,0.293937623500824,1
666,1501,0.0,0
271,873,0.5861107110977173,1
47,132,0.4985271692276001,1
145,1762,0.2986406981945038,1
911,1247,0.46633049845695496,1
721,1090,0.0,0
89,152,0.2716110646724701,1
1247,1856,0.26454249024391174,1
1041,2066,0.10820997506380081,1
571,1451,0.24928748607635498,1
1330,698,0.0,0
207,862,0.2106490135192871,1
1347,76,0.0,0
690,1869,0.22243164479732513,1
104,23,0.0,0
691,1011,0.10158967226743698,1
852,1814,0.0,0
144,553,0.32842567563056946,1
830,1637,0.016758354380726814,0
236,646,0.31110090017318726,1
1499,278,0.0,0
1614,1173,0.018877917900681496,0
1669,700,0.0,0
262,616,0.0,0
638,1023,0.4286715090274811,1
613,350,0.0,0
479,911,0.4065397083759308,1
1573,1594,0.24989686906337738,1
1038,362,0.0,0
1001,1742,0.18201112747192383,1
890,2024,0.0,0
644,161,0.0,0
1104,1893,0.0,0
934,1593,0.0,0
1001,791,0.016712941229343414,0
226,1445,0.2672033905982971,1
537,2024,0.0,0
426,1788,0.0,0
75,315,0.24363532662391663,1
451,1954,0.26198816299438477,1
120,514,0.2755869925022125,1
691,1659,0.20780472457408905,1
1202,260,0.016931623220443726,0
1057,1294,0.19016341865062714,1
917,1087,0.18529444932937622,1
426,2006,0.13230328261852264,1
1113,681,0.0,0
26,3,0.0,0
142,1232,0.27296149730682373,1
363,1267,0.21540915966033936,1
1804,1906,0.3243948519229889,1
1817,869,0.0,0
307,1263,0.0,0
200,993,0.0,0
1325,1220,0.0,0
1563,506,0.0,0
46,537,0.42951473593711853,1
162,1089,0.017381640151143074,0
162,315,0.10190784931182861,1
161,126,0.0,0
58,1525,0.5265513062477112,1
185,1775,0.5956365466117859,1
911,73,0.0,0
1438,1594,0.16268731653690338,1
967,680,0.019850103184580803,0
963,1648,0.2591278553009033,1
1092,1248,0.2045682966709137,1
129,1555,0.41356709599494934,1
1982,1444,0.0,0
1205,108,0.0,0
451,1769,0.3718305230140686,1
501,1063,0.0,0
704,1522,0.0,0
687,283,0.0,0
514,1898,0.41199228167533875,1
714,324,0.0,0
1949,1197,0.0,0
177,949,0.0,0
1607,2054,0.4379462003707886,1
1325,627,0.0,0
1853,660,0.0,0
278,804,0.23725946247577667,1
419,836,0.1197662428021431,1
130,1301,0.4750433564186096,1
1975,1572,0.0,0
152,1196,0.1270691454410553,1
649,1621,0.0,0
299,841,0.13248160481452942,1
690,1017,0.4978107213973999,1
145,150,0.2679922878742218,1
436,1210,0.1802135705947876,1
107,376,0.2268671691417694,1
767,1213,0.14506196975708008,1
1106,131,0.0,0
253,1253,0.39278295636177063,1
1353,1955,0.0,0
1245,1006,0.0,0
1132,1179,0.38825786113739014,1
1603,262,0.0,0
467,283,0.0,0
847,1453,0.14505453407764435,1
1308,2037,0.3776916265487671,1
1087,1964,0.2841525673866272,1
258,1820,0.44974756240844727,1
499,730,0.1323571503162384,1
58,1666,0.3805011510848999,1
690,730,0.33068931102752686,1
405,690,0.4003351032733917,1
1023,1706,0.10062018781900406,1
850,418,0.0,0
278,337,0.0,0
874,1507,0.0,0
58,620,0.29777297377586365,1
282,1718,0.0,0
687,1856,0.0,0
1717,35,0.0,0
1568,1825,0.12323996424674988,1
1902,824,0.0,0
1775,253,0.0,0
1800,1006,0.0,0
271,800,0.0,0
405,847,0.12320065498352051,1
1961,2000,0.10379984974861145,1
216,718,0.18932095170021057,1
548,1506,0.0,0
115,1804,0.0,0
1508,1830,0.2615531384944916,1
1514,1779,0.0,0
1002,1311,0.357512891292572,1
906,1198,0.24761515855789185,1
145,545,0.11779193580150604,1
1135,1471,0.4050237536430359,1
136,884,0.3913625180721283,1
1689,696,0.0,0
659,762,0.015365170314908028,0
405,1649,0.17298772931098938,1
572,808,0.33350712060928345,1
1661,1959,0.21644267439842224,1
1852,981,0.0,0
1281,1613,0.11855597794055939,1
470,1769,0.35399875044822693,1
329,905,0.3854145109653473,1
1056,1223,0.0,0
2004,1432,0.0,0
383,2054,0.15361469984054565,1
1286,1820,0.0,0
1744,906,0.0,0
1352,617,0.0,0
400,2059,0.4299326539039612,1
1224,1347,0.3202752470970154,1
1331,1827,0.0,0
711,1170,0.0,0
1183,1450,0.12716016173362732,1
146,128,0.0,0
266,299,0.1705990582704544,1
884,1072,0.38328519463539124,1
1198,1539,0.1414998173713684,1
95,671,0.17327173054218292,1
310,470,0.2848292291164398,1
481,612,0.2886100709438324,1
217,1016,0.01688341610133648,0
1210,1585,0.31039947271347046,1
1334,465,0.0,0
236,348,0.11921057105064392,1
353,1534,0.0,0
179,816,0.29544103145599365,1
329,1283,0.16496044397354126,1
709,661,0.0,0
374,1781,0.0,0
133,830,0.40566641092300415,1
1555,605,0.0,0
1619,1903,0.019827144220471382,0
405,659,0.30029547214508057,1
1625,1637,0.0,0
1917,993,0.0,0
1405,705,0.0,0
1273,294,0.017593778669834137,0
1263,1511,0.255586713552475,1
1965,2061,0.2062363475561142,1
105,940,0.0,0
1017,1726,0.4396416246891022,1
125,1493,0.016222933307290077,0
327,638,0.33980727195739746,1
661,2061,0.0,0
129,144,0.36949223279953003,1
1513,998,0.017945546656847,0
481,1503,0.1744532436132431,1
310,514,0.2136584371328354,1
261,370,0.018834082409739494,0
45,1254,0.0,0
1394,1632,0.14694418013095856,1
1130,1587,0.20155119895935059,1
1694,1969,0.23209607601165771,1
694,1625,0.0,0
71,163,0.0,0
1104,1811,0.14041900634765625,1
1166,1803,0.0,0
1642,1387,0.0,0
423,1210,0.3032313883304596,1
1308,1973,0.5496318936347961,1
1568,1605,0.25097426772117615,1
1339,1452,0.13722088932991028,1
1146,1283,0.15887919068336487,1
1033,1102,0.17081110179424286,1
550,709,0.1588354855775833,1
1253,1517,0.23519060015678406,1
873,1771,0.3799207806587219,1
852,1590,0.3842584192752838,1
355,1453,0.2869994044303894,1
1386,1435,0.01766456849873066,0
1190,2025,0.0,0
1386,1838,0.018658503890037537,0
1962,608,0.0,0
914,758,0.015101078897714615,0
390,1646,0.20110350847244263,1
657,1904,0.0,0
581,1697,0.0,0
111,186,0.0,0
151,277,0.018111348152160645,0
226,1071,0.5621673464775085,1
236,1773,0.15491071343421936,1
64,1225,0.0,0
162,1132,0.22145992517471313,1
1002,1572,0.35432910919189453,1
1365,868,0.0181925930082798,0
632,1690,0.41302159428596497,1
1248,228,0.0,0
1072,1118,0.01586129702627659,0
145,1961,0.3524596393108368,1
1861,938,0.0,0
1773,2020,0.10476672649383545,1
1616,1769,0.2664438784122467,1
179,592,0.16779954731464386,1
1001,1515,0.1411963403224945,1
816,1659,0.3263782560825348,1
270,1937,0.0,0
1369,1959,0.353512704372406,1
203,1402,0.0,0
190,1114,0.0,0
1428,1054,0.0,0
749,816,0.47481971979141235,1
211,520,0.23663167655467987,1
1461,444,0.0,0
881,39,0.0,0
145,415,0.3808387815952301,1
589,1925,0.017365027219057083,0
820,1242,0.0,0
1553,177,0.0,0
584,1274,0.1296248733997345,1
1706,986,0.0,0
398,104,0.0187237486243248,0
1353,291,0.0,0
1144,1274,0.11492952704429626,1
1592,1563,0.0,0
978,836,0.0,0
690,2018,0.3654859960079193,1
1855,1310,0.0,0
490,1906,0.18666188418865204,1
570,131,0.0,0
511,1130,0.13042867183685303,1
351,1198,0.24295498430728912,1
211,762,0.26385244727134705,1
638,1887,0.0,0
1008,595,0.0,0
812,1991,0.016463475301861763,0
227,2018,0.42517003417015076,1
1685,1654,0.016435671597719193,0
1804,1090,0.0,0
361,737,0.0,0
236,816,0.2545585632324219,1
236,873,0.3183812201023102,1
285,1830,0.25244757533073425,1
1447,1898,0.2789316475391388,1
177,205,0.0,0
936,404,0.0,0
499,890,0.15720833837985992,1
290,1210,0.28717073798179626,1
1911,1472,0.01962931454181671,0
1388,51,0.01963883638381958,0
159,581,0.22083072364330292,1
935,826,0.0,0
647,1883,0.24649475514888763,1
330,1198,0.35647982358932495,1
110,762,0.0,0
1490,358,0.0,0
256,1632,0.21062955260276794,1
83,238,0.0,0
497,1263,0.29596373438835144,1
1069,1532,0.35476744174957275,1
175,584,0.24389375746250153,1
1081,1964,0.16290660202503204,1
1440,2099,0.0,0
79,481,0.1472596526145935,1
1089,1204,0.01860291138291359,0
94,1247,0.012866925448179245,0
146,227,0.6069222092628479,1
129,1046,0.46846237778663635,1
1388,1887,0.0,0
415,730,0.3344980776309967,1
1781,2046,0.0,0
778,1869,0.18449443578720093,1
545,1906,0.2406650185585022,1
851,984,0.2915191352367401,1
831,1585,0.17203262448310852,1
500,190,0.0,0
196,1233,0.0,0
1379,1535,0.2066955268383026,1
1613,1868,0.01372117642313242,0
1772,412,0.0,0
1327,995,0.0,0
1678,1788,0.6667956709861755,1
26,212,0.2510443925857544,1
1495,300,0.0,0
150,1423,0.3128199279308319,1
150,417,0.3845798373222351,1
1517,1690,0.20220352709293365,1
1112,593,0.0,0
254,1866,0.019687652587890625,0
361,498,0.4409572184085846,1
146,421,0.5015698671340942,1
179,1773,0.25265806913375854,1
517,1579,0.10405892878770828,1
1603,360,0.0,0
900,1293,0.0,0
426,1885,0.33771806955337524,1
472,569,0.23977138102054596,1
136,723,0.5587791204452515,1
310,1511,0.31974169611930847,1
1906,750,0.015389405190944672,0
1065,1300,0.3490350842475891,1
581,1895,0.2040020227432251,1
1202,1210,0.4032752513885498,1
355,1178,0.19805075228214264,1
98,691,0.22324253618717194,1
1196,2070,0.17659136652946472,1
1231,752,0.0,0
1504,1183,0.0,0
1289,1671,0.0,0
529,1792,0.2577701210975647,1
230,1145,0.3276107609272003,1
904,1818,0.19096896052360535,1
710,1039,0.0,0
378,1469,0.3897343873977661,1
132,2054,0.5157398581504822,1
1164,1255,0.11830714344978333,1
716,959,0.018009429797530174,0
642,1144,0.14356361329555511,1
248,61,0.0,0
218,520,0.2162240892648697,1
298,1805,0.13864053785800934,1
106,1149,0.0,0
220,1229,0.0,0
795,2061,0.23328743875026703,1
521,2061,0.017221663147211075,0
1100,855,0.0,0
852,1646,0.27406778931617737,1
1033,1308,0.3844660520553589,1
703,1659,0.34148871898651123,1
1495,1414,0.0,0
1517,1532,0.3827182352542877,1
808,1136,0.24952730536460876,1
231,816,0.5412805080413818,1
499,1869,0.20690536499023438,1
1023,1053,0.3768531382083893,1
1170,424,0.0,0
367,1380,0.2637217938899994,1
749,1895,0.354579895734787,1
280,2033,0.32552284002304077,1
1283,1725,0.29049649834632874,1
368,146,0.0,0
859,1278,0.1443987637758255,1
481,1198,0.43896234035491943,1
1780,1506,0.0,0
978,898,0.0,0
63,865,0.20592646300792694,1
1515,1533,0.2133207470178604,1
715,2087,0.0,0
273,799,0.0,0
2041,860,0.0,0
1154,1848,0.0,0
367,1769,0.15869104862213135,1
374,761,0.22212395071983337,1
1365,2087,0.5279741287231445,1
636,660,0.10351909697055817,1
1517,1533,0.4023361802101135,1
1694,1080,0.0,0
54,333,0.4159640371799469,1
407,1368,0.0,0
804,1143,0.22136566042900085,1
808,1379,0.15611253678798676,1
350,1973,0.39958131313323975,1
668,1808,0.01782831735908985,0
1915,115,0.0,0
1599,2084,0.019350619986653328,0
793,834,0.0,0
1737,1035,0.01577155664563179,0
1853,1104,0.017235897481441498,0
258,486,0.4654495418071747,1
723,1591,0.4028856158256531,1
436,730,0.172898069024086,1
1102,1690,0.4160209596157074,1
119,608,0.0,0
593,1080,0.2973422110080719,1
1069,1300,0.2565571069717407,1
888,1776,0.01691984012722969,0
795,1616,0.382579505443573,1
1603,401,0.0,0
704,1434,0.153178408741951,1
1486,885,0.0,0
1507,152,0.0,0
762,859,0.14390520751476288,1
317,890,0.31217876076698303,1
1686,163,0.018223997205495834,0
375,173,0.0,0
1342,1754,0.1998862773180008,1
980,675,0.0,0
30,1132,0.42750057578086853,1
1949,52,0.0,0
1069,1124,0.3094853162765503,1
632,906,0.3353225886821747,1
94,1656,0.2547913193702698,1
387,1027,0.17263667285442352,1
1397,326,0.0,0
278,390,0.4134429693222046,1
727,1071,0.0,0
354,470,0.3866390883922577,1
1198,1690,0.4560959041118622,1
2038,822,0.017957914620637894,0
1894,1895,0.43104979395866394,1
1362,1704,0.018823524937033653,0
642,2037,0.0,0
1864,233,0.0,0
30,229,0.17815284430980682,1
1034,1676,0.0,0
1794,1930,0.0,0
355,14,0.0,0
611,502,0.0,0
79,1769,0.18084384500980377,1
278,1247,0.5173794627189636,1
1920,2039,0.1006866917014122,1
1864,443,0.0,0
256,569,0.4760756492614746,1
41,107,0.1843108832836151,1
686,1089,0.29233551025390625,1
232,1517,0.28690558671951294,1
636,2088,0.18657232820987701,1
125,696,0.2141771912574768,1
1026,2093,0.01762024313211441,0
357,1126,0.0,0
438,1841,0.13205158710479736,1
207,966,0.10629911720752716,1
332,1072,0.2610873878002167,1
611,1164,0.15731477737426758,1
717,984,0.3183477818965912,1
1222,1909,0.20852848887443542,1
1801,1039,0.0,0
380,1002,0.32214024662971497,1
84,1256,0.019653230905532837,0
531,1898,0.41119977831840515,1
253,1568,0.25487348437309265,1
750,188,0.0,0
8,1515,0.16105304658412933,1
1013,1138,0.0,0
45,1100,0.0,0
1278,1453,0.3434399664402008,1
280,674,0.15023301541805267,1
135,1332,0.20903265476226807,1
1740,798,0.0,0
183,1818,0.12218611687421799,1
134,1271,0.0,0
45,46,0.4647369980812073,1
312,1245,0.0,0
252,636,0.16897013783454895,1
676,1783,0.2234828919172287,1
61,1006,0.3000657558441162,1
1479,1501,0.10913396626710892,1
136,1560,0.28820356726646423,1
1255,1312,0.0,0
664,2069,0.0,0
1289,54,0.0,0
1447,1414,0.0,0
470,795,0.458276629447937,1
1841,377,0.0,0
229,390,0.12991806864738464,1
253,1179,0.3087862730026245,1
1262,784,0.0,0
425,1959,0.4876452684402466,1
1298,1969,0.0,0
436,453,0.28420373797416687,1
60,1271,0.0,0
1404,887,0.017368383705615997,0
778,1577,0.2852168083190918,1
1690,1959,0.32412290573120117,1
501,851,0.412944495677948,1
501,1455,0.31636354327201843,1
1790,1507,0.0,0
1089,349,0.01781683973968029,0
1199,1501,0.0,0
1443,1818,0.0,0
251,472,0.0,0
1528,238,0.0,0
259,1458,0.0,0
253,1636,0.2812841534614563,1
250,1433,0.0,0
900,1841,0.0,0
941,2020,0.17472520470619202,1
804,1965,0.25814196467399597,1
338,1010,0.12467215210199356,1
1597,1920,0.14420896768569946,1
143,636,0.10350081324577332,1
490,917,0.11582599580287933,1
555,701,0.3354027569293976,1
1263,1890,0.0,0
716,210,0.016908753663301468,0
1606,647,0.01951252855360508,0
1596,910,0.0,0
1496,1560,0.017808295786380768,0
1397,331,0.0,0
307,1712,0.0,0
361,727,0.0,0
44,1138,0.17029604315757751,1
1974,275,0.016787555068731308,0
1176,1144,0.0,0
1462,268,0.0,0
99,1165,0.2474813312292099,1
1001,1567,0.1988394856452942,1
1224,576,0.0,0
79,1294,0.23764853179454803,1
1064,175,0.0,0
1172,967,0.0,0
1781,581,0.01656416244804859,0
1022,1076,0.018470507115125656,0
2005,1786,0.0,0
179,2037,0.15736189484596252,1
1061,1413,0.0,0
864,1742,0.22334766387939453,1
1895,2020,0.17018736898899078,1
732,1726,0.3015151023864746,1
800,615,0.0,0
915,336,0.0,0
256,414,0.44015899300575256,1
253,1272,0.3468483090400696,1
337,466,0.0,0
503,395,0.0,0
1284,777,0.0,0
797,1053,0.2580488324165344,1
990,822,0.019077401608228683,0
73,1038,0.2113504260778427,1
275,953,0.01427298504859209,0
822,280,0.0,0
1196,1281,0.22573229670524597,1
54,312,0.0,0
501,1132,0.4514572322368622,1
237,1304,0.0,0
679,1009,0.0,0
236,2037,0.34430772066116333,1
193,658,0.24715827405452728,1
1057,1560,0.25256410241127014,1
682,797,0.30957525968551636,1
654,689,0.0,0
410,1499,0.0,0
715,814,0.0,0
809,1964,0.0,0
545,1132,0.24893298745155334,1
278,1356,0.3922242522239685,1
1247,1973,0.4001847207546234,1
809,1001,0.1352996528148651,1
1425,1787,0.0,0
1113,1116,0.35604003071784973,1
1557,1397,0.0,0
910,1900,0.01947682723402977,0
593,1056,0.3218783140182495,1
50,1503,0.11135552823543549,1
1061,1674,0.0,0
936,1975,0.16684754192829132,1
226,629,0.0,0
1877,1693,0.005362815223634243,0
830,884,0.4394091069698334,1
145,232,0.19226078689098358,1
1912,699,0.0,0
1036,1711,0.141707643866539,1
179,852,0.27493375539779663,1
1283,1771,0.33342576026916504,1
1382,1402,0.0,0
1209,1126,0.0,0
1891,1054,0.0,0
402,1961,0.0,0
1307,1288,0.0,0
144,757,0.5298367142677307,1
721,1014,0.0,0
1429,515,0.0,0
958,2011,0.0,0
339,1880,0.443742573261261,1
1623,859,0.0,0
1513,579,0.0,0
50,794,0.3708420991897583,1
1210,1866,0.14412663877010345,1
400,247,0.0,0
589,1304,0.45823168754577637,1
79,2059,0.294742226600647,1
1171,1423,0.3070163428783417,1
701,1356,0.4454728364944458,1
514,1033,0.3270362615585327,1
854,1994,0.0,0
1829,1986,0.01761551946401596,0
787,1785,0.1237201914191246,1
679,1069,0.3079984486103058,1
136,1690,0.2382003366947174,1
1247,1300,0.4509489834308624,1
824,1087,0.2955962121486664,1
157,1310,0.014205369167029858,0
1740,163,0.0,0
1432,1852,0.0,0
930,2023,0.4002472162246704,1
278,419,0.20012755692005157,1
1476,1551,0.0,0
977,967,0.0,0
625,848,0.16369955241680145,1
1629,1098,0.019482338801026344,0
256,361,0.3738764226436615,1
930,1001,0.2127268761396408,1
503,1471,0.3977179527282715,1
318,1304,0.16371305286884308,1
329,1220,0.22950950264930725,1
326,517,0.0,0
120,1300,0.2939353585243225,1
1023,2037,0.3241545557975769,1
11,1495,0.0,0
288,925,0.22715206444263458,1
271,589,0.38146552443504333,1
1974,1553,0.01684100367128849,0
129,310,0.38751915097236633,1
224,1037,0.01848599500954151,0
400,1780,0.5659955143928528,1
519,1329,0.0,0
58,1113,0.1461593210697174,1
717,1654,0.0,0
1188,2100,0.0,0
700,1235,0.019931817427277565,0
851,1308,0.4394715130329132,1
1365,1528,0.5077331066131592,1
1307,821,0.0,0
476,136,0.015952270478010178,0
2041,1755,0.018505560234189034,0
204,885,0.0,0
1585,768,0.0,0
451,1633,0.21828100085258484,1
1721,1831,0.0,0
367,1346,0.12210801243782043,1
853,1804,0.0,0
1533,1518,0.0,0
508,838,0.0,0
170,1952,0.019019631668925285,0
1114,1895,0.17054638266563416,1
140,605,0.13116133213043213,1
1256,1497,0.0,0
95,1104,0.17486582696437836,1
1382,594,0.0,0
1008,1751,0.0,0
1568,1959,0.42568689584732056,1
815,1773,0.33254849910736084,1
413,569,0.4100715219974518,1
534,2059,0.34985485672950745,1
569,1521,0.2378155142068863,1
1744,510,0.0,0
46,536,0.2861882150173187,1
730,2059,0.3364272713661194,1
1044,1315,0.0,0
930,1455,0.2758449614048004,1
906,170,0.0,0
1997,651,0.0,0
92,889,0.0,0
58,120,0.2703248858451843,1
1023,1300,0.5142486691474915,1
1023,1659,0.3256170153617859,1
12,1253,0.12099158018827438,1
214,1856,0.23102425038814545,1
1528,1501,0.0,0
1562,1783,0.21206094324588776,1
762,1728,0.23232747614383698,1
727,1697,0.15163028240203857,1
2060,2023,0.0,0
770,816,0.3933330774307251,1
136,1226,0.2969205379486084,1
527,1053,0.3408900201320648,1
1552,1276,0.0,0
279,1325,0.0,0
1576,550,0.0,0
227,1072,0.4182046353816986,1
571,2021,0.33211714029312134,1
1295,2092,0.3402363955974579,1
1646,828,0.0,0
665,1642,0.19554035365581512,1
787,1207,0.0,0
632,1135,0.5303624868392944,1
2013,1834,0.0,0
188,286,0.0,0
730,1628,0.3023394048213959,1
291,355,0.1813136637210846,1
229,851,0.20864543318748474,1
362,574,0.31244751811027527,1
1635,1521,0.015123947523534298,0
190,1070,0.0,0
1308,1555,0.4847933053970337,1
1568,924,0.0,0
385,1369,0.5289778113365173,1
1063,2090,0.016148582100868225,0
57,1730,0.15475907921791077,1
2061,543,0.018467312678694725,0
132,1773,0.2863031029701233,1
683,1148,0.14066174626350403,1
374,430,0.2325393557548523,1
1196,1562,0.16350388526916504,1
1893,380,0.0,0
162,1560,0.1316695660352707,1
618,1611,0.0,0
2065,606,0.0,0
1511,1952,0.0145366620272398,0
1986,819,0.0,0
185,376,0.0,0
1263,2031,0.2259877324104309,1
1115,1500,0.0,0
2007,1816,0.0,0
578,768,0.3106173872947693,1
1123,258,0.0,0
120,236,0.3705804944038391,1
1441,1207,0.0,0
734,987,0.0,0
723,85,0.013897611759603024,0
809,1356,0.4495427906513214,1
1790,1353,0.0,0
1705,2067,0.01726345531642437,0
236,310,0.21493138372898102,1
1454,1618,0.0,0
1277,1581,0.210377499461174,1
905,1379,0.25446733832359314,1
1632,824,0.0,0
575,1835,0.2781293988227844,1
358,508,0.0,0
1635,2018,0.0,0
1193,1677,0.0,0
1453,1600,0.4316241443157196,1
704,736,0.21082428097724915,1
99,306,0.20648708939552307,1
804,1455,0.30866777896881104,1
566,2057,0.0,0
313,715,0.20499636232852936,1
23,1723,0.0,0
1822,1199,0.0,0
353,536,0.24231310188770294,1
683,341,0.0,0
1272,1780,0.4367331266403198,1
205,259,0.16193698346614838,1
980,403,0.0,0
497,569,0.40904518961906433,1
1981,1816,0.0,0
355,730,0.22629143297672272,1
132,1649,0.28856122493743896,1
583,2100,0.0,0
638,919,0.015470219776034355,0
793,1995,0.017472518607974052,0
1637,212,0.0,0
1248,2018,0.21444709599018097,1
12,684,0.13966241478919983,1
1873,292,0.0,0
91,802,0.2625921368598938,1
195,1709,0.15268616378307343,1
1779,1771,0.0,0
142,1522,0.01228063553571701,0
207,1973,0.13635410368442535,1
1517,580,0.019099311903119087,0
1004,1414,0.0,0
1568,1979,0.2427193820476532,1
31,2097,0.12779444456100464,1
75,1646,0.184325709939003,1
1204,1899,0.017827918753027916,0
451,899,0.12621021270751953,1
12,1204,0.0,0
1232,2080,0.17310433089733124,1
746,865,0.0,0
1893,1270,0.0,0
1503,1954,0.27191397547721863,1
1490,964,0.0,0
840,135,0.01799086295068264,0
1890,228,0.0,0
497,1085,0.0,0
1437,1906,0.20675544440746307,1
1923,1122,0.0,0
1938,374,0.0,0
1863,303,0.0,0
1829,337,0.0,0
1310,692,0.0,0
538,1410,0.31971025466918945,1
771,900,0.015653003007173538,0
479,1474,0.0,0
1908,798,0.0,0
1136,1605,0.2566121220588684,1
253,1906,0.2054041177034378,1
1001,1525,0.18639174103736877,1
124,283,0.0,0
271,1909,0.3007000982761383,1
390,1283,0.24697011709213257,1
375,778,0.26974400877952576,1
110,690,0.24117504060268402,1
319,1507,0.0,0
312,1445,0.26218950748443604,1
63,1206,0.23132869601249695,1
481,816,0.2932932674884796,1
573,393,0.0,0
1132,319,0.0,0
674,1184,0.2543008327484131,1
533,1874,0.0,0
675,1736,0.1807091385126114,1
882,1375,0.013929154723882675,0
1349,1961,0.0,0
248,1198,0.39688608050346375,1
506,518,0.0,0
359,1210,0.19046728312969208,1
927,1818,0.0,0
1311,1475,0.37008199095726013,1
1233,1115,0.0,0
11,2021,0.30184170603752136,1
1459,1366,0.0,0
350,1690,0.3036450147628784,1
1069,1478,0.12272866070270538,1
636,732,0.2577257752418518,1
1254,1976,0.10923130065202713,1
519,1488,0.203440859913826,1
1116,551,0.018892167136073112,0
1546,1905,0.16553634405136108,1
531,2018,0.49155500531196594,1
1781,428,0.0,0
982,1622,0.01858179271221161,0
54,1565,0.016490882262587547,0
1771,507,0.0,0
233,518,0.4440614879131317,1
717,851,0.5096083879470825,1
390,1184,0.38193681836128235,1
638,757,0.5049225687980652,1
1712,1499,0.0,0
1109,2078,0.015141867101192474,0
1874,1004,0.0,0
1755,1029,0.018221167847514153,0
1496,326,0.0,0
1340,34,0.0,0
13,732,0.2917344868183136,1
815,1247,0.4987155497074127,1
1113,1726,0.3120281398296356,1
1616,1813,0.2659146189689636,1
1983,940,0.0,0
930,1690,0.2575696110725403,1
2100,50,0.0,0
787,1616,0.0,0
109,437,0.0,0
804,1102,0.1515655666589737,1
1696,1161,0.0,0
146,1471,0.38354945182800293,1
118,1746,0.0,0
1896,74,0.0,0
380,405,0.4384840726852417,1
1577,247,0.0,0
819,1308,0.5646417737007141,1
318,646,0.2508215308189392,1
647,1016,0.13641150295734406,1
749,836,0.20143727958202362,1
1272,1856,0.15750184655189514,1
1914,2035,0.0,0
641,798,0.0,0
1283,206,0.0,0
108,453,0.0,0
1263,1896,0.0,0
593,2023,0.250242680311203,1
1446,1453,0.2860582768917084,1
129,709,0.0,0
1632,365,0.0,0
252,310,0.37419527769088745,1
1240,1166,0.0,0
860,1378,0.0,0
101,1287,0.0,0
1925,911,0.016916070133447647,0
1178,1737,0.0,0
115,1144,0.1915041208267212,1
468,1800,0.0,0
418,2062,0.10889656841754913,1
984,1179,0.2905449867248535,1
71,36,0.0,0
332,1736,0.1808241307735443,1
31,534,0.15441471338272095,1
1606,1687,0.460766077041626,1
22,380,0.0,0
1463,1836,0.0,0
1266,1191,0.0,0
306,293,0.0,0
1987,1386,0.0,0
914,495,0.0,0
1860,81,0.0,0
99,1173,0.10309316962957382,1
499,954,0.1483335942029953,1
28,38,0.017125770449638367,0
1642,2024,0.11343207210302353,1
310,636,0.20155569911003113,1
1355,1497,0.0,0
1124,1579,0.016548093408346176,0
1800,1465,0.0,0
1946,1266,0.0,0
335,1515,0.14546871185302734,1
1432,1642,0.10162030160427094,1
1116,854,0.0,0
634,1369,0.18191105127334595,1
1805,1433,0.0,0
253,421,0.3970429599285126,1
224,2014,0.5046500563621521,1
851,1118,0.019307242706418037,0
109,660,0.0,0
882,1173,0.0,0
38,383,0.3364260494709015,1
98,778,0.3621782958507538,1
1560,1768,0.22540636360645294,1
2046,1613,0.0,0
1690,463,0.0,0
1557,1078,0.0,0
298,1919,0.15291085839271545,1
1533,2037,0.3912108242511749,1
397,1018,0.017053402960300446,0
700,832,0.0,0
781,1525,0.4558671712875366,1
1950,110,0.019223621115088463,0
801,910,0.01581948809325695,0
709,108,0.0,0
1315,85,0.0,0
1017,1632,0.30824756622314453,1
1969,828,0.0,0
500,86,0.0,0
1423,1659,0.22221846878528595,1
315,1179,0.23577819764614105,1
592,1675,0.0,0
1323,493,0.0,0
283,2016,0.10631495714187622,1
987,1287,0.0,0
2095,922,0.0,0
939,1214,0.13108284771442413,1
636,1455,0.2801854908466339,1
531,1593,0.1320967674255371,1
387,2037,0.17051759362220764,1
302,523,0.0,0
132,444,0.0,0
1405,16,0.0,0
472,1600,0.2879311740398407,1
130,675,0.37111422419548035,1
322,534,0.3118792474269867,1
404,760,0.13286074995994568,1
1034,1700,0.0,0
1053,1820,0.5186334252357483,1
243,1838,0.3750954568386078,1
303,1234,0.0,0
908,1455,0.0,0
804,1386,0.0,0
1454,1654,0.0,0
1458,1781,0.01510731503367424,0
531,930,0.42897582054138184,1
1224,1513,0.0,0
298,1118,0.0,0
1042,1762,0.49842625856399536,1
329,1715,0.29690665006637573,1
723,1006,0.12130159139633179,1
1593,1742,0.17214886844158173,1
1274,1699,0.01715082675218582,0
1403,962,0.0,0
1893,903,0.0,0
361,1964,0.0,0
1893,506,0.0,0
495,2033,0.20789337158203125,1
107,144,0.0,0
1397,891,0.0,0
45,1056,0.38244640827178955,1
1736,2033,0.21838252246379852,1
751,2041,0.1709812879562378,1
179,1023,0.33880725502967834,1
2044,158,0.0,0
306,396,0.1130276545882225,1
302,621,0.2547632157802582,1
1019,16,0.0,0
717,1553,0.2227609008550644,1
233,691,0.30017200112342834,1
1682,1823,0.3153785467147827,1
258,414,0.4640268385410309,1
1920,2038,0.24852751195430756,1
1499,508,0.0,0
619,854,0.0,0
266,575,0.1528652161359787,1
233,1247,0.4197273850440979,1
106,984,0.0,0
172,1061,0.0,0
1278,1081,0.0,0
417,1180,0.20142199099063873,1
124,1343,0.16116400063037872,1
17,632,0.37008345127105713,1
224,1929,0.13878144323825836,1
996,1804,0.0,0
1259,517,0.0,0
350,1821,0.4253747761249542,1
232,1780,0.3369428515434265,1
2017,241,0.0,0
470,1484,0.0,0
374,1585,0.1583523452281952,1
1171,238,0.01812177710235119,0
405,2037,0.4480113685131073,1
1357,601,0.017037322744727135,0
538,1355,0.0,0
2005,538,0.0,0
12,2020,0.11780108511447906,1
1514,1728,0.22081942856311798,1
1390,1783,0.2669330835342407,1
717,1880,0.3016451895236969,1
2036,829,0.018113845959305763,0
1287,462,0.0,0
1628,496,0.0,0
253,1437,0.31046679615974426,1
396,1835,0.14078517258167267,1
1065,1327,0.010437277145683765,0
1247,1869,0.1923086941242218,1
2016,559,0.0,0
256,1263,0.26418939232826233,1
1075,1532,0.11373518407344818,1
107,113,0.16312283277511597,1
1811,63,0.0,0
1343,2077,0.349957674741745,1
941,1584,0.10709916055202484,1
267,538,0.33667969703674316,1
128,1202,0.1388089656829834,1
1600,1962,0.01800406724214554,0
117,1769,0.015841957181692123,0
999,1283,0.18322469294071198,1
30,1290,0.0,0
1971,292,0.0,0
473,1394,0.1929071545600891,1
12,730,0.1741451919078827,1
1764,558,0.0,0
226,1182,0.0,0
2020,2037,0.1382995992898941,1
395,1786,0.0,0
702,915,0.0,0
1891,1546,0.0,0
1266,1584,0.0,0
1301,897,0.0,0
1923,1773,0.0,0
377,1659,0.0,0
1694,719,0.0,0
809,1503,0.19866418838500977,1
18,1177,0.0,0
418,747,0.0,0
1439,1154,0.0,0
479,984,0.38604751229286194,1
635,1097,0.0,0
938,1965,0.1838652789592743,1
1243,771,0.0,0
837,441,0.018467409536242485,0
540,850,0.12084103375673294,1
1754,602,0.0,0
59,969,0.12306749820709229,1
107,1957,0.0,0
1028,1113,0.018758593127131462,0
260,378,0.24029870331287384,1
149,362,0.1238824874162674,1
710,411,0.0,0
1304,1515,0.12978483736515045,1
236,723,0.3800032436847687,1
860,1797,0.0,0
545,1109,0.14920814335346222,1
226,426,0.0,0
340,1184,0.37185680866241455,1
120,1023,0.25742924213409424,1
328,1895,0.12945687770843506,1
416,1488,0.0,0
348,1011,0.1002528965473175,1
1119,1125,0.0,0
1089,2080,0.16019083559513092,1
1172,1624,0.0,0
198,308,0.14880062639713287,1
256,675,0.32229354977607727,1
527,1515,0.10091126710176468,1
1615,1833,0.0,0
609,632,0.3161998689174652,1
409,1757,0.11019864678382874,1
971,382,0.0,0
170,225,0.12670476734638214,1
511,2071,0.0,0
1710,797,0.0,0
1930,124,0.0,0
596,1221,0.0,0
1968,14,0.0,0
1011,1404,0.0,0
1957,1557,0.0,0
1802,742,0.0,0
310,1766,0.3198573589324951,1
1747,204,0.0,0
370,1832,0.1801590919494629,1
553,1300,0.20074723660945892,1
302,809,0.35764357447624207,1
413,1869,0.1694372445344925,1
64,330,0.019317036494612694,0
322,816,0.34891459345817566,1
348,663,0.0,0
527,538,0.3715878427028656,1
749,1946,0.2246873378753662,1
340,514,0.3220534026622772,1
1832,1799,0.018152816221117973,0
1075,1715,0.19304628670215607,1
816,1356,0.5275327563285828,1
477,435,0.0,0
1691,1343,0.015351506881415844,0
111,345,0.1259242445230484,1
363,1650,0.01827051490545273,0
708,662,0.0,0
1930,1133,0.0,0
231,911,0.4898403584957123,1
338,1209,0.11782608181238174,1
995,1182,0.0,0
1805,360,0.0,0
1263,1465,0.1390133947134018,1
869,844,0.0,0
507,613,0.0,0
1532,1895,0.4978700280189514,1
470,1429,0.38742226362228394,1
437,1379,0.1617491990327835,1
1354,1511,0.018277078866958618,0
79,120,0.3145120143890381,1
683,370,0.01945739984512329,0
406,1490,0.0,0
330,930,0.4332178831100464,1
671,2023,0.15913495421409607,1
657,116,0.0,0
183,669,0.0,0
1666,1225,0.0,0
25,2020,0.11294339597225189,1
1685,1797,0.26909196376800537,1
949,1038,0.0,0
110,511,0.0,0
1305,1365,0.5463976263999939,1
354,1604,0.0,0
1088,2014,0.0,0
232,355,0.13883163034915924,1
11,804,0.40870025753974915,1
749,1457,0.4287995994091034,1
64,2007,0.017125312238931656,0
822,1910,0.0,0
329,1790,0.21980372071266174,1
795,1001,0.1568601280450821,1
2081,1591,0.014552581124007702,0
205,1118,0.3503161668777466,1
851,1106,0.3644687235355377,1
1069,1908,0.2980315089225769,1
935,394,0.0,0
717,873,0.5997175574302673,1
1555,2067,0.0,0
1902,547,0.0,0
1240,118,0.0,0
628,658,0.1219981387257576,1
133,572,0.431192547082901,1
327,1666,0.2863644063472748,1
31,210,0.2677766978740692,1
121,646,0.49076223373413086,1
271,1069,0.2974584400653839,1
801,1049,0.015399555675685406,0
62,2080,0.1663024127483368,1
1773,1211,0.0,0
1861,605,0.0,0
816,1780,0.531775712966919,1
175,1310,0.12300723791122437,1
499,1505,0.2107505053281784,1
212,1796,0.0,0
1247,1666,0.46148884296417236,1
727,270,0.0,0
555,1017,0.28226351737976074,1
635,890,0.11726149171590805,1
830,968,0.0,0
96,752,0.0,0
419,527,0.22370660305023193,1
105,353,0.0,0
437,2065,0.2503155469894409,1
376,976,0.0,0
173,1420,0.28176310658454895,1
969,1458,0.18191640079021454,1
1033,2051,0.0,0
124,210,0.31675928831100464,1
642,1347,0.19295494258403778,1
122,1236,0.0,0
659,749,0.25891077518463135,1
437,1768,0.19163018465042114,1
30,1223,0.019989339634776115,0
726,1445,0.10939492285251617,1
1113,1525,0.12668772041797638,1
612,1503,0.13830476999282837,1
322,1742,0.23178595304489136,1
1877,955,0.0,0
314,1880,0.2760930061340332,1
2011,767,0.019694916903972626,0
590,1399,0.37388649582862854,1
952,1832,0.21027928590774536,1
1080,1937,0.21328075230121613,1
112,1289,0.0,0
1437,1521,0.24099622666835785,1
410,1525,0.015414011664688587,0
884,1880,0.36405983567237854,1
985,1773,0.34036967158317566,1
500,1699,0.0,0
1179,1253,0.36926379799842834,1
1892,1593,0.0,0
45,1080,0.4446617066860199,1
871,2025,0.14808477461338043,1
650,307,0.0,0
1004,341,0.0,0
190,1346,0.0,0
607,1836,0.0,0
916,1107,0.0,0
1503,1768,0.15389280021190643,1
1780,1642,0.0,0
1489,563,0.0,0
702,1794,0.0,0
256,1471,0.3933561146259308,1
310,727,0.0,0
1856,2090,0.016350015997886658,0
1075,1084,0.2899273931980133,1
596,1281,0.018281355500221252,0
1757,1405,0.0,0
531,1195,0.0,0
489,566,0.15098433196544647,1
675,1071,0.3798717260360718,1
2057,1793,0.01915426179766655,0
339,1560,0.3627754747867584,1
109,709,0.25451138615608215,1
596,1287,0.0,0
642,1032,0.2583701014518738,1
1247,1464,0.0,0
130,790,0.25037452578544617,1
1516,1867,0.0,0
862,941,0.10949879884719849,1
1566,1597,0.21978814899921417,1
8,697,0.0,0
152,1616,0.13607238233089447,1
1799,296,0.0,0
1600,1586,0.0,0
312,856,0.0,0
1234,281,0.019649378955364227,0
91,674,0.0,0
13,405,0.3201653063297272,1
815,1457,0.529792070388794,1
101,964,0.26176488399505615,1
692,1846,0.1474946290254593,1
1036,1413,0.0,0
598,672,0.0,0
1004,1291,0.008448521606624126,0
873,1582,0.0,0
624,532,0.0,0
362,1562,0.13050788640975952,1
278,1606,0.44270971417427063,1
386,611,0.0,0
497,1632,0.27591782808303833,1
178,122,0.019240984693169594,0
1213,1427,0.10421444475650787,1
1857,358,0.0,0
271,329,0.23397605121135712,1
1295,2013,0.24339167773723602,1
327,1135,0.3068952262401581,1
1258,1992,0.1407693773508072,1
1212,1476,0.0,0
1135,1780,0.5062521696090698,1
51,107,0.25994062423706055,1
1213,680,0.0,0
759,1503,0.18606960773468018,1
240,1145,0.31890949606895447,1
516,753,0.0,0
81,919,0.0,0
1116,733,0.0,0
504,1346,0.21603244543075562,1
1567,865,0.0,0
388,1293,0.10516703873872757,1
307,697,0.1252567172050476,1
503,609,0.3320509195327759,1
230,1489,0.2675131857395172,1
1496,58,0.0,0
1177,161,0.0,0
1231,1540,0.0,0
146,1462,0.3168554902076721,1
350,1624,0.0,0
214,275,0.012125293724238873,0
355,985,0.15499581396579742,1
1133,1830,0.23022089898586273,1
253,905,0.39869311451911926,1
1677,2016,0.0,0
1545,2087,0.017372706905007362,0
1088,1339,0.21799401938915253,1
810,761,0.0,0
101,544,0.019325949251651764,0
1992,118,0.0,0
1937,1946,0.019079359248280525,0
1085,1280,0.0,0
1590,1925,0.015221619047224522,0
452,986,0.0,0
151,1765,0.01873176172375679,0
2062,2043,0.0,0
671,1568,0.1809234619140625,1
919,2008,0.10310345888137817,1
1143,1356,0.15685312449932098,1
214,1636,0.25587743520736694,1
11,2004,0.12721265852451324,1
784,1822,0.0,0
20,1447,0.0,0
1973,1416,0.0,0
227,1171,0.30725929141044617,1
708,1100,0.18440397083759308,1
1807,1830,0.01064793299883604,0
1755,330,0.0,0
1923,638,0.016039486974477768,0
1874,71,0.0,0
203,903,0.14271484315395355,1
842,1204,0.16194340586662292,1
790,1476,0.31825461983680725,1
214,1023,0.40528014302253723,1
573,1963,0.019907915964722633,0
340,1471,0.359446257352829,1
177,890,0.23478515446186066,1
614,423,0.0,0
2078,1874,0.01835406757891178,0
778,1511,0.4335911273956299,1
800,1087,0.0,0
211,2080,0.1554388552904129,1
801,1421,0.018621332943439484,0
317,730,0.1953812539577484,1
1290,2093,0.0,0
864,1821,0.13926614820957184,1
1305,1386,0.01593467965722084,0
1035,1464,0.0,0
989,654,0.0,0
1856,1363,0.0,0
568,1623,0.0,0
421,1069,0.39080220460891724,1
259,133,0.0,0
22,1491,0.0,0
851,1535,0.1746082752943039,1
862,1429,0.2679716646671295,1
539,961,0.0,0
1052,815,0.0,0
1001,270,0.0,0
1690,687,0.0,0
646,908,0.0,0
129,717,0.4662119150161743,1
790,1875,0.0,0
371,1213,0.10359597951173782,1
966,1132,0.4508020877838135,1
489,2042,0.17537684738636017,1
439,1528,0.0,0
545,1308,0.15711653232574463,1
509,1634,0.0,0
531,966,0.4648306667804718,1
298,1804,0.14226455986499786,1
1010,1790,0.019125958904623985,0
1322,830,0.0,0
500,830,0.0,0
1133,561,0.0,0
438,1649,0.0,0
1719,1181,0.0,0
527,1540,0.2058815360069275,1
133,1813,0.4790026843547821,1
1996,425,0.016423823311924934,0
503,1381,0.1681254357099533,1
745,173,0.0,0
2066,639,0.0,0
119,822,0.0,0
368,2044,0.17298127710819244,1
1034,1423,0.18744221329689026,1
353,1319,0.0,0
371,1514,0.10664699226617813,1
864,1797,0.17997579276561737,1
320,1078,0.0,0
331,1437,0.16449834406375885,1
1694,139,0.0,0
1198,1356,0.4665171504020691,1
226,459,0.0,0
1531,1406,0.016811566427350044,0
1895,2037,0.4488222301006317,1
233,1593,0.13100720942020416,1
851,1466,0.5874501466751099,1
1736,1679,0.0,0
79,1856,0.17392797768115997,1
1025,1071,0.0,0
486,1599,0.0,0
130,161,0.0,0
371,767,0.13638952374458313,1
851,1606,0.4748903214931488,1
485,1303,0.15964408218860626,1
480,1210,0.34883177280426025,1
1063,425,0.0,0
293,1761,0.017296647652983665,0
1650,823,0.0,0
1931,1592,0.0,0
1885,1176,0.0,0
1010,1692,0.0,0
124,275,0.25662297010421753,1
1833,475,0.0,0
514,1247,0.44001370668411255,1
296,1042,0.0,0
270,282,0.0,0
226,984,0.37014952301979065,1
687,1198,0.0,0
1158,643,0.0,0
210,520,0.2642410695552826,1
375,832,0.0,0
797,2038,0.2290804088115692,1
1596,66,0.0,0
744,1885,0.0,0
8,749,0.26766031980514526,1
1944,1585,0.0,0
1090,284,0.0,0
717,1471,0.44268253445625305,1
437,1254,0.0,0
295,428,0.0,0
53,859,0.16217054426670074,1
531,723,0.44971564412117004,1
1445,2061,0.17688873410224915,1
399,2018,0.4454381465911865,1
928,317,0.0,0
325,1975,0.0,0
941,1600,0.14042043685913086,1
797,2062,0.009254460223019123,0
771,1256,0.0191502682864666,0
598,1639,0.018944550305604935,0
1637,1007,0.0,0
1378,1789,0.0,0
417,1769,0.23061122000217438,1
437,960,0.010947881266474724,0
266,913,0.33555474877357483,1
1375,311,0.016113417223095894,0
227,310,0.29955750703811646,1
1308,1572,0.5895271897315979,1
635,1785,0.14705531299114227,1
1325,1180,0.0,0
1423,2037,0.33352988958358765,1
470,542,0.21649666130542755,1
1959,2033,0.38726934790611267,1
1606,2088,0.2106720358133316,1
886,296,0.0,0
510,1507,0.0,0
120,730,0.2637407183647156,1
123,1617,0.0,0
1620,432,0.0,0
1303,2034,0.3777478337287903,1
1915,948,0.0,0
78,936,0.19940483570098877,1
2028,1061,0.0,0
312,491,0.0,0
1330,2094,0.0,0
79,260,0.1567956805229187,1
1759,1255,0.0,0
232,1453,0.37825602293014526,1
129,256,0.338666707277298,1
339,1600,0.5478530526161194,1
1752,2093,0.0,0
1226,1600,0.2714393734931946,1
374,428,0.2665339410305023,1
1434,2092,0.0,0
84,1761,0.0,0
1577,56,0.0,0
1100,842,0.0,0
732,1017,0.31312277913093567,1
1560,1484,0.0,0
144,231,0.5166623592376709,1
1431,957,0.0,0
432,704,0.0,0
1069,1445,0.22604338824748993,1
1457,1820,0.4681360125541687,1
1845,1507,0.0,0
1979,637,0.0,0
1752,815,0.0,0
59,388,0.16004660725593567,1
327,2004,0.14403842389583588,1
1349,1585,0.0,0
1908,596,0.01441236399114132,0
1279,79,0.01605469547212124,0
181,277,0.1288265585899353,1
2020,2088,0.2067297250032425,1
885,337,0.0,0
1213,1835,0.1554577499628067,1
677,817,0.0,0
527,1753,0.42576998472213745,1
691,1769,0.2555786669254303,1
1405,491,0.0,0
1741,343,0.0,0
791,957,0.0,0
966,1071,0.5671981573104858,1
907,1971,0.0,0
181,1679,0.11339937150478363,1
830,5,0.0,0
1911,1183,0.0,0
454,1125,0.2627426087856293,1
390,1786,0.23562978208065033,1
497,809,0.47222068905830383,1
2058,506,0.0,0
415,1301,0.4122494161128998,1
739,1497,0.0,0
674,830,0.19030073285102844,1
318,2018,0.21082457900047302,1
255,1233,0.0,0
417,1773,0.20064453780651093,1
851,1143,0.11622525006532669,1
217,1193,0.017250172793865204,0
1274,1885,0.0,0
910,1002,0.44665029644966125,1
32,79,0.0,0
1825,714,0.0,0
661,1775,0.0,0
1138,2005,0.0,0
36,1149,0.0,0
65,118,0.14845973253250122,1
1791,304,0.0,0
54,1666,0.35236620903015137,1
887,503,0.0,0
1069,2018,0.20698708295822144,1
1023,1283,0.2759150564670563,1
1054,1628,0.01957363821566105,0
121,814,0.285530149936676,1
1035,1091,0.0,0
236,924,0.10034383088350296,1
1266,780,0.0,0
415,1132,0.5708850026130676,1
519,1745,0.0,0
170,770,0.0,0
1342,518,0.0,0
1883,1858,0.0,0
1572,1600,0.42223042249679565,1
2019,875,0.01725832000374794,0
236,1869,0.10430949926376343,1
456,1240,0.0,0
1395,1276,0.017419375479221344,0
58,703,0.43755263090133667,1
1191,517,0.0,0
360,1832,0.0,0
1348,1847,0.0,0
261,752,0.15201957523822784,1
230,1143,0.28660842776298523,1
1848,467,0.0,0
321,941,0.0,0
572,1017,0.45041561126708984,1
993,1807,0.2604423761367798,1
851,1069,0.24291442334651947,1
563,2017,0.0,0
1204,30,0.0,0
1145,897,0.0,0
808,939,0.016429714858531952,0
1625,935,0.0,0
1196,2008,0.16461801528930664,1
258,1410,0.34489214420318604,1
807,1073,0.0,0
886,1426,0.0,0
527,2054,0.39618316292762756,1
984,530,0.0,0
1247,1410,0.29571640491485596,1
1418,1345,0.0,0
413,1742,0.2786806523799896,1
2048,1357,0.0,0
1611,1506,0.0,0
563,1364,0.10338999330997467,1
1518,209,0.0,0
409,674,0.15031425654888153,1
62,1835,0.24470849335193634,1
364,1805,0.2116558849811554,1
414,808,0.2874968647956848,1
561,981,0.0,0
1893,418,0.0,0
795,1725,0.2673799991607666,1
303,2085,0.0,0
569,1377,0.019771169871091843,0
711,1006,0.0,0
2000,1211,0.0,0
2056,1804,0.0,0
1025,548,0.0,0
1008,58,0.0,0
124,208,0.015392301604151726,0
1023,1272,0.44054532051086426,1
1498,1798,0.1057596430182457,1
1757,640,0.0,0
871,925,0.20620454847812653,1
1393,1903,0.0,0
1023,1125,0.0,0
510,1243,0.0,0
1579,1155,0.017628366127610207,0
406,1564,0.0,0
1112,477,0.0,0
437,896,0.01842443086206913,0
497,1413,0.4374111592769623,1
1847,566,0.0,0
36,409,0.015241346322000027,0
59,999,0.13432474434375763,1
645,419,0.013901560567319393,0
500,1638,0.0,0
1146,1144,0.0,0
66,1029,0.23701520264148712,1
1556,1789,0.0,0
984,1102,0.11423320323228836,1
472,1071,0.45424726605415344,1
1159,1895,0.017697757109999657,0
212,1202,0.0,0
1271,278,0.0,0
119,858,0.0,0
769,533,0.0,0
1647,2066,0.0,0
1904,1013,0.0,0
145,1515,0.23666851222515106,1
952,1508,0.26224735379219055,1
919,122,0.0,0
840,1810,0.0,0
1023,1365,0.4911368489265442,1
227,415,0.4436318576335907,1
1133,1138,0.1802503764629364,1
6,566,0.0,0
403,1966,0.014759418554604053,0
1358,1271,0.0,0
12,1636,0.16836543381214142,1
306,1818,0.14125779271125793,1
470,1742,0.44814926385879517,1
1001,1846,0.14535853266716003,1
500,1065,0.0,0
129,621,0.2719407379627228,1
1106,1108,0.0,0
349,719,0.0,0
1694,1747,0.0,0
684,730,0.33302977681159973,1
162,1552,0.1708805412054062,1
413,1033,0.35513874888420105,1
723,1600,0.44202619791030884,1
324,1334,0.0,0
1664,1920,0.1345967948436737,1
1017,1983,0.2990294396877289,1
439,1507,0.11921488493680954,1
503,1568,0.2559519112110138,1
121,1559,0.17267875373363495,1
694,2014,0.16275590658187866,1
345,219,0.018074538558721542,0
279,1213,0.0,0
593,632,0.26961928606033325,1
1766,1780,0.5030491352081299,1
177,377,0.15839120745658875,1
538,1568,0.33794891834259033,1
237,415,0.0,0
794,1192,0.261569082736969,1
640,1428,0.12414829432964325,1
1016,1896,0.12887483835220337,1
657,1555,0.01641540415585041,0
1622,595,0.0,0
846,9,0.0,0
1355,1442,0.01703515835106373,0
636,2037,0.29570481181144714,1
91,190,0.0,0
745,1121,0.0,0
390,1226,0.2913444936275482,1
1811,1296,0.0,0
1440,1082,0.0,0
842,876,0.0,0
360,1137,0.0,0
338,817,0.0,0
290,281,0.015918074175715446,0
55,895,0.01827012002468109,0
1121,1728,0.0,0
1867,233,0.0,0
83,1386,0.10460758209228516,1
1447,933,0.0,0
1864,460,0.0,0
240,941,0.10545390099287033,1
414,646,0.43023598194122314,1
1376,670,0.0188264362514019,0
1454,1139,0.0,0
602,470,0.0,0
1130,1566,0.2214130014181137,1
153,26,0.0,0
25,1222,0.36057236790657043,1
632,1445,0.31770938634872437,1
1802,1984,0.01797478459775448,0
544,406,0.0,0
1139,850,0.0,0
1364,1898,0.0,0
1057,203,0.0,0
806,307,0.0,0
159,847,0.10079352557659149,1
618,904,0.0,0
1113,449,0.0,0
674,1568,0.21758149564266205,1
297,1832,0.3634624183177948,1
717,1253,0.4893345236778259,1
1558,1149,0.012413736432790756,0
405,836,0.25514641404151917,1
157,1174,0.2875421941280365,1
911,1455,0.3372166156768799,1
456,1618,0.0,0
79,214,0.389504075050354,1
1144,2095,0.0,0
419,1171,0.17078328132629395,1
227,405,0.3620048463344574,1
332,1034,0.2081068903207779,1
1079,1304,0.01642555184662342,0
1304,1305,0.41866353154182434,1
1343,407,0.0,0
904,341,0.0,0
1071,1973,0.4803134500980377,1
1618,395,0.0,0
45,1239,0.0,0
631,1277,0.36473217606544495,1
581,1113,0.12829238176345825,1
159,859,0.20558275282382965,1
691,1001,0.1528642177581787,1
413,963,0.15186113119125366,1
356,1333,0.0,0
451,1829,0.3983946442604065,1
2090,744,0.0,0
58,1056,0.3862563371658325,1
1978,492,0.015167098492383957,0
837,405,0.0,0
258,1108,0.0,0
271,1820,0.43471091985702515,1
256,1663,0.3538818657398224,1
1915,1354,0.01773192547261715,0
1695,1951,0.017506355419754982,0
875,1628,0.4891449213027954,1
312,1706,0.11066538095474243,1
51,2008,0.1294974982738495,1
1123,452,0.0,0
1879,1704,0.0,0
11,230,0.3390161693096161,1
606,105,0.0,0
1583,41,0.0,0
1791,1912,0.0,0
1246,1956,0.19934295117855072,1
298,1521,0.0,0
263,1554,0.0,0
1993,440,0.01932351663708687,0
730,941,0.11830566823482513,1
1541,541,0.01956799253821373,0
559,586,0.012289715930819511,0
711,1098,0.0,0
365,50,0.0,0
771,90,0.0,0
400,1410,0.26440125703811646,1
2072,1032,0.0,0
390,732,0.31779295206069946,1
1454,1514,0.37101808190345764,1
649,742,0.0,0
1273,709,0.0,0
430,656,0.1832885444164276,1
998,1996,0.0,0
1226,1663,0.3236449956893921,1
911,930,0.2427574247121811,1
230,1445,0.3399927020072937,1
1083,168,0.0,0
1139,303,0.0,0
1263,1337,0.11232428252696991,1
1930,75,0.0,0
173,72,0.0,0
911,1471,0.33270013332366943,1
419,1272,0.11251083761453629,1
503,1616,0.28422674536705017,1
318,453,0.0,0
397,665,0.25097018480300903,1
31,1835,0.23166052997112274,1
738,327,0.0,0
542,1742,0.25106027722358704,1
129,612,0.23028388619422913,1
1023,1726,0.4296766221523285,1
674,1305,0.41800758242607117,1
120,646,0.3807563781738281,1
1163,1213,0.17014414072036743,1
1158,1852,0.0,0
327,684,0.3341086208820343,1
233,527,0.3976614773273468,1
1342,1863,0.0,0
26,1038,0.0,0
1137,1775,0.0,0
581,1092,0.1531868875026703,1
686,1653,0.28388845920562744,1
184,1507,0.0,0
2003,984,0.0,0
147,380,0.3648395836353302,1
834,1013,0.15353618562221527,1
102,1895,0.0,0
1462,1973,0.31115952134132385,1
819,324,0.0,0
339,1263,0.37245815992355347,1
1606,2087,0.48884230852127075,1
1158,538,0.0,0
1872,283,0.0,0
383,1318,0.15329688787460327,1
34,1498,0.15380489826202393,1
144,236,0.3578483760356903,1
2001,823,0.01813962124288082,0
807,1588,0.0,0
243,1184,0.28133052587509155,1
1827,664,0.0,0
655,1069,0.11769970506429672,1
284,1576,0.0,0
120,634,0.27071455121040344,1
231,236,0.28397807478904724,1
1726,821,0.0,0
1495,387,0.0,0
1027,1917,0.23589813709259033,1
16,262,0.0,0
514,1352,0.0,0
698,349,0.0,0
20,1603,0.0,0
1567,1333,0.0,0
11,1189,0.32593390345573425,1
1081,421,0.0,0
135,1988,0.3275087773799896,1
537,1727,0.0,0
468,83,0.0,0
416,11,0.0,0
114,714,0.0,0
179,757,0.32222557067871094,1
46,1023,0.3741112947463989,1
46,1053,0.452552855014801,1
1653,915,0.0,0
1434,897,0.0,0
1133,1339,0.1606602966785431,1
8,293,0.01574101112782955,0
2019,1102,0.019327696412801743,0
50,195,0.26994797587394714,1
1734,1961,0.2931615114212036,1
1263,686,0.0,0
723,1332,0.37739402055740356,1
1891,1705,0.0,0
593,1348,0.19131338596343994,1
1979,1952,0.01959281601011753,0
930,1445,0.1272791624069214,1
553,1865,0.0,0
1332,1445,0.19622378051280975,1
506,1355,0.017658991739153862,0
533,1431,0.2555031478404999,1
636,2004,0.17675691843032837,1
1006,33,0.0,0
497,572,0.5093135237693787,1
355,719,0.0,0
232,1503,0.13874100148677826,1
723,1605,0.2905738651752472,1
1860,2038,0.01781165599822998,0
921,863,0.0,0
133,136,0.4313885569572449,1
273,1254,0.0,0
1583,1918,0.104908786714077,1
1049,1167,0.0,0
1565,2039,0.147776260972023,1
518,1617,0.0,0
1371,129,0.0,0
1765,1213,0.0,0
332,972,0.01454037707298994,0
340,1310,0.17022007703781128,1
79,1954,0.1587751805782318,1
1187,258,0.0,0
1088,1183,0.24556200206279755,1
1098,1859,0.0,0
96,960,0.0,0
1765,40,0.0,0
1132,1253,0.5475914478302002,1
280,537,0.10685598850250244,1
484,1230,0.0,0
1366,109,0.018747825175523758,0
477,870,0.0,0
751,1890,0.19194971024990082,1
124,499,0.21795298159122467,1
949,2009,0.0,0
1432,1721,0.0,0
303,2023,0.0,0
338,1210,0.2027888149023056,1
2079,791,0.0,0
1309,216,0.0,0
1957,955,0.0,0
1198,1365,0.4916720390319824,1
507,557,0.0,0
292,731,0.10214848816394806,1
129,609,0.29359397292137146,1
150,2061,0.28283506631851196,1
1240,2067,0.01951627805829048,0
979,1611,0.0,0
227,1247,0.5029150247573853,1
1144,1578,0.0,0
76,1882,0.0,0
1101,1801,0.12153967469930649,1
469,747,0.0,0
385,1113,0.10979196429252625,1
795,1568,0.3004021644592285,1
830,533,0.015379884280264378,0
302,632,0.32288363575935364,1
845,1906,0.0,0
315,701,0.1362738311290741,1
134,332,0.11276832967996597,1
157,1627,0.35224637389183044,1
117,452,0.3871366083621979,1
1323,366,0.0,0
931,1958,0.019247261807322502,0
74,1723,0.0,0
1211,1856,0.0,0
1715,1719,0.0,0
1644,1741,0.0,0
49,538,0.20332977175712585,1
405,1433,0.10839652270078659,1
1084,1691,0.2997637391090393,1
1027,1532,0.27283814549446106,1
545,911,0.12124811112880707,1
73,335,0.0,0
555,1160,0.0,0
1625,841,0.0,0
1450,1575,0.0,0
70,1025,0.16869904100894928,1
723,2087,0.5301139950752258,1
380,720,0.0,0
2096,1895,0.0,0
3,1319,0.0,0
1295,1109,0.0,0
265,1479,0.13809753954410553,1
1532,2068,0.17288891971111298,1
1407,2039,0.230753093957901,1
1318,1600,0.3087722361087799,1
815,1478,0.36071574687957764,1
1946,1217,0.0,0
2057,989,0.0,0
800,1466,0.0,0
344,109,0.0,0
79,232,0.25327855348587036,1
2091,1346,0.0,0
1026,1748,0.0,0
538,1145,0.40848010778427124,1
105,708,0.0,0
503,1973,0.3223002254962921,1
1131,1563,0.12640106678009033,1
1113,51,0.0,0
347,1648,0.0,0
68,1132,0.39915037155151367,1
79,858,0.2818802297115326,1
189,1663,0.0,0
1355,1772,0.0,0
566,1712,0.23646456003189087,1
127,1196,0.1010066568851471,1
1697,496,0.018933262676000595,0
1356,1813,0.4646442234516144,1
1465,444,0.0,0
1805,512,0.0,0
1299,1068,0.013537928462028503,0
1254,1554,0.0,0
745,659,0.0,0
911,1348,0.23192407190799713,1
536,1490,0.0,0
914,981,0.0,0
1564,2087,0.5524916648864746,1
1304,1880,0.4133579432964325,1
310,415,0.3002106845378876,1
268,1499,0.0,0
1567,1667,0.0,0
1481,394,0.0,0
621,1894,0.2518381178379059,1
1044,1116,0.0,0
2021,1671,0.0,0
473,843,0.0,0
1900,1935,0.0,0
1704,1485,0.016476383432745934,0
797,1427,0.0,0
765,957,0.0,0
1280,163,0.0,0
1947,1226,0.0,0
1074,1525,0.0,0
1365,1742,0.3613620400428772,1
333,545,0.15364843606948853,1
2048,484,0.0,0
1226,2043,0.0,0
617,1002,0.36196666955947876,1
355,1113,0.11223599314689636,1
1069,1600,0.2944675087928772,1
680,341,0.0,0
1600,2068,0.14587241411209106,1
262,677,0.0,0
709,719,0.3311748802661896,1
302,339,0.37848928570747375,1
69,1455,0.0,0
372,753,0.0,0
1195,154,0.0,0
1165,1903,0.0,0
542,1593,0.15770567953586578,1
372,1152,0.0,0
730,859,0.2017735242843628,1
472,906,0.24181824922561646,1
895,704,0.0,0
884,1080,0.4294944405555725,1
1840,365,0.0,0
49,569,0.14091844856739044,1
407,1287,0.0,0
561,1084,0.0,0
1016,1383,0.15207092463970184,1
1125,1865,0.108221136033535,1
929,476,0.01667189970612526,0
542,1247,0.2501288950443268,1
570,1732,0.0,0
717,2018,0.4226744771003723,1
24,675,0.3051544427871704,1
787,1794,0.17572249472141266,1
696,1116,0.0,0
358,114,0.0,0
859,1343,0.13419796526432037,1
62,575,0.23518545925617218,1
984,1600,0.28491830825805664,1
227,1959,0.32789063453674316,1
24,898,0.3337659239768982,1
58,425,0.5083800554275513,1
388,457,0.11520009487867355,1
1430,1976,0.017241669818758965,0
192,590,0.0,0
1514,1286,0.01954040490090847,0
47,58,0.4497125446796417,1
1034,1954,0.2723368704319,1
1654,827,0.0,0
35,313,0.0,0
842,1076,0.1219460517168045,1
451,1034,0.27465492486953735,1
1458,1532,0.25304391980171204,1
1255,1491,0.20021679997444153,1
308,1267,0.18912966549396515,1
691,1327,0.0,0
1399,250,0.0,0
1690,1880,0.33148083090782166,1
145,621,0.2271708995103836,1
1193,726,0.0,0
137,1091,0.0,0
1961,2021,0.3774861991405487,1
335,1001,0.1854051798582077,1
701,795,0.430130273103714,1
795,1102,0.19864924252033234,1
922,90,0.017119811847805977,0
257,1430,0.0,0
730,852,0.2865198850631714,1
158,1110,0.0,0
32,41,0.0,0
1599,893,0.0,0
1259,88,0.0,0
110,571,0.22807379066944122,1
58,2037,0.2057318240404129,1
307,91,0.0,0
730,1184,0.31056806445121765,1
516,1553,0.1684994250535965,1
124,1282,0.187638521194458,1
868,498,0.018569497391581535,0
991,1626,0.18066979944705963,1
133,332,0.24088387191295624,1
1303,136,0.0,0
486,1813,0.4260765314102173,1
1018,1547,0.0,0
120,684,0.4957229197025299,1
864,1124,0.19057488441467285,1
514,1346,0.19362537562847137,1
1171,442,0.0,0
1084,233,0.0,0
810,407,0.0,0
914,804,0.0,0
370,1001,0.016255246475338936,0
1072,281,0.0,0
132,770,0.41828492283821106,1
1266,1347,0.0,0
1961,1696,0.0,0
1068,1017,0.0,0
274,726,0.14448341727256775,1
593,1515,0.1388653665781021,1
1477,1642,0.19821299612522125,1
1840,2006,0.0,0
1491,261,0.0,0
865,1562,0.14305217564105988,1
83,2099,0.0,0
1058,1567,0.14514072239398956,1
1027,672,0.0,0
1575,767,0.016941234469413757,0
256,612,0.19337065517902374,1
71,1399,0.0,0
226,569,0.3679519295692444,1
271,2018,0.4599475860595703,1
851,2061,0.355938196182251,1
950,1384,0.0,0
730,1128,0.3107505440711975,1
227,486,0.5301494002342224,1
95,1369,0.3781224191188812,1
1154,1389,0.0,0
399,1080,0.3474818170070648,1
1278,1418,0.23643437027931213,1
706,704,0.0,0
346,1130,0.1726725548505783,1
358,1149,0.0,0
174,1692,0.14221127331256866,1
120,968,0.0,0
501,569,0.36479318141937256,1
256,2000,0.1387929916381836,1
772,1757,0.0,0
569,1071,0.5008803606033325,1
421,501,0.43900129199028015,1
674,2068,0.13305829465389252,1
146,1880,0.29559266567230225,1
651,1402,0.0,0
415,612,0.29800495505332947,1
21,1811,0.277137815952301,1
355,405,0.12940725684165955,1
288,871,0.37502360343933105,1
1626,119,0.0,0
1428,727,0.0,0
1144,305,0.0,0
620,1560,0.2750436067581177,1
414,749,0.4230816662311554,1
1554,1889,0.3699265122413635,1
1300,1332,0.3484269678592682,1
315,1071,0.2743639051914215,1
1928,701,0.0,0
1984,553,0.014905023388564587,0
1918,1642,0.0,0
690,723,0.4758536219596863,1
113,1718,0.0,0
636,1895,0.28739240765571594,1
1801,2028,0.13973723351955414,1
1179,2087,0.33149394392967224,1
691,941,0.10432223975658417,1
1017,1820,0.4584105908870697,1
571,710,0.0,0
1173,1427,0.1442846655845642,1
1773,1780,0.2895065248012543,1
53,1879,0.0,0
1305,1979,0.42964306473731995,1
567,1404,0.2728367745876312,1
361,1132,0.479945570230484,1
682,1678,0.4218502640724182,1
1173,1829,0.0,0
1030,1958,0.0,0
999,344,0.0,0
417,419,0.25374066829681396,1
1766,2020,0.16782689094543457,1
1228,561,0.0,0
863,1190,0.2555390000343323,1
941,1661,0.17072166502475739,1
815,930,0.33928993344306946,1
1794,1265,0.0,0
271,910,0.3981110751628876,1
966,1808,0.4555373191833496,1
2005,453,0.0,0
2075,891,0.0,0
1494,949,0.0,0
1959,204,0.0,0
514,1965,0.1968848705291748,1
1762,180,0.0,0
227,743,0.13950321078300476,1
1576,336,0.019183173775672913,0
51,1747,0.0,0
999,1369,0.22869600355625153,1
1625,949,0.0,0
1081,110,0.0,0
876,1489,0.0,0
403,1859,0.01598280481994152,0
1959,26,0.0,0
1596,1792,0.34250515699386597,1
307,501,0.0,0
2033,116,0.0,0
1130,1777,0.11205316334962845,1
291,529,0.0,0
847,846,0.0,0
214,531,0.35883617401123047,1
891,380,0.0,0
134,527,0.35385119915008545,1
1507,1373,0.0,0
1195,1213,0.0,0
1456,332,0.01503926981240511,0
1856,1959,0.14899279177188873,1
2093,1885,0.0,0
647,2062,0.019479312002658844,0
967,1413,0.0,0
271,200,0.0,0
1724,1330,0.0,0
814,1350,0.0,0
207,674,0.13714441657066345,1
425,1568,0.42310312390327454,1
120,538,0.44311562180519104,1
1969,330,0.0,0
425,1365,0.6318322420120239,1
1864,1304,0.0,0
75,1856,0.2728380560874939,1
1225,61,0.014662069268524647,0
1069,1106,0.23335005342960358,1
1581,566,0.0,0
292,1595,0.2634785771369934,1
148,1920,0.0,0
675,1773,0.1983988881111145,1
58,1080,0.39624518156051636,1
986,1911,0.015664374455809593,0
501,1069,0.32415926456451416,1
1783,40,0.0,0
1696,2068,0.0,0
1854,1740,0.0,0
936,1986,0.0,0
136,1517,0.48937249183654785,1
1174,1437,0.0,0
1489,1360,0.0,0
587,731,0.21516095101833344,1
1205,436,0.0,0
2018,66,0.0,0
546,548,0.21181894838809967,1
79,1746,0.010984214954078197,0
1270,643,0.01911664381623268,0
347,754,0.0,0
874,1393,0.10097374767065048,1
795,1247,0.5232725143432617,1
1423,1404,0.0,0
1467,1652,0.17856475710868835,1
1330,2083,0.0,0
1076,1283,0.0,0
1284,349,0.0,0
1386,843,0.0,0
130,1069,0.32184791564941406,1
232,1762,0.27508845925331116,1
1997,1777,0.014980119653046131,0
439,1181,0.0,0
411,1792,0.0,0
322,355,0.26862621307373047,1
1081,1313,0.0,0
1213,938,0.0,0
1499,1196,0.0,0
1171,949,0.0,0
1113,1615,0.0,0
354,1327,0.0,0
1480,1507,0.0,0
990,1873,0.0,0
1576,356,0.0,0
675,1821,0.40639743208885193,1
64,995,0.0,0
815,1462,0.2707725763320923,1
1559,949,0.016981186345219612,0
1305,1628,0.5729904770851135,1
215,1017,0.0,0
714,1393,0.1095285639166832,1
1568,1780,0.33275142312049866,1
2060,1574,0.0,0
417,1704,0.12961220741271973,1
612,1319,0.16367661952972412,1
915,1090,0.0,0
1570,1421,0.0,0
496,312,0.0,0
1954,1438,0.0,0
1354,1253,0.019252348691225052,0
414,1560,0.3544720411300659,1
1214,646,0.0,0
632,1132,0.6287925243377686,1
177,1709,0.18098154664039612,1
444,1300,0.0,0
191,1005,0.0,0
1864,1209,0.0,0
208,1790,0.0,0
592,795,0.13042528927326202,1
1211,440,0.0,0
255,1860,0.0,0
411,957,0.5766302347183228,1
1056,1922,0.01931610144674778,0
383,1829,0.10068729519844055,1
1944,1968,0.20413754880428314,1
212,912,0.12591376900672913,1
362,1633,0.018967606127262115,0
231,1423,0.3921089470386505,1
106,1588,0.0,0
252,711,0.0,0
451,675,0.2521784007549286,1
549,410,0.0,0
251,1556,0.015832969918847084,0
237,1964,0.1619735062122345,1
130,1303,0.0,0
1875,535,0.0,0
862,1198,0.40336906909942627,1
493,2058,0.10995325446128845,1
281,950,0.3721129596233368,1
1150,2021,0.1476183533668518,1
873,1002,0.3740965723991394,1
133,696,0.0,0
144,684,0.5231634974479675,1
1050,318,0.016688456758856773,0
907,123,0.0,0
1254,965,0.0,0
1114,1930,0.0,0
473,1973,0.2326764315366745,1
534,1496,0.12081415206193924,1
1644,1006,0.0,0
226,2087,0.48051393032073975,1
1050,1395,0.18227095901966095,1
437,1178,0.15817242860794067,1
575,1496,0.14824867248535156,1
231,258,0.38615238666534424,1
1283,2072,0.3532355725765228,1
847,1265,0.0,0
938,1811,0.19497275352478027,1
372,2028,0.0,0
339,632,0.6047447919845581,1
339,1356,0.6191898584365845,1
73,1807,0.0,0
646,821,0.0,0
1760,508,0.0,0
1132,2027,0.37913644313812256,1
545,1682,0.24225297570228577,1
1212,1224,0.0,0
815,194,0.0,0
1633,2037,0.3477144241333008,1
555,1102,0.1373426616191864,1
503,1233,0.22441641986370087,1
132,1056,0.35318228602409363,1
1803,1230,0.0,0
808,884,0.20416218042373657,1
1196,1772,0.3129352629184723,1
327,660,0.12897136807441711,1
771,919,0.017843931913375854,0
451,1880,0.3882363438606262,1
209,545,0.2286168932914734,1
1541,1759,0.0,0
1962,310,0.0,0
1246,1854,0.0,0
1525,1773,0.18496480584144592,1
235,1282,0.0,0
982,2038,0.10952639579772949,1
2080,152,0.0,0
1187,318,0.0,0
2020,2061,0.10299354791641235,1
877,1627,0.1999903917312622,1
1026,1090,0.0,0
1476,341,0.0,0
351,1690,0.12394380569458008,1
343,1702,0.2298942357301712,1
2007,1225,0.0,0
110,1572,0.33790820837020874,1
632,1300,0.48801976442337036,1
120,1369,0.29852166771888733,1
1383,1699,0.0,0
383,1785,0.17632967233657837,1
680,2061,0.26349887251853943,1
1014,372,0.0,0
1751,232,0.0,0
336,158,0.0,0
1104,1600,0.1756625771522522,1
1030,1903,0.0,0
411,1822,0.0,0
1634,1262,0.0,0
1652,194,0.0,0
886,692,0.0,0
2099,1163,0.0,0
46,158,0.15497581660747528,1
1414,1589,0.10837408900260925,1
1504,1851,0.0,0
1020,1830,0.14846418797969818,1
1881,1144,0.0,0
678,1509,0.17598313093185425,1
538,1027,0.28897523880004883,1
355,778,0.25077903270721436,1
628,1062,0.0,0
1030,1988,0.0,0
841,1603,0.0,0
506,1083,0.01841357722878456,0
48,1705,0.015613546594977379,0
1069,1263,0.29179972410202026,1
1078,1568,0.0,0
847,1455,0.10072891414165497,1
1611,1593,0.0,0
229,419,0.18655160069465637,1
1075,278,0.017611777409911156,0
1801,1737,0.019632024690508842,0
1247,1979,0.4766300618648529,1
40,776,0.0,0
734,808,0.01791265979409218,0
117,761,0.238558828830719,1
227,1757,0.2151128202676773,1
474,1184,0.13334369659423828,1
310,815,0.26703470945358276,1
530,1568,0.0,0
1557,215,0.0,0
1097,1104,0.13906559348106384,1
1964,1736,0.0,0
510,1202,0.0,0
1426,1747,0.0,0
491,29,0.01801389269530773,0
99,2080,0.15267924964427948,1
1885,705,0.0,0
1897,2014,0.0,0
1725,1500,0.0,0
129,1150,0.10967554152011871,1
1395,1404,0.21073408424854279,1
836,1766,0.19776137173175812,1
231,850,0.0,0
1667,1347,0.0,0
40,1779,0.0,0
2,831,0.16284191608428955,1
430,1115,0.1066136434674263,1
1744,1047,0.0,0
2096,1732,0.0,0
1666,2072,0.32462120056152344,1
99,1163,0.3465898036956787,1
582,2095,0.0,0
1348,1438,0.0,0
1308,1532,0.44298994541168213,1
1262,39,0.0,0
1255,1301,0.2578442394733429,1
369,359,0.0,0
951,109,0.0,0
510,1050,0.0,0
1559,1829,0.10018076747655869,1
1955,1017,0.0,0
1345,1792,0.1483786553144455,1
112,264,0.0,0
1507,1996,0.10670753568410873,1
1332,1515,0.1736786812543869,1
691,1757,0.1520656943321228,1
1363,382,0.0,0
1813,2087,0.4670725464820862,1
1880,2023,0.39274364709854126,1
1805,1058,0.0,0
121,2038,0.3171478807926178,1
339,2038,0.4336158037185669,1
683,1828,0.0,0
57,986,0.1605231910943985,1
1982,712,0.0,0
1666,1766,0.4629630148410797,1
361,1808,0.5078897476196289,1
437,851,0.25887900590896606,1
686,190,0.0,0
434,1366,0.0,0
202,1343,0.21159103512763977,1
368,81,0.0,0
911,1666,0.37514546513557434,1
146,1046,0.48335084319114685,1
1746,419,0.0,0
714,1167,0.0,0
413,655,0.23718993365764618,1
1272,1483,0.348781555891037,1
42,1778,0.2888232171535492,1
1098,1440,0.016030529513955116,0
795,1649,0.27853962779045105,1
122,30,0.0,0
717,1895,0.46598294377326965,1
1267,1986,0.2673279345035553,1
831,2083,0.1739235520362854,1
1055,1656,0.013629619963467121,0
37,1132,0.017932727932929993,0
693,914,0.0,0
2,275,0.15140561759471893,1
1167,1605,0.0,0
1395,2078,0.0,0
889,761,0.017936212942004204,0
225,224,0.0,0
1700,1170,0.0,0
419,2065,0.19189856946468353,1
707,1177,0.0,0
952,1827,0.0,0
282,1287,0.0,0
58,231,0.29243284463882446,1
812,1407,0.0,0
1362,1125,0.0,0
1263,1965,0.22168514132499695,1
203,1921,0.10804405808448792,1
297,1337,0.26179710030555725,1
941,105,0.0,0
30,638,0.35265594720840454,1
2030,1828,0.0,0
1253,1690,0.29357093572616577,1
390,815,0.3766166865825653,1
732,63,0.0,0
1146,1568,0.1966755986213684,1
1042,393,0.016445448622107506,0
684,1247,0.5718115568161011,1
1851,1898,0.47285395860671997,1
233,703,0.5798075199127197,1
1049,2084,0.2069673091173172,1
1783,2008,0.28498607873916626,1
1640,1994,0.0,0
310,1769,0.21104742586612701,1
393,1807,0.0,0
371,859,0.11218459904193878,1
1513,845,0.0,0
1823,122,0.0,0
321,1957,0.0,0
1019,1865,0.01886681281030178,0
414,1132,0.60077303647995,1
1476,1204,0.018943777307868004,0
922,2027,0.0,0
2015,967,0.016956133767962456,0
1944,1951,0.0,0
1628,1780,0.5511263012886047,1
1102,1794,0.0,0
238,4,0.0,0
1024,1926,0.0,0
1329,1157,0.0,0
390,1092,0.3544498383998871,1
1679,1050,0.0,0
79,485,0.0,0
15,2036,0.10232912749052048,1
275,1541,0.299344003200531,1
1075,87,0.0,0
757,631,0.017517242580652237,0
122,634,0.0,0
146,1278,0.3617299795150757,1
1503,1846,0.12100771814584732,1
40,1393,0.106075718998909,1
1164,1432,0.10322324186563492,1
120,690,0.33738571405410767,1
1740,1143,0.0,0
699,1249,0.18989165127277374,1
514,2037,0.2459222972393036,1
162,569,0.1610758900642395,1
8,339,0.2656508684158325,1
2006,2043,0.0,0
949,1977,0.0,0
421,1300,0.45289146900177,1
121,1023,0.2984941601753235,1
1008,861,0.0,0
210,474,0.13518792390823364,1
617,1027,0.472432017326355,1
310,704,0.2623041868209839,1
1120,1291,0.1380327045917511,1
232,1898,0.16331952810287476,1
2085,1649,0.0,0
97,1447,0.0,0
183,1635,0.18771159648895264,1
105,1688,0.0,0
232,2037,0.37655264139175415,1
778,1600,0.40985018014907837,1
817,1879,0.12703536450862885,1
589,1211,0.0,0
851,410,0.01463987398892641,0
322,815,0.2886982560157776,1
802,1696,0.0,0
43,1084,0.2900475561618805,1
815,1272,0.3929244875907898,1
338,360,0.0,0
575,658,0.13687312602996826,1
1721,1497,0.0,0
738,266,0.0,0
575,1255,0.24723051488399506,1
1789,2090,0.0,0
1779,1308,0.0,0
569,1058,0.30702805519104004,1
258,1053,0.412164568901062,1
1574,1010,0.0,0
1877,1715,0.01765146479010582,0
1094,1708,0.17785820364952087,1
354,371,0.0,0
905,2021,0.39627084136009216,1
310,1515,0.21528927981853485,1
520,2080,0.203184112906456,1
227,1616,0.31018874049186707,1
523,1992,0.0,0
501,1184,0.29102057218551636,1
1636,1880,0.25812098383903503,1
180,1178,0.0,0
1255,1343,0.12084013968706131,1
506,1238,0.0,0
704,155,0.0,0
332,1880,0.26661422848701477,1
514,621,0.22502556443214417,1
424,1879,0.1311669498682022,1
492,1490,0.0,0
2037,799,0.0,0
1511,1898,0.3925565183162689,1
911,1356,0.34338346123695374,1
1600,440,0.0,0
1078,868,0.0,0
134,1413,0.38693416118621826,1
2085,1298,0.0,0
238,98,0.0,0
341,1541,0.0,0
1071,1131,0.38310495018959045,1
1497,726,0.0,0
1459,891,0.01525454968214035,0
162,1965,0.10819504410028458,1
248,1455,0.3171769082546234,1
1471,1811,0.2948768734931946,1
684,1869,0.16972500085830688,1
981,170,0.0,0
550,331,0.0,0
1555,10,0.0,0
458,1937,0.19986651837825775,1
405,1503,0.11670868843793869,1
1119,802,0.0,0
784,2094,0.0,0
1996,1192,0.0,0
223,1253,0.23865266144275665,1
1259,1432,0.0,0
1186,1785,0.0,0
115,1965,0.0,0
1532,1600,0.4371325373649597,1
756,1379,0.0,0
339,1659,0.32217684388160706,1
8,1568,0.15964625775814056,1
538,797,0.3874683678150177,1
382,2001,0.0,0
1369,1209,0.0,0
49,254,0.0,0
1092,1706,0.17049317061901093,1
209,596,0.0,0
419,503,0.2177729606628418,1
1568,1496,0.0,0
1307,1784,0.0,0
1630,230,0.0,0
339,1145,0.36703914403915405,1
475,1170,0.23355095088481903,1
888,1928,0.016965974122285843,0
773,1071,0.0,0
709,785,0.019350482150912285,0
133,514,0.4484556019306183,1
270,495,0.0,0
972,1240,0.2108900398015976,1
1047,1994,0.0,0
910,1063,0.0,0
1607,1726,0.3560226857662201,1
327,538,0.3822919428348541,1
1342,1349,0.0,0
1155,1382,0.16350583732128143,1
120,1410,0.30201032757759094,1
278,1762,0.330919474363327,1
538,2037,0.4593411386013031,1
343,871,0.19937850534915924,1
696,1658,0.0,0
1342,1790,0.016864193603396416,0
1023,1725,0.33926352858543396,1
1614,1377,0.01714116893708706,0
686,2014,0.18797513842582703,1
856,1489,0.0,0
446,1163,0.4592556655406952,1
795,1821,0.48257866501808167,1
882,1478,0.3261162042617798,1
454,671,0.0,0
827,1957,0.0,0
828,851,0.0,0
145,682,0.2829603850841522,1
256,1247,0.43855321407318115,1
45,413,0.2559218108654022,1
2076,957,0.0,0
183,446,0.36902546882629395,1
687,1258,0.19288675487041473,1
1145,1150,0.18940715491771698,1
959,1085,0.0,0
1254,1106,0.0,0
1457,1567,0.14554348587989807,1
1087,1547,0.19890277087688446,1
193,960,0.1976928412914276,1
290,2006,0.0,0
400,403,0.3110038936138153,1
1287,1933,0.0,0
691,440,0.0,0
1621,484,0.016611812636256218,0
1539,1819,0.0,0
48,895,0.0,0
749,2037,0.31463247537612915,1
1721,1192,0.0,0
911,1851,0.2818446457386017,1
589,1189,0.35797104239463806,1
884,1305,0.5332252979278564,1
319,624,0.018439963459968567,0
830,862,0.2263326644897461,1
53,821,0.0,0
1804,553,0.0,0
534,1880,0.2781555652618408,1
340,1766,0.3823518455028534,1
256,1811,0.3060702979564667,1
1294,1457,0.386270672082901,1
430,1258,0.10810288786888123,1
196,1525,0.0,0
1037,1929,0.0,0
453,107,0.0,0
107,2013,0.018054766580462456,0
814,966,0.15746673941612244,1
1579,1911,0.2183929830789566,1
1354,1527,0.27727532386779785,1
58,1365,0.41262996196746826,1
1196,1809,0.17977310717105865,1
1465,262,0.0,0
989,1147,0.01688743755221367,0
523,259,0.01802600920200348,0
474,859,0.20201396942138672,1
153,911,0.0,0
2083,1780,0.015382857993245125,0
1034,426,0.0,0
850,394,0.0,0
617,1113,0.44749441742897034,1
1247,1628,0.4248679578304291,1
534,155,0.0,0
137,1832,0.19649726152420044,1
1069,1659,0.22817379236221313,1
110,136,0.31514090299606323,1
577,1757,0.0,0
526,986,0.28880661725997925,1
1572,512,0.0,0
227,1145,0.3567131757736206,1
46,232,0.3063701391220093,1
675,1132,0.3414870798587799,1
1742,1151,0.019809892401099205,0
727,1376,0.0,0
1204,419,0.014483274891972542,0
706,1760,0.1018684059381485,1
1627,682,0.0,0
315,859,0.1878080517053604,1
355,1734,0.2083754539489746,1
1147,163,0.0,0
223,253,0.22718720138072968,1
415,1820,0.5681594610214233,1
830,1124,0.2918562889099121,1
29,946,0.22855769097805023,1
1331,680,0.0,0
303,1720,0.11513108015060425,1
46,1821,0.5384507775306702,1
1821,1498,0.0,0
36,340,0.018362872302532196,0
827,1253,0.0,0
255,678,0.019032711163163185,0
530,1492,0.01854892261326313,0
1309,371,0.01911601424217224,0
1508,1565,0.32058945298194885,1
1130,1277,0.14140088856220245,1
978,788,0.0,0
534,1653,0.18620043992996216,1
117,1514,0.23391972482204437,1
142,1210,0.21940447390079498,1
656,1210,0.29869920015335083,1
675,1515,0.16550491750240326,1
715,1868,0.29436174035072327,1
410,220,0.0,0
707,265,0.0,0
1761,1941,0.0,0
54,873,0.37747329473495483,1
283,711,0.0,0
1213,1006,0.0,0
985,1156,0.0,0
614,1180,0.0,0
1446,1992,0.0,0
256,1973,0.3461701273918152,1
59,1503,0.2234584540128708,1
486,638,0.5772274732589722,1
452,664,0.0,0
399,1189,0.4265860319137573,1
623,60,0.0,0
359,656,0.10566201061010361,1
636,1310,0.10490351170301437,1
236,674,0.13577289879322052,1
781,1747,0.0,0
1793,1433,0.0,0
1097,1308,0.21284952759742737,1
569,1973,0.3747785985469818,1
227,1029,0.0,0
157,449,0.27462294697761536,1
572,1189,0.4435079097747803,1
8,1811,0.22625033557415009,1
126,1590,0.256811261177063,1
232,1869,0.24136842787265778,1
1195,312,0.0,0
1006,1495,0.0,0
820,102,0.0,0
1869,745,0.0,0
180,229,0.0,0
819,1799,0.4371054768562317,1
1413,1818,0.010609238408505917,0
248,749,0.37892386317253113,1
1074,618,0.015467661432921886,0
1373,1181,0.0,0
405,795,0.3920374810695648,1
1751,1850,0.0,0
493,1352,0.0,0
1367,881,0.0,0
40,668,0.0,0
1785,1911,0.1753683239221573,1
924,1324,0.0,0
404,545,0.1648479402065277,1
211,759,0.21620285511016846,1
13,1780,0.46671903133392334,1
920,1111,0.1515752524137497,1
632,1568,0.31271329522132874,1
1824,321,0.0,0
915,1024,0.0,0
503,1300,0.39457258582115173,1
129,130,0.6062256693840027,1
111,268,0.0,0
1298,2037,0.3114892244338989,1
540,683,0.2627449929714203,1
727,170,0.0,0
1358,1347,0.0,0
621,2061,0.24153567850589752,1
1132,1277,0.13348813354969025,1
227,1017,0.5153288245201111,1
541,800,0.12056312710046768,1
208,1311,0.0,0
532,851,0.019271038472652435,0
413,1600,0.28121867775917053,1
1719,417,0.0,0
181,259,0.21142178773880005,1
157,547,0.14733462035655975,1
1276,603,0.0,0
629,1654,0.016947589814662933,0
302,808,0.23363199830055237,1
790,2020,0.1304553747177124,1
531,2059,0.43253105878829956,1
721,290,0.0,0
313,1405,0.0,0
621,1001,0.2420145571231842,1
152,1462,0.26729491353034973,1
42,545,0.3066035509109497,1
334,1989,0.0,0
862,1452,0.1623665690422058,1
1597,1784,0.12603317201137543,1
150,884,0.32652172446250916,1
179,214,0.30990657210350037,1
121,1055,0.1730794757604599,1
1173,1942,0.15355226397514343,1
1787,1833,0.0,0
78,604,0.0,0
882,1198,0.34363898634910583,1
1838,41,0.0,0
512,1230,0.0,0
853,1408,0.0,0
555,1471,0.17143747210502625,1
572,1437,0.22607548534870148,1
1634,2045,0.0,0
31,499,0.13393110036849976,1
2080,1340,0.017945867031812668,0
518,1568,0.4382885694503784,1
1731,1151,0.0,0
428,714,0.1040966585278511,1
425,1090,0.0,0
1425,1646,0.25439727306365967,1
1431,557,0.0,0
129,1453,0.4265146255493164,1
194,1988,0.01598389260470867,0
343,1889,0.19948653876781464,1
583,473,0.0,0
635,810,0.0,0
366,909,0.01487730909138918,0
1007,1311,0.018128355965018272,0
415,1356,0.44143179059028625,1
1724,869,0.0,0
179,1648,0.24208299815654755,1
82,1197,0.0,0
101,198,0.15489374101161957,1
142,540,0.35339227318763733,1
481,1829,0.31587696075439453,1
24,361,0.279173880815506,1
417,1173,0.01846807263791561,0
1085,152,0.0,0
129,732,0.3173181414604187,1
413,884,0.2738696038722992,1
453,1258,0.15588708221912384,1
283,1695,0.0,0
226,2014,0.017746206372976303,0
1104,1965,0.2602403461933136,1
1329,980,0.0,0
455,1393,0.10269961506128311,1
778,1961,0.26864495873451233,1
713,1423,0.3283616006374359,1
569,2051,0.0,0
1053,1856,0.15357263386249542,1
903,75,0.0,0
1706,1753,0.12136185169219971,1
275,1202,0.3449185788631439,1
1912,903,0.016716914251446724,0
338,1300,0.1265987753868103,1
214,527,0.33820438385009766,1
656,1679,0.0,0
817,1670,0.1449887752532959,1
701,1820,0.531248927116394,1
1023,2004,0.1979604959487915,1
470,589,0.4349866211414337,1
375,621,0.2899749279022217,1
232,816,0.3683660626411438,1
1440,1918,0.0,0
322,849,0.0,0
2081,672,0.0,0
279,1803,0.0,0
400,1425,0.0,0
910,131,0.0,0
1330,717,0.0,0
1365,1181,0.0,0
569,1263,0.34385889768600464,1
1198,1898,0.34401944279670715,1
1555,1560,0.2417217344045639,1
1085,118,0.0,0
179,685,0.1610478311777115,1
541,946,0.0,0
538,895,0.0,0
1247,1850,0.2870939373970032,1
474,779,0.12573829293251038,1
1342,478,0.0,0
365,1266,0.0,0
1027,1973,0.2737504839897156,1
1060,881,0.017083341255784035,0
1046,1145,0.5306222438812256,1
413,1390,0.013448336161673069,0
852,1655,0.0,0
1247,1503,0.13956747949123383,1
1587,733,0.0,0
1171,1983,0.2288600206375122,1
1560,1821,0.37196576595306396,1
646,778,0.36271151900291443,1
1001,1445,0.10353492200374603,1
1072,1437,0.33456850051879883,1
808,1069,0.2705531418323517,1
545,1584,0.20689953863620758,1
1905,1461,0.01876244507730007,0
509,142,0.0,0
236,759,0.17515645921230316,1
400,757,0.4696544408798218,1
274,252,0.0,0
111,855,0.12984362244606018,1
333,414,0.39712822437286377,1
612,2068,0.14713090658187866,1
1761,1184,0.0,0
1456,602,0.0,0
327,481,0.25383564829826355,1
302,1056,0.276802122592926,1
1315,462,0.0,0
572,2068,0.1609485149383545,1
2045,808,0.0,0
1334,198,0.0,0
904,726,0.014622372575104237,0
232,858,0.2726696729660034,1
177,1387,0.0,0
1005,664,0.016584549099206924,0
1819,198,0.0,0
1445,1813,0.24387682974338531,1
240,1272,0.41236600279808044,1
454,1758,0.0,0
581,1272,0.14230896532535553,1
179,1346,0.24214772880077362,1
1682,300,0.01757854036986828,0
387,1188,0.10147476196289062,1
609,2067,0.0,0
550,249,0.0,0
151,385,0.11038444191217422,1
569,1072,0.3893119692802429,1
1247,2021,0.5392171740531921,1
175,1588,0.40704119205474854,1
1021,1755,0.019351042807102203,0
1495,289,0.0,0
31,174,0.0,0
1055,1177,0.28481513261795044,1
558,1148,0.0,0
1754,47,0.0,0
1027,1102,0.14961282908916473,1
1071,1606,0.5683547854423523,1
2045,2023,0.0,0
378,536,0.21819983422756195,1
191,1514,0.17961882054805756,1
569,1006,0.18419249355793,1
237,1665,0.018214242532849312,0
719,1845,0.17834681272506714,1
136,808,0.25877845287323,1
810,1720,0.0,0
1365,1898,0.4491192400455475,1
437,1001,0.11638681590557098,1
688,1597,0.16756615042686462,1
1372,1871,0.0,0
1445,615,0.0,0
203,695,0.0,0
120,1898,0.25776615738868713,1
1244,668,0.0,0
1323,459,0.0,0
633,1231,0.0,0
1511,2018,0.4315073490142822,1
1471,1593,0.1868244856595993,1
638,1727,0.0,0
1019,1232,0.017497194930911064,0
152,1198,0.37687554955482483,1
1963,1360,0.0,0
1027,1894,0.27149632573127747,1
1464,1256,0.0,0
949,1743,0.43612807989120483,1
473,770,0.15492846071720123,1
129,730,0.3389345109462738,1
355,2031,0.2054893970489502,1
44,1500,0.01652858406305313,0
1210,1881,0.285512238740921,1
1659,1522,0.0,0
1384,142,0.019097432494163513,0
174,419,0.016243748366832733,0
1514,1423,0.01829402707517147,0
1010,1565,0.0,0
101,2070,0.23595808446407318,1
415,1826,0.22046494483947754,1
1528,1892,0.019049687311053276,0
1860,1416,0.0,0
380,1211,0.0,0
1263,949,0.0,0
1119,924,0.0,0
117,1917,0.015523968264460564,0
72,1278,0.15992635488510132,1
1302,307,0.0,0
60,574,0.0,0
816,1600,0.44102275371551514,1
640,946,0.01994631253182888,0
385,717,0.38747698068618774,1
993,1764,0.0,0
1858,254,0.01668482832610607,0
912,778,0.0,0
674,739,0.016024472191929817,0
355,1157,0.10237431526184082,1
268,321,0.16419002413749695,1
1097,1109,0.19188283383846283,1
1749,322,0.017798902466893196,0
181,1177,0.0,0
659,675,0.29024338722229004,1
649,1703,0.23338809609413147,1
1934,1646,0.0,0
372,1670,0.32550641894340515,1
1514,1835,0.2420034408569336,1
2035,101,0.0,0
78,837,0.11798888444900513,1
815,1184,0.28789931535720825,1
899,1440,0.0,0
2018,2087,0.36787426471710205,1
697,446,0.0,0
398,1830,0.12112636864185333,1
758,1425,0.10541731864213943,1
1445,1049,0.0,0
470,1388,0.27700310945510864,1
400,1053,0.4371805787086487,1
1925,1207,0.01493285782635212,0
1334,1844,0.0,0
107,1671,0.16608835756778717,1
1184,1532,0.3770764470100403,1
545,2072,0.1827293187379837,1
595,1047,0.0,0
819,1038,0.0,0
520,1313,0.015756240114569664,0
2003,1733,0.0,0
128,275,0.13751401007175446,1
1001,1455,0.2324637472629547,1
464,1486,0.228329598903656,1
260,757,0.14579391479492188,1
2052,1488,0.018315719440579414,0
1275,1792,0.20792360603809357,1
1007,830,0.01993638649582863,0
1210,1643,0.31721732020378113,1
150,1567,0.15524134039878845,1
337,1847,0.0,0
150,1476,0.3059080243110657,1
250,2023,0.0,0
539,886,0.16500301659107208,1
434,934,0.1547059714794159,1
256,332,0.24131864309310913,1
1087,1286,0.12543554604053497,1
16,317,0.0,0
1844,247,0.0,0
1080,1628,0.2940526008605957,1
490,1730,0.15944884717464447,1
260,621,0.17452964186668396,1
1132,1308,0.5501737594604492,1
989,704,0.012000585906207561,0
331,1521,0.275556743144989,1
612,910,0.24780185520648956,1
58,963,0.13269338011741638,1
1432,2036,0.0,0
157,1889,0.2909316420555115,1
815,2087,0.40006712079048157,1
253,1922,0.01849144697189331,0
532,2003,0.0,0
726,402,0.0,0
1560,738,0.0,0
278,1069,0.2115655243396759,1
1124,1393,0.0,0
1689,1664,0.0,0
687,1789,0.0,0
310,1356,0.3978367745876312,1
1184,1528,0.3598840534687042,1
332,749,0.18282105028629303,1
2040,2060,0.0,0
1152,347,0.0,0
1204,1975,0.12160118669271469,1
28,2025,0.14308352768421173,1
674,395,0.0,0
542,1189,0.20415014028549194,1
502,33,0.0,0
638,749,0.5282135605812073,1
723,732,0.29975810647010803,1
1749,1851,0.0,0
972,1686,0.015300080180168152,0
1474,913,0.01815584860742092,0
12,593,0.1553073227405548,1
531,911,0.4001748561859131,1
996,1184,0.0,0
1183,1405,0.0,0
1135,1742,0.5308865308761597,1
240,1332,0.33871158957481384,1
1080,1578,0.3360004425048828,1
134,342,0.016515076160430908,0
400,1385,0.31654980778694153,1
1023,1356,0.3868314027786255,1
1604,1282,0.0,0
1330,890,0.0,0
1794,1513,0.017640816047787666,0
569,1304,0.19519107043743134,1
137,1910,0.23773285746574402,1
1946,491,0.0,0
1830,2039,0.20471934974193573,1
2080,1478,0.0,0
1132,2068,0.1531590223312378,1
58,1453,0.44317716360092163,1
210,534,0.29984840750694275,1
665,1202,0.30675047636032104,1
451,1305,0.47009217739105225,1
1196,1380,0.12569664418697357,1
1190,58,0.0,0
604,1898,0.2948650121688843,1
318,887,0.0,0
877,593,0.0,0
616,877,0.24553446471691132,1
1191,1758,0.0,0
584,500,0.0,0
881,119,0.0,0
58,400,0.47001174092292786,1
1263,1973,0.2531825304031372,1
1603,351,0.0,0
1507,1990,0.20575368404388428,1
1171,1895,0.3087766468524933,1
691,1056,0.29420778155326843,1
130,256,0.3609626889228821,1
1159,280,0.017977088689804077,0
1444,1574,0.0,0
1980,1704,0.0,0
273,957,0.0,0
1060,274,0.0,0
723,1056,0.3863147497177124,1
152,1757,0.155177041888237,1
1198,1606,0.4578027129173279,1
56,1067,0.13705231249332428,1
1619,1528,0.0,0
847,1961,0.18097658455371857,1
571,2037,0.2995525896549225,1
1381,1597,0.1528186798095703,1
541,40,0.0,0
43,481,0.14975346624851227,1
623,962,0.22162789106369019,1
715,1869,0.0,0
108,995,0.0,0
732,1869,0.13544972240924835,1
1010,1454,0.42037320137023926,1
48,558,0.40516579151153564,1
230,749,0.4280272126197815,1
1035,6,0.0,0
1312,1605,0.0,0
302,1568,0.30213046073913574,1
494,1748,0.1483793556690216,1
258,542,0.25507593154907227,1
232,253,0.24326090514659882,1
714,1607,0.0,0
1726,1821,0.5457988977432251,1
1369,1525,0.39158180356025696,1
1635,1124,0.0,0
955,1869,0.45967981219291687,1
1058,1478,0.2952355444431305,1
1101,929,0.0,0
1978,2077,0.39988061785697937,1
1439,573,0.0,0
253,1263,0.22883783280849457,1
188,738,0.20667292177677155,1
133,399,0.3587380647659302,1
963,1023,0.19972331821918488,1
966,1058,0.3370682895183563,1
1104,1263,0.15096883475780487,1
613,390,0.0,0
513,1483,0.018035292625427246,0
333,390,0.4470013380050659,1
327,636,0.2643890678882599,1
43,1469,0.3349337577819824,1
1966,1577,0.0,0
405,851,0.29219886660575867,1
1474,24,0.0,0
423,1671,0.0,0
1458,1868,0.0,0
369,1731,0.0,0
130,236,0.2539496123790741,1
173,1817,0.0,0
2100,176,0.0,0
316,1484,0.17466486990451813,1
107,1808,0.0,0
179,419,0.17069445550441742,1
912,2042,0.1461791843175888,1
890,1605,0.0,0
840,1761,0.0,0
1165,1343,0.18371188640594482,1
231,318,0.30288586020469666,1
1102,1910,0.2841895520687103,1
120,327,0.26840221881866455,1
830,1687,0.41030651330947876,1
364,1387,0.01982024312019348,0
1493,1296,0.01396418921649456,0
240,1528,0.32163941860198975,1
1893,732,0.0,0
162,830,0.21332736313343048,1
1777,1236,0.0,0
442,1456,0.20431289076805115,1
538,2011,0.0,0
497,706,0.014482486061751842,0
603,1164,0.0,0
1056,2054,0.4712478518486023,1
5,341,0.0,0
1588,1741,0.0,0
2085,1383,0.0,0
821,1052,0.15852591395378113,1
307,493,0.0,0
1356,1742,0.3637405335903168,1
132,1145,0.3870007395744324,1
232,1109,0.4037919044494629,1
1107,577,0.0,0
335,2018,0.22629326581954956,1
498,563,0.0,0
425,1451,0.45898979902267456,1
1087,608,0.0,0
1620,1286,0.0,0
571,621,0.2342773824930191,1
46,2037,0.3716476857662201,1
1439,1626,0.13421565294265747,1
1375,996,0.0,0
204,1975,0.0,0
1234,840,0.0,0
405,417,0.38142362236976624,1
302,1304,0.2573738992214203,1
690,1033,0.431492418050766,1
1065,664,0.0,0
275,1498,0.14707066118717194,1
231,2021,0.5034710764884949,1
1516,192,0.0,0
831,2025,0.11192739754915237,1
1502,1556,0.019332805648446083,0
2055,752,0.0,0
707,1921,0.0,0
797,1423,0.25629687309265137,1
520,534,0.14832721650600433,1
1179,234,0.0,0
667,1069,0.3361288011074066,1
2006,433,0.0,0
423,1456,0.19661958515644073,1
1654,1905,0.1180444061756134,1
851,840,0.0,0
525,1411,0.0,0
11,816,0.3457706570625305,1
490,906,0.15608778595924377,1
179,1503,0.17337414622306824,1
1719,787,0.0,0
694,1929,0.12649455666542053,1
295,441,0.0,0
1437,1973,0.20096541941165924,1
312,1199,0.0,0
1418,1757,0.17597612738609314,1
749,851,0.4079601466655731,1
1023,1813,0.44863107800483704,1
924,1205,0.0,0
1307,1755,0.0,0
938,1171,0.13390177488327026,1
876,1253,0.0,0
256,1132,0.43218812346458435,1
650,1781,0.0,0
1145,658,0.0,0
1630,1710,0.016617845743894577,0
1145,1780,0.5337684154510498,1
927,1775,0.01623738743364811,0
547,1646,0.0,0
1919,552,0.0,0
405,1869,0.24524469673633575,1
502,1726,0.4367867708206177,1
641,570,0.0,0
271,1263,0.3088255524635315,1
720,1221,0.0,0
1053,1253,0.432015061378479,1
1898,1804,0.0,0
499,1798,0.26363301277160645,1
850,1541,0.1442755162715912,1
1560,1753,0.43426012992858887,1
125,1656,0.171316459774971,1
46,1742,0.33855244517326355,1
1197,716,0.0,0
593,1346,0.14140743017196655,1
1033,2020,0.11336850374937057,1
1160,942,0.0,0
685,1247,0.11411406844854355,1
637,274,0.019033828750252724,0
211,1851,0.0053652022033929825,0
1959,2018,0.30738624930381775,1
162,1146,0.24876384437084198,1
195,1042,0.0,0
380,713,0.5087431073188782,1
621,2090,0.0,0
1087,1554,0.19490672647953033,1
271,884,0.4500260055065155,1
538,1247,0.48323968052864075,1
1577,2045,0.0,0
444,370,0.0,0
762,1089,0.2038538008928299,1
545,909,0.3559456467628479,1
1404,1405,0.3245846629142761,1
616,122,0.0,0
145,2020,0.16198529303073883,1
344,474,0.0,0
737,1144,0.0,0
1270,64,0.0,0
2011,816,0.0,0
136,421,0.5617690682411194,1
1238,1890,0.01986357942223549,0
592,909,0.17188182473182678,1
1164,177,0.0,0
671,1594,0.0,0
415,1247,0.5673205256462097,1
1113,1038,0.0,0
1299,1490,0.015664294362068176,0
761,1900,0.25174272060394287,1
514,1503,0.11104661971330643,1
446,1642,0.17737971246242523,1
777,954,0.2066451460123062,1
261,1479,0.210257425904274,1
1563,1362,0.0,0
1198,1453,0.40665802359580994,1
302,1132,0.3047694265842438,1
1078,302,0.0,0
1053,1503,0.17346422374248505,1
1499,174,0.0,0
863,1705,0.22040343284606934,1
180,353,0.0,0
48,1568,0.1722564697265625,1
1348,1441,0.016195200383663177,0
1690,1777,0.018001152202486992,0
1419,935,0.0,0
295,377,0.2579951882362366,1
275,1157,0.0,0
1184,547,0.0,0
1283,1466,0.49990367889404297,1
1296,2060,0.22536318004131317,1
1186,1605,0.36347630620002747,1
310,1600,0.27178099751472473,1
791,908,0.0,0
835,1671,0.13611102104187012,1
253,1069,0.33034610748291016,1
507,234,0.0,0
882,1687,0.3490292727947235,1
1794,778,0.0,0
1892,520,0.0,0
875,462,0.0,0
164,1966,0.14171259105205536,1
2046,439,0.0,0
1192,145,0.0,0
2001,915,0.018453756347298622,0
1334,1006,0.0,0
534,1637,0.0190182663500309,0
109,912,0.3279784023761749,1
420,660,0.11075639724731445,1
2007,1106,0.019543590024113655,0
43,1491,0.2281826138496399,1
1432,2024,0.12767259776592255,1
1885,210,0.0,0
1552,746,0.0,0
18,475,0.10523917526006699,1
1214,1781,0.0,0
732,1184,0.3551032841205597,1
1478,1828,0.28622740507125854,1
350,632,0.4514177739620209,1
1688,1873,0.018317384645342827,0
906,1151,0.0,0
555,1106,0.246805340051651,1
1537,557,0.014918343164026737,0
737,40,0.0,0
1664,2020,0.16609592735767365,1
306,1343,0.19570378959178925,1
280,809,0.1351672112941742,1
819,1871,0.37384483218193054,1
361,1517,0.4132940173149109,1
1869,195,0.0,0
660,364,0.0,0
91,124,0.0,0
421,1780,0.44446370005607605,1
24,136,0.28070366382598877,1
414,1811,0.3652058243751526,1
1033,2037,0.4476500451564789,1
1181,415,0.0,0
256,1568,0.2737216055393219,1
1346,161,0.0,0
275,1514,0.4007687270641327,1
569,1104,0.22575251758098602,1
204,1346,0.0,0
891,1801,0.0,0
1451,1973,0.2993553876876831,1
1517,616,0.0,0
361,1253,0.3520094156265259,1
1865,1855,0.016993066295981407,0
46,2054,0.5335550308227539,1
40,1089,0.13405264914035797,1
936,1801,0.24826543033123016,1
236,1278,0.21757963299751282,1
216,1408,0.013251599855720997,0
1284,267,0.0,0
226,232,0.2789170444011688,1
1298,1166,0.0,0
34,2079,0.0,0
441,2054,0.0,0
146,481,0.2210783064365387,1
1092,1934,0.2097691297531128,1
694,1219,0.0,0
31,367,0.014875133521854877,0
318,1053,0.2061862349510193,1
503,1560,0.32734376192092896,1
1089,1213,0.15006430447101593,1
343,1760,0.12401750683784485,1
1247,1617,0.01979965716600418,0
999,1534,0.12870341539382935,1
142,1249,0.15598487854003906,1
101,1388,0.10126234591007233,1
278,911,0.30284836888313293,1
700,1707,0.0,0
1280,1596,0.015921758487820625,0
409,1560,0.19179823994636536,1
453,1933,0.0,0
123,1701,0.0,0
1604,570,0.0,0
930,1365,0.3489716947078705,1
73,1209,0.14905568957328796,1
111,1862,0.16120341420173645,1
115,1190,0.0,0
179,437,0.2014857530593872,1
260,795,0.1342962384223938,1
1794,1103,0.01567792147397995,0
413,1270,0.018668167293071747,0
553,911,0.24600329995155334,1
271,1511,0.49157407879829407,1
385,1065,0.28693118691444397,1
1253,1300,0.35810309648513794,1
142,792,0.0,0
1958,2040,0.01689785160124302,0
836,900,0.0,0
1672,1799,0.0,0
179,400,0.4052542746067047,1
1710,40,0.0,0
1885,1929,0.0,0
910,1628,0.385736346244812,1
343,772,0.3371305763721466,1
1159,568,0.0,0
2003,348,0.0,0
417,1123,0.0,0
143,387,0.10002481192350388,1
1893,26,0.0,0
349,677,0.0,0
2001,1981,0.0,0
627,151,0.0,0
144,1278,0.3659001886844635,1
1073,921,0.0,0
338,1466,0.12291676551103592,1
1286,1809,0.018065089359879494,0
405,1278,0.1698213666677475,1
1264,1783,0.41756993532180786,1
1836,48,0.0,0
211,534,0.19008561968803406,1
1947,1493,0.0,0
1064,254,0.0,0
285,933,0.10023874789476395,1
208,433,0.11962739378213882,1
46,1628,0.532011866569519,1
1213,1414,0.01766756922006607,0
258,1283,0.3654484748840332,1
836,1024,0.0,0
1515,1591,0.15754334628582,1
1555,1583,0.01874350756406784,0
200,862,0.0,0
1560,559,0.0,0
302,1898,0.2914465665817261,1
63,1217,0.0,0
1907,930,0.0,0
123,211,0.015290764160454273,0
1253,2087,0.46350908279418945,1
497,966,0.49717721343040466,1
390,477,0.5367224216461182,1
545,157,0.0,0
2100,1709,0.0,0
618,1051,0.0,0
2,1209,0.1706477254629135,1
1944,965,0.0,0
667,1895,0.4740200936794281,1
497,815,0.521619439125061,1
1693,435,0.0,0
1202,1377,0.0,0
1346,1558,0.1959507018327713,1
616,800,0.2651388943195343,1
183,779,0.15967664122581482,1
339,1069,0.3711662292480469,1
155,1821,0.0,0
1074,1597,0.20067235827445984,1
1100,1466,0.0,0
409,1462,0.2859205901622772,1
172,2097,0.20475204288959503,1
78,196,0.019365129992365837,0
333,1987,0.0,0
760,1530,0.1869577318429947,1
658,1949,0.13331738114356995,1
1930,1305,0.0,0
74,1461,0.016686951741576195,0
1146,1684,0.31820008158683777,1
497,1600,0.46073678135871887,1
1301,1981,0.0,0
414,1471,0.5248953104019165,1
53,1476,0.2298402637243271,1
467,2007,0.0,0
730,1709,0.15981781482696533,1
977,1528,0.0,0
421,1606,0.4669542610645294,1
1671,714,0.0,0
510,1705,0.0,0
1847,499,0.0,0
501,1535,0.12875328958034515,1
1785,2008,0.23496094346046448,1
1206,88,0.0,0
1190,698,0.019055845215916634,0
2045,370,0.0,0
1246,1836,0.0,0
735,142,0.017447788268327713,0
841,1181,0.0,0
355,911,0.3057026267051697,1
612,1564,0.26616212725639343,1
577,1457,0.0,0
1331,382,0.0,0
1521,1646,0.12712296843528748,1
569,1605,0.25013643503189087,1
1276,586,0.0,0
1076,2090,0.0,0
1283,1535,0.2744482159614563,1
1506,1684,0.006456542294472456,0
1568,2027,0.22612832486629486,1
355,1963,0.2457517832517624,1
697,1057,0.0,0
1628,1352,0.0,0
1634,1374,0.0,0
146,179,0.26216065883636475,1
129,816,0.44780752062797546,1
475,1312,0.0,0
519,1435,0.0,0
826,1253,0.1992616355419159,1
400,1973,0.36058300733566284,1
179,405,0.16769176721572876,1
928,994,0.014445729553699493,0
550,530,0.0,0
877,1676,0.016659976914525032,0
1794,52,0.014885954558849335,0
421,1283,0.2976376414299011,1
1695,204,0.01669263280928135,0
1929,1422,0.0,0
915,351,0.014176752418279648,0
686,1541,0.21324321627616882,1
1868,460,0.008165092207491398,0
646,2059,0.4026173949241638,1
117,788,0.13640357553958893,1
416,1153,0.0,0
1387,1617,0.0,0
1530,817,0.01910942792892456,0
1479,762,0.01799834333360195,0
444,1531,0.018858473747968674,0
90,1588,0.28138551115989685,1
749,1572,0.4607548415660858,1
900,200,0.016312679275870323,0
1928,208,0.0,0
227,1445,0.4372059106826782,1
1088,786,0.017925605177879333,0
223,2061,0.3023659586906433,1
319,464,0.015733404085040092,0
823,1910,0.0,0
621,842,0.0,0
1983,1454,0.0,0
340,2061,0.15993733704090118,1
726,28,0.0,0
1135,1453,0.4242992699146271,1
1151,2001,0.019221287220716476,0
1775,1956,0.15070827305316925,1
732,963,0.14711958169937134,1
1597,1090,0.0,0
65,1312,0.1984502226114273,1
580,529,0.0,0
99,665,0.3968639671802521,1
430,1038,0.1980661153793335,1
1189,1247,0.49556276202201843,1
538,905,0.4737946689128876,1
1466,843,0.0,0
713,541,0.0,0
1508,2042,0.11095704138278961,1
810,733,0.019600825384259224,0
1318,552,0.0,0
92,639,0.10213985294103622,1
527,1356,0.4868592619895935,1
704,968,0.0,0
1009,2069,0.25255128741264343,1
1741,1852,0.0,0
1248,1517,0.3469201624393463,1
723,1071,0.5526977181434631,1
502,1704,0.15645383298397064,1
634,753,0.1479741930961609,1
232,638,0.4692601263523102,1
1749,1624,0.0,0
632,1606,0.537482500076294,1
231,1017,0.47376343607902527,1
946,1011,0.3094809949398041,1
1032,1824,0.1051931083202362,1
12,890,0.0,0
1601,178,0.0,0
640,1174,0.13006718456745148,1
756,1131,0.0,0
1660,1504,0.0,0
1277,1999,0.1640162616968155,1
1262,250,0.0,0
536,542,0.250060498714447,1
1805,486,0.018114985898137093,0
2092,984,0.0,0
633,1846,0.017082199454307556,0
248,1688,0.0,0
57,844,0.32186833024024963,1
1675,585,0.0,0
494,798,0.0,0
1024,1213,0.01785052753984928,0
1036,1280,0.2750735878944397,1
971,2031,0.018955111503601074,0
240,757,0.38486170768737793,1
1148,1993,0.0,0
712,1699,0.0,0
1187,306,0.0,0
684,1434,0.4269011318683624,1
296,677,0.0,0
1295,1981,0.0,0
1197,1426,0.0,0
862,1829,0.297419935464859,1
514,2020,0.14731869101524353,1
723,966,0.38399645686149597,1
260,816,0.11578591167926788,1
7,1184,0.37203311920166016,1
966,1659,0.23071373999118805,1
1132,1773,0.29771149158477783,1
481,1752,0.11628620326519012,1
2037,274,0.019947633147239685,0
830,1516,0.24208156764507294,1
442,1693,0.0,0
797,1963,0.3071378767490387,1
1278,1798,0.014142957516014576,0
1462,2033,0.3935948610305786,1
345,1312,0.0,0
646,1898,0.2955559194087982,1
413,82,0.0,0
713,1263,0.2712106704711914,1
1420,1527,0.10076218843460083,1
2019,1038,0.0,0
1196,529,0.017063573002815247,0
431,631,0.4631379246711731,1
941,368,0.0,0
198,1552,0.0,0
339,942,0.20594970881938934,1
129,1073,0.0,0
538,809,0.48164817690849304,1
1749,1111,0.0,0
232,621,0.2104199379682541,1
226,696,0.0,0
1119,1664,0.13408932089805603,1
81,248,0.0,0
153,351,0.01992500200867653,0
450,1702,0.2467862069606781,1
1316,1725,0.2360583245754242,1
1135,2068,0.15507732331752777,1
227,1248,0.1963154524564743,1
129,1600,0.4382862448692322,1
1007,1834,0.0,0
232,1034,0.18054263293743134,1
49,1236,0.0,0
519,327,0.0,0
476,859,0.17764611542224884,1
260,1869,0.21970833837985992,1
1222,1652,0.2785060703754425,1
1445,1895,0.2987228035926819,1
949,118,0.017907196655869484,0
132,1560,0.29400140047073364,1
1635,487,0.0,0
815,1253,0.4122094213962555,1
385,1022,0.17462700605392456,1
1617,312,0.0,0
158,112,0.0,0
1613,1815,0.0,0
1972,1826,0.0,0
560,1707,0.10403672605752945,1
1677,807,0.0,0
1356,1895,0.37576746940612793,1
1055,762,0.0,0
820,924,0.0,0
1114,1594,0.2887169122695923,1
1939,875,0.0,0
1330,1428,0.01861017756164074,0
852,1616,0.2745770514011383,1
1386,1782,0.0,0
1323,1798,0.0,0
442,1246,0.13951529562473297,1
795,2004,0.19012896716594696,1
690,816,0.4658113121986389,1
465,1473,0.0,0
99,686,0.22753868997097015,1
315,414,0.19242151081562042,1
578,1145,0.38067910075187683,1
195,471,0.2730758786201477,1
497,701,0.5005472898483276,1
823,1191,0.0,0
2016,1643,0.0,0
1941,295,0.0,0
51,1530,0.19373232126235962,1
451,1135,0.4700402319431305,1
1014,1856,0.12385992705821991,1
1614,1650,0.0,0
1145,1568,0.340351402759552,1
848,692,0.0,0
1659,2021,0.28907373547554016,1
80,1501,0.15661795437335968,1
236,1027,0.2725602388381958,1
129,1821,0.48041626811027527,1
1393,1437,0.0,0
749,984,0.29556402564048767,1
490,862,0.13805396854877472,1
1215,1353,0.0,0
989,1054,0.10625693947076797,1
375,203,0.0,0
417,1662,0.15494076907634735,1
470,941,0.1448056548833847,1
924,202,0.0,0
2046,1166,0.0,0
2028,504,0.0,0
124,396,0.10249172151088715,1
878,1090,0.0,0
6,1696,0.0,0
830,1371,0.0,0
161,1040,0.01784718781709671,0
1101,360,0.0,0
477,1836,0.0,0
545,1614,0.1090354472398758,1
1926,420,0.0,0
486,1869,0.2948548495769501,1
2072,1798,0.0,0
851,1263,0.33307138085365295,1
1288,729,0.0,0
35,1181,0.0,0
1959,2054,0.40258315205574036,1
1709,526,0.006613127887248993,0
459,800,0.2823682427406311,1
538,684,0.5970019102096558,1
1272,1394,0.43218570947647095,1
1638,694,0.0,0
68,242,0.5413825511932373,1
1832,2038,0.1471666693687439,1
1111,812,0.0169635321944952,0
590,1880,0.29122012853622437,1
17,339,0.3921457529067993,1
1377,2025,0.0,0
1659,1838,0.1389269083738327,1
2043,604,0.0,0
122,585,0.0,0
690,770,0.36430665850639343,1
504,1752,0.0,0
440,910,0.0,0
145,242,0.35080254077911377,1
1518,731,0.0,0
419,1606,0.24246154725551605,1
1666,2023,0.28865861892700195,1
1911,208,0.0,0
440,1617,0.0,0
172,780,0.11496370285749435,1
1343,1978,0.29700085520744324,1
152,435,0.0,0
705,1846,0.159540057182312,1
911,1678,0.4162355661392212,1
1821,365,0.0,0
399,646,0.37586644291877747,1
22,170,0.12175309658050537,1
226,502,0.37558645009994507,1
1972,16,0.0,0
51,157,0.23807471990585327,1
446,1611,0.11636706441640854,1
1362,868,0.014228633604943752,0
355,674,0.2216779738664627,1
860,1001,0.0,0
340,778,0.308569073677063,1
344,2093,0.0,0
484,40,0.0,0
1734,111,0.0,0
773,1177,0.0,0
1171,1810,0.2154892385005951,1
541,1597,0.20329509675502777,1
39,1766,0.0,0
162,862,0.14740636944770813,1
150,1186,0.24567943811416626,1
110,717,0.32315880060195923,1
1226,2037,0.2561452090740204,1
875,319,0.0,0
414,1636,0.4015873074531555,1
439,14,0.0,0
58,1648,0.2808949649333954,1
1258,541,0.014475509524345398,0
106,1888,0.018663881346583366,0
1828,18,0.0,0
1501,910,0.0,0
2041,627,0.0,0
1459,1521,0.0,0
210,539,0.27574989199638367,1
1803,1212,0.0,0
593,393,0.0,0
351,1872,0.22504442930221558,1
162,1001,0.15680848062038422,1
843,2015,0.0,0
1759,2014,0.0,0
86,546,0.017010895535349846,0
1316,1535,0.17031142115592957,1
1053,41,0.0,0
1258,1486,0.2165222316980362,1
455,1058,0.0,0
63,1258,0.11987074464559555,1
405,1327,0.0,0
1559,660,0.0,0
1398,1447,0.0,0
465,1445,0.018511468544602394,0
31,658,0.1372787207365036,1
121,305,0.45058199763298035,1
419,1453,0.33766159415245056,1
476,1708,0.2741696238517761,1
382,1934,0.0,0
28,737,0.0,0
1312,613,0.0,0
1857,95,0.0,0
1274,1891,0.0,0
470,1898,0.43868598341941833,1
963,1560,0.25152960419654846,1
134,2018,0.2940347492694855,1
536,859,0.1696089208126068,1
310,1198,0.27998119592666626,1
1038,1131,0.0,0
1646,1821,0.2264687418937683,1
690,749,0.4349510371685028,1
769,561,0.0,0
1056,1768,0.27828168869018555,1
538,1125,0.0,0
1848,2055,0.0,0
709,1958,0.014929854311048985,0
972,746,0.0,0
991,1342,0.11194641888141632,1
804,308,0.0,0
195,1707,0.26962295174598694,1
1644,1155,0.0,0
661,43,0.0,0
1327,1424,0.0,0
1972,643,0.0,0
446,1653,0.3111906945705414,1
409,851,0.1607545018196106,1
421,2020,0.15669165551662445,1
730,1503,0.1821717917919159,1
852,1300,0.5274730324745178,1
1307,70,0.0,0
355,749,0.2821587324142456,1
1751,1888,0.0,0
609,804,0.2171875238418579,1
1072,2038,0.31254488229751587,1
791,1038,0.14379161596298218,1
256,497,0.3811739981174469,1
649,1289,0.0,0
1515,1428,0.0,0
616,1488,0.26228129863739014,1
150,1983,0.2550470232963562,1
1350,514,0.0,0
236,534,0.33311691880226135,1
399,1197,0.41829273104667664,1
128,813,0.0,0
110,638,0.3690051734447479,1
232,1305,0.3569276034832001,1
1064,1924,0.018870767205953598,0
1300,1659,0.24026896059513092,1
1325,2081,0.0,0
110,852,0.2793460190296173,1
586,64,0.0,0
395,96,0.014274650253355503,0
1666,1772,0.0,0
596,1522,0.0,0
1211,223,0.0,0
102,1199,0.34742194414138794,1
1125,1853,0.0,0
1399,1286,0.0,0
717,1455,0.4757351875305176,1
1042,972,0.019740717485547066,0
118,1935,0.20582564175128937,1
828,1845,0.1419881284236908,1
1823,6,0.0,0
1364,1554,0.1690758764743805,1
31,1173,0.17630340158939362,1
905,1517,0.3011157512664795,1
49,884,0.17879177629947662,1
1515,1690,0.11343138664960861,1
863,274,0.0,0
419,1356,0.3136654198169708,1
581,2037,0.20195049047470093,1
307,1939,0.0,0
414,1056,0.3762117922306061,1
310,481,0.21269281208515167,1
339,1568,0.39414986968040466,1
495,1138,0.0,0
1522,1931,0.12486682087182999,1
1255,1869,0.16895708441734314,1
232,1734,0.31709903478622437,1
203,413,0.0,0
1711,257,0.0,0
1768,1811,0.16733182966709137,1
615,1406,0.0,0
1072,1987,0.0,0
46,690,0.42555147409439087,1
604,1467,0.019229432567954063,0
1725,1271,0.0,0
212,457,0.1764959841966629,1
1395,595,0.0,0
404,764,0.0,0
268,1367,0.0,0
99,211,0.29298174381256104,1
1736,321,0.01967768371105194,0
604,756,0.0,0
105,1364,0.0,0
1259,1489,0.1762808859348297,1
231,1457,0.3594893217086792,1
254,1766,0.0,0
157,828,0.28896698355674744,1
714,761,0.18862104415893555,1
1457,115,0.0,0
400,684,0.579145073890686,1
1199,2005,0.01632285676896572,0
531,1453,0.5785723924636841,1
1794,669,0.0,0
1489,84,0.0,0
437,1278,0.159004807472229,1
133,497,0.4943726658821106,1
22,985,0.0,0
1276,6,0.0,0
1189,1863,0.4409979283809662,1
400,2054,0.5286162495613098,1
1294,1872,0.17222702503204346,1
1737,280,0.015352830290794373,0
606,804,0.0,0
1835,273,0.0,0
1247,1447,0.35404449701309204,1
1055,1296,0.0,0
9,1360,0.0,0
659,985,0.2462337464094162,1
797,1606,0.35433462262153625,1
400,669,0.36946478486061096,1
11,136,0.35960671305656433,1
1491,1742,0.15371423959732056,1
523,1136,0.009733129292726517,0
329,1821,0.30397671461105347,1
1568,168,0.0,0
616,1808,0.016595380380749702,0
1682,2039,0.1261785328388214,1
764,602,0.018727321177721024,0
999,1652,0.1517835557460785,1
1643,369,0.0,0
400,1302,0.014799203723669052,0
778,1811,0.20678627490997314,1
527,850,0.017729515209794044,0
1976,87,0.0,0
1004,1879,0.0,0
966,1616,0.2805834114551544,1
1056,1445,0.21281662583351135,1
329,1102,0.26758745312690735,1
532,1155,0.0,0
1261,1566,0.28799256682395935,1
1373,1421,0.0,0
2071,1582,0.0,0
404,1347,0.0,0
1682,1343,0.01765367016196251,0
147,571,0.4530884623527527,1
1393,1695,0.0,0
573,1303,0.0,0
1794,204,0.01971423253417015,0
532,1261,0.0,0
1453,1856,0.219190314412117,1
289,1130,0.17902891337871552,1
1853,900,0.0,0
961,1287,0.0,0
523,1479,0.0,0
1503,1753,0.21837027370929718,1
490,572,0.11464665830135345,1
1287,83,0.0,0
675,1611,0.0,0
355,702,0.14853468537330627,1
256,1056,0.27881574630737305,1
1405,1074,0.01703600026667118,0
730,1205,0.0,0
1389,1562,0.18602174520492554,1
481,503,0.33201220631599426,1
1752,1079,0.0,0
687,1969,0.0,0
345,341,0.0,0
1934,1972,0.0,0
361,1791,0.5392996072769165,1
431,688,0.3512676954269409,1
211,371,0.11345351487398148,1
1189,1264,0.0,0
139,1999,0.17327672243118286,1
514,1080,0.328200101852417,1
11,145,0.20654161274433136,1
76,1216,0.0,0
1124,1632,0.20460094511508942,1
2045,1465,0.0,0
671,1670,0.0,0
2057,1891,0.0,0
1284,223,0.0,0
1130,1682,0.21375800669193268,1
32,889,0.1343996375799179,1
311,1802,0.01694691926240921,0
1606,1659,0.33726224303245544,1
1291,57,0.0,0
227,390,0.4759382903575897,1
946,964,0.23056082427501678,1
57,2054,0.27341678738594055,1
578,1258,0.0,0
143,753,0.13184602558612823,1
725,598,0.0,0
2058,758,0.015272058546543121,0
844,1380,0.1899377852678299,1
569,1135,0.41479063034057617,1
965,966,0.4949691891670227,1
953,1354,0.14010624587535858,1
142,1258,0.13326172530651093,1
646,1056,0.38288965821266174,1
659,1800,0.015384349972009659,0
670,928,0.0,0
795,1439,0.017720861360430717,0
640,730,0.1830696314573288,1
621,313,0.0,0
1867,114,0.0,0
133,1768,0.324712336063385,1
1538,1669,0.10143357515335083,1
1624,770,0.0,0
375,1053,0.3395976424217224,1
2005,303,0.0,0
717,1337,0.19508613646030426,1
446,831,0.11419635266065598,1
1002,1312,0.0,0
1407,921,0.018835466355085373,0
1152,1009,0.0,0
1413,1934,0.0,0
1181,684,0.0,0
677,961,0.0,0
1362,497,0.0,0
14,2078,0.0,0
912,1724,0.0,0
1055,517,0.0,0
815,830,0.31899508833885193,1
1647,1266,0.0,0
1073,842,0.017682339996099472,0
262,1572,0.0,0
1577,1869,0.13675615191459656,1
1994,1197,0.017411474138498306,0
1874,1532,0.0,0
514,1593,0.10399508476257324,1
1509,1575,0.0,0
1990,266,0.0,0
1872,1801,0.0,0
979,1333,0.0,0
1636,1630,0.0,0
538,1988,0.35152408480644226,1
701,1659,0.2958073318004608,1
658,1563,0.0,0
414,851,0.39778438210487366,1
1435,658,0.014992313459515572,0
87,303,0.0,0
271,1768,0.2549670934677124,1
686,1557,0.0,0
122,604,0.0,0
961,249,0.0,0
730,1626,0.14483536779880524,1
307,332,0.0,0
1567,2022,0.1772966980934143,1
725,1057,0.0,0
87,770,0.3391481339931488,1
405,1633,0.37724199891090393,1
173,2091,0.0,0
1744,1619,0.0,0
569,2027,0.14331665635108948,1
1503,2037,0.1939830631017685,1
690,1247,0.4568283259868622,1
131,1030,0.0,0
1309,1928,0.01849711500108242,0
238,847,0.0,0
421,1263,0.2796269655227661,1
1209,1845,0.17096613347530365,1
1918,731,0.0,0
1827,1513,0.0,0
83,1459,0.12711109220981598,1
655,985,0.1951664686203003,1
1247,1820,0.5287063121795654,1
116,1421,0.0,0
442,1216,0.0,0
1747,875,0.0,0
753,1174,0.21775880455970764,1
665,1163,0.398407518863678,1
1995,1466,0.016878610476851463,0
425,251,0.0,0
553,836,0.20176973938941956,1
214,1515,0.10910474509000778,1
31,371,0.1034436970949173,1
194,300,0.0,0
400,730,0.305803120136261,1
757,1567,0.10336387157440186,1
256,723,0.420248806476593,1
372,438,0.01317623071372509,0
696,442,0.0,0
1854,109,0.0,0
761,1209,0.11955879628658295,1
1289,516,0.0,0
621,984,0.2835545837879181,1
865,1891,0.0,0
1404,985,0.0,0
1528,1560,0.34255823493003845,1
108,266,0.0,0
639,1990,0.01704472117125988,0
691,1531,0.0,0
825,980,0.0,0
392,1121,0.008824114687740803,0
899,909,0.10528834909200668,1
898,1184,0.4042304456233978,1
1381,1603,0.0,0
108,584,0.0,0
1633,1811,0.3062320351600647,1
390,1069,0.30279460549354553,1
232,481,0.16429026424884796,1
375,1628,0.379300981760025,1
884,1559,0.19269710779190063,1
79,486,0.3585752844810486,1
335,569,0.3188854157924652,1
819,1717,0.5062364339828491,1
723,808,0.275198757648468,1
415,60,0.0,0
749,1761,0.01585276424884796,0
1388,1447,0.3327886164188385,1
1642,1746,0.10099043697118759,1
860,1036,0.0,0
405,1466,0.3742908537387848,1
1038,1209,0.23697765171527863,1
235,538,0.0,0
195,754,0.152278870344162,1
884,1564,0.5610166192054749,1
875,1380,0.018633555620908737,0
1247,1813,0.4723968803882599,1
1601,1061,0.0,0
1001,1423,0.18989329040050507,1
34,1658,0.015093639492988586,0
1125,1956,0.0,0
558,1185,0.13315558433532715,1
716,1286,0.0,0
144,690,0.4997815787792206,1
1780,82,0.0,0
1089,1661,0.0,0
24,1722,0.26379895210266113,1
66,1210,0.3154308497905731,1
1465,1396,0.0,0
691,1396,0.0,0
722,808,0.3301238417625427,1
129,1963,0.4655568301677704,1
723,1833,0.3094525635242462,1
405,1780,0.3731091618537903,1
2088,935,0.0,0
1592,1122,0.0,0
690,1308,0.4323081076145172,1
470,486,0.5136798620223999,1
297,510,0.0,0
663,1956,0.11951223015785217,1
451,717,0.4218221604824066,1
158,280,0.0,0
190,750,0.0,0
1922,1166,0.0,0
1091,704,0.01723461039364338,0
1179,2038,0.37578457593917847,1
913,1520,0.25731292366981506,1
563,854,0.0,0
1964,667,0.0,0
1132,1300,0.4903082549571991,1
35,784,0.0,0
261,949,0.1365697681903839,1
2066,854,0.014500992372632027,0
659,1102,0.10828286409378052,1
1291,1791,0.13443072140216827,1
537,1407,0.0,0
1308,1140,0.0,0
818,875,0.0,0
862,1606,0.32929450273513794,1
226,815,0.5277829766273499,1
134,884,0.2948729395866394,1
1347,81,0.0,0
950,512,0.0,0
719,1792,0.3042047917842865,1
1925,257,0.0,0
486,757,0.5520206093788147,1
13,1183,0.019491709768772125,0
64,1921,0.0,0
581,1869,0.22080528736114502,1
851,1820,0.42471563816070557,1
289,884,0.14907190203666687,1
1131,1360,0.0,0
949,1101,0.0,0
582,2061,0.0,0
227,2059,0.38522735238075256,1
1551,1961,0.0,0
1475,356,0.0,0
1456,877,0.0,0
518,1053,0.35789957642555237,1
718,1075,0.26892051100730896,1
1135,1304,0.37762850522994995,1
1057,1528,0.4512026906013489,1
877,1046,0.0,0
1283,1310,0.18394771218299866,1
1592,1102,0.01669764705002308,0
1540,2085,0.0,0
712,896,0.0,0
1474,203,0.0,0
1470,1377,0.0,0
930,1525,0.2617549002170563,1
1554,1707,0.3200378715991974,1
503,2038,0.36656850576400757,1
1072,1132,0.5442653298377991,1
442,1471,0.0,0
1641,1161,0.0,0
129,636,0.33224722743034363,1
1699,579,0.0,0
1423,1500,0.0,0
628,685,0.0,0
24,1590,0.33403193950653076,1
340,1773,0.22863423824310303,1
103,225,0.0,0
1369,1771,0.24823105335235596,1
1453,1568,0.3458210527896881,1
1033,435,0.0,0
215,263,0.0,0
129,1771,0.2995835244655609,1
1282,855,0.01849932037293911,0
499,608,0.0,0
1212,742,0.014957222156226635,0
968,1616,0.0,0
1222,1240,0.0,0
1971,214,0.0,0
355,1034,0.2647375762462616,1
752,1399,0.0,0
701,1262,0.11180761456489563,1
815,2061,0.32000425457954407,1
637,1671,0.13198192417621613,1
1822,233,0.0,0
1503,1810,0.14432081580162048,1
601,1976,0.18974575400352478,1
527,862,0.3424546420574188,1
300,1226,0.0,0
816,1198,0.4132772982120514,1
785,1877,0.01918473280966282,0
46,527,0.2821531295776367,1
114,1889,0.34061917662620544,1
2015,2023,0.0,0
463,1956,0.13960230350494385,1
1471,1820,0.4299076199531555,1
46,400,0.5367542505264282,1
818,1137,0.0,0
386,605,0.13861757516860962,1
1198,1491,0.15887676179409027,1
1489,1933,0.0,0
227,1290,0.0,0
1734,1811,0.24492420256137848,1
1216,310,0.0,0
46,132,0.5407719612121582,1
612,795,0.2589471936225891,1
46,911,0.42482903599739075,1
470,1023,0.4938274621963501,1
299,1458,0.18613387644290924,1
1209,1210,0.32973089814186096,1
1719,675,0.0,0
502,1722,0.30266496539115906,1
70,1574,0.45671528577804565,1
179,518,0.3408752977848053,1
374,80,0.0,0
572,1874,0.0,0
439,149,0.0,0
58,1348,0.33486759662628174,1
236,538,0.3478219211101532,1
547,871,0.18757210671901703,1
2081,1917,0.0,0
313,1381,0.0,0
198,1589,0.15842008590698242,1
1013,1434,0.0,0
1351,1149,0.0,0
2016,1494,0.0,0
545,621,0.2623286247253418,1
438,810,0.0,0
1343,1671,0.1620059460401535,1
289,1785,0.2018163800239563,1
1090,788,0.0,0
827,636,0.0,0
2000,1051,0.0,0
732,1614,0.019810132682323456,0
1322,1115,0.0,0
1537,22,0.018230190500617027,0
1630,1551,0.0,0
1476,1825,0.2262946218252182,1
1212,495,0.0,0
446,1818,0.19462017714977264,1
697,1636,0.019357264041900635,0
1299,82,0.0,0
1855,1122,0.0,0
318,1560,0.2021324783563614,1
2033,1154,0.0,0
845,585,0.0,0
57,351,0.18659579753875732,1
178,1001,0.01971200853586197,0
438,119,0.0,0
882,1445,0.27763912081718445,1
638,1762,0.4292275905609131,1
699,1258,0.11675382405519485,1
354,846,0.0,0
646,1581,0.0,0
58,816,0.3679904043674469,1
332,1145,0.20762929320335388,1
451,1559,0.1988387107849121,1
380,2083,0.0,0
790,1023,0.228707954287529,1
691,1813,0.3373464345932007,1
58,1145,0.49032509326934814,1
1941,182,0.0,0
1562,1821,0.16754359006881714,1
481,884,0.17765972018241882,1
339,1365,0.6034646034240723,1
571,548,0.0,0
541,1345,0.11005289852619171,1
886,715,0.015986189246177673,0
1854,1231,0.0,0
1628,2037,0.3675166666507721,1
690,298,0.0,0
1566,1883,0.0,0
936,2016,0.015701506286859512,0
132,302,0.2944776117801666,1
1928,1986,0.0,0
130,146,0.4224132001399994,1
489,910,0.0,0
1834,1575,0.0,0
385,638,0.37694594264030457,1
258,702,0.42744892835617065,1
1211,1398,0.0,0
941,1959,0.12513622641563416,1
271,1179,0.26133444905281067,1
363,1139,0.0,0
170,512,0.11025585979223251,1
48,1247,0.23810003697872162,1
327,1356,0.34481891989707947,1
884,1263,0.25524893403053284,1
1446,1525,0.28064852952957153,1
569,1253,0.3746124505996704,1
2025,1425,0.0,0
348,862,0.18400433659553528,1
1069,1382,0.0,0
1447,189,0.0,0
1125,29,0.0,0
1570,1536,0.0,0
100,1356,0.01744137704372406,0
1860,1525,0.0,0
546,1533,0.0,0
1261,1690,0.11760897189378738,1
390,518,0.4963061809539795,1
914,1717,0.017603453248739243,0
1553,2028,0.0,0
66,699,0.3061200976371765,1
1244,837,0.0,0
275,1642,0.19940057396888733,1
1421,1474,0.0,0
941,1769,0.10608081519603729,1
520,1642,0.1663692444562912,1
440,262,0.0,0
845,1076,0.0,0
286,985,0.47119778394699097,1
236,1034,0.21686728298664093,1
1014,1573,0.00780303031206131,0
110,2037,0.16321909427642822,1
1787,1452,0.01592337153851986,0
390,1300,0.43039223551750183,1
541,1097,0.0,0
231,240,0.3158795237541199,1
1761,1255,0.0,0
529,1122,0.0,0
737,95,0.0,0
702,839,0.019744891673326492,0
1346,1369,0.2591959536075592,1
1184,1308,0.3460346758365631,1
845,1819,0.0,0
78,1284,0.13562199473381042,1
325,2092,0.0,0
315,1600,0.17588728666305542,1
256,1516,0.295088529586792,1
545,1283,0.1992756724357605,1
619,1087,0.35420066118240356,1
46,1369,0.38757896423339844,1
1488,2001,0.19327475130558014,1
329,1811,0.17621393501758575,1
723,1636,0.33519071340560913,1
942,763,0.0,0
638,1535,0.12544870376586914,1
713,1275,0.0,0
481,1821,0.3644195795059204,1
145,633,0.0,0
917,1573,0.17510570585727692,1
1176,1825,0.31147757172584534,1
652,632,0.0,0
74,61,0.0,0
623,1239,0.2854606509208679,1
1822,798,0.0,0
1694,454,0.0,0
232,310,0.2152281105518341,1
911,1017,0.4117903709411621,1
1518,226,0.0,0
1113,1441,0.01845221035182476,0
1744,1648,0.012749806046485901,0
709,890,0.40792444348335266,1
451,1515,0.15082204341888428,1
1555,178,0.0,0
31,62,0.12029316276311874,1
49,1434,0.1400691121816635,1
1495,1033,0.0,0
121,1430,0.0,0
686,1213,0.16192582249641418,1
1917,810,0.0,0
1102,1959,0.1473017930984497,1
339,118,0.015017609111964703,0
968,1293,0.014856033958494663,0
1069,1071,0.3721133768558502,1
1734,2037,0.29473647475242615,1
31,99,0.17309144139289856,1
10,832,0.0,0
315,572,0.17462606728076935,1
531,897,0.0,0
949,1600,0.0,0
1670,575,0.0,0
1108,1539,0.0,0
470,1298,0.44075340032577515,1
1189,1356,0.5111075043678284,1
82,1921,0.0,0
822,264,0.019393611699342728,0
660,1426,0.0,0
112,559,0.0,0
175,1170,0.0,0
1331,911,0.0,0
432,1810,0.0,0
1707,1625,0.0,0
36,1193,0.017123781144618988,0
841,306,0.01572939194738865,0
1132,1062,0.017374109476804733,0
1223,104,0.01858658716082573,0
930,550,0.0,0
1226,2038,0.21730783581733704,1
1853,14,0.0,0
371,1809,0.0,0
861,966,0.23844954371452332,1
834,1253,0.0,0
321,508,0.0,0
1721,1021,0.0,0
73,473,0.0,0
322,1810,0.3635699152946472,1
1964,53,0.0,0
607,1348,0.0,0
396,1995,0.0,0
414,1394,0.34881630539894104,1
1742,1780,0.4003336429595947,1
632,930,0.3048638105392456,1
1063,1875,0.17480498552322388,1
486,714,0.0,0
822,1204,0.14312870800495148,1
1088,359,0.0,0
1138,1655,0.22763654589653015,1
1773,78,0.0,0
428,1202,0.33191603422164917,1
1426,1152,0.0,0
146,1356,0.5795601010322571,1
1018,17,0.0,0
1981,1801,0.0,0
258,878,0.5911086797714233,1
1259,1693,0.0,0
195,1792,0.2076674997806549,1
17,330,0.42801591753959656,1
1332,2027,0.2130625993013382,1
300,431,0.160477876663208,1
671,966,0.12870466709136963,1
506,480,0.0,0
150,2071,0.28079840540885925,1
148,835,0.0,0
776,1213,0.014465254731476307,0
1611,1082,0.0,0
275,1728,0.27545735239982605,1
1246,934,0.015584235079586506,0
1859,932,0.0,0
844,215,0.01707921363413334,0
278,930,0.23990470170974731,1
385,1301,0.2191356122493744,1
826,1444,0.01497732661664486,0
604,1033,0.4096553325653076,1
195,1627,0.20274610817432404,1
1597,1826,0.11275547742843628,1
1700,186,0.011372191831469536,0
232,1466,0.40442734956741333,1
514,593,0.26214808225631714,1
1413,697,0.011780990287661552,0
628,968,0.34640422463417053,1
910,1027,0.3828343451023102,1
415,1023,0.5322867631912231,1
1476,1895,0.1623515784740448,1
612,749,0.28912171721458435,1
1887,967,0.0,0
1478,1605,0.2832222580909729,1
134,271,0.3828040659427643,1
662,2032,0.01896681636571884,0
577,638,0.0,0
306,767,0.30474531650543213,1
1023,1113,0.15527424216270447,1
1822,1181,0.0,0
1365,1281,0.0,0
745,631,0.0,0
1021,1554,0.3228664994239807,1
232,486,0.41620975732803345,1
1004,401,0.0,0
1577,546,0.0,0
71,891,0.1849517822265625,1
1120,1177,0.0,0
1288,1847,0.0,0
1352,785,0.0,0
1939,1446,0.0,0
1452,912,0.0,0
1023,1742,0.4393601417541504,1
1688,979,0.0,0
432,1163,0.0,0
367,545,0.15022911131381989,1
157,912,0.3207707405090332,1
339,2068,0.1791245937347412,1
470,1616,0.3004748821258545,1
479,749,0.42861470580101013,1
808,1437,0.14099444448947906,1
1174,2077,0.29544511437416077,1
242,1434,0.38051819801330566,1
1299,1176,0.0,0
231,1365,0.49490705132484436,1
614,939,0.22721174359321594,1
214,1869,0.32433512806892395,1
1249,1788,0.0,0
437,255,0.0,0
179,479,0.3674488663673401,1
1702,230,0.0,0
1592,1426,0.0,0
46,1478,0.40210315585136414,1
877,42,0.0,0
162,1678,0.19860976934432983,1
1001,1365,0.26293084025382996,1
271,1582,0.0,0
527,1995,0.0,0
744,1831,0.0,0
537,589,0.4156973659992218,1
612,2037,0.21281220018863678,1
693,1581,0.1343030035495758,1
158,1140,0.0,0
1590,1722,0.3087801933288574,1
280,732,0.18934094905853271,1
1624,1935,0.0,0
40,1003,0.0,0
1605,1795,0.335306853055954,1
609,1822,0.0,0
532,1148,0.016857577487826347,0
97,1741,0.10016261041164398,1
1624,965,0.0,0
611,677,0.0,0
1352,551,0.018653668463230133,0
301,1132,0.35476723313331604,1
48,518,0.24506023526191711,1
1491,652,0.0,0
1508,347,0.01362140104174614,0
888,679,0.0,0
442,446,0.15455667674541473,1
280,1690,0.22316855192184448,1
63,950,0.21962013840675354,1
1056,1600,0.29140767455101013,1
1964,231,0.0,0
1726,1820,0.579573392868042,1
8,200,0.0,0
1116,311,0.0,0
868,909,0.1931098848581314,1
595,277,0.018839702010154724,0
97,1499,0.0,0
439,641,0.0,0
1530,1511,0.0,0
1611,1298,0.0,0
898,1722,0.3945646584033966,1
921,1969,0.14330045878887177,1
58,2072,0.2910749316215515,1
913,1393,0.0,0
63,890,0.327632874250412,1
327,749,0.33328133821487427,1
1751,100,0.014033009298145771,0
1546,1912,0.0,0
334,233,0.015270120464265347,0
1001,1004,0.008483650162816048,0
1202,1478,0.0,0
972,1890,0.0,0
72,1869,0.20223979651927948,1
1719,1494,0.0,0
179,1434,0.24260836839675903,1
480,1173,0.12207286804914474,1
30,2020,0.2170645147562027,1
1184,1300,0.31677666306495667,1
46,1973,0.2778218388557434,1
48,58,0.18244501948356628,1
470,1046,0.5070919990539551,1
545,1666,0.17143310606479645,1
107,385,0.0,0
415,1869,0.14863859117031097,1
1694,1366,0.01757916435599327,0
415,437,0.22584013640880585,1
1557,1801,0.19392241537570953,1
565,178,0.0,0
369,478,0.019349221140146255,0
106,313,0.0,0
875,1801,0.0,0
1226,2018,0.19636568427085876,1
157,1396,0.30520087480545044,1
707,2034,0.0,0
512,824,0.0,0
2005,933,0.0,0
1307,1776,0.21146748960018158,1
240,1053,0.3257884681224823,1
476,293,0.018969185650348663,0
308,2042,0.16217660903930664,1
834,1016,0.018423184752464294,0
63,1396,0.37643179297447205,1
1395,1151,0.0,0
1928,480,0.019117455929517746,0
377,1381,0.0,0
125,1709,0.1829797327518463,1
949,1214,0.0,0
343,828,0.30410146713256836,1
210,762,0.24236327409744263,1
1433,613,0.0,0
1749,1245,0.018089963123202324,0
929,924,0.0,0
1892,972,0.0,0
1964,1754,0.0,0
682,871,0.0,0
413,1226,0.2486923187971115,1
685,1319,0.1307840198278427,1
1854,693,0.0,0
553,1708,0.0,0
772,823,0.0,0
981,200,0.0,0
1009,1726,0.0,0
1630,274,0.0,0
823,917,0.0,0
481,1491,0.17386314272880554,1
1075,1194,0.11861023306846619,1
1638,725,0.0,0
1770,1653,0.0,0
631,1039,0.016926106065511703,0
1503,1869,0.10123846679925919,1
690,862,0.21997162699699402,1
481,1725,0.19509731233119965,1
536,757,0.338424414396286,1
788,1866,0.25086939334869385,1
187,1516,0.01956506073474884,0
7,232,0.4844181537628174,1
451,1476,0.5418164134025574,1
715,1467,0.016887517645955086,0
819,1777,0.0,0
470,1013,0.0,0
538,1278,0.42837703227996826,1
855,1214,0.0,0
457,1621,0.0,0
727,1143,0.0,0
829,87,0.0,0
1723,1136,0.0,0
767,1627,0.017106544226408005,0
147,2055,0.0,0
593,2020,0.14128762483596802,1
390,2037,0.49704909324645996,1
851,910,0.24226300418376923,1
855,1862,0.17805500328540802,1
921,810,0.0,0
1210,1327,0.3821078836917877,1
327,1017,0.2903456389904022,1
828,987,0.0,0
214,1189,0.3502204120159149,1
1224,1107,0.0,0
1611,870,0.0,0
1727,1132,0.016536785289645195,0
1883,813,0.0,0
565,1852,0.0,0
1662,1955,0.01905866153538227,0
150,1658,0.1023741364479065,1
26,1986,0.2614099383354187,1
680,749,0.2772722542285919,1
452,490,0.0,0
1078,1905,0.0,0
352,1235,0.0,0
1758,589,0.0,0
58,338,0.1356554627418518,1
683,1210,0.3412717580795288,1
576,307,0.01891205832362175,0
340,1156,0.0,0
663,189,0.01934952102601528,0
405,859,0.2020677626132965,1
1789,405,0.0,0
620,966,0.2537798285484314,1
1499,360,0.0,0
136,390,0.4765446186065674,1
1287,31,0.0,0
161,696,0.0,0
466,556,0.0034664564300328493,0
623,1138,0.2367679923772812,1
81,1758,0.0,0
1732,1429,0.0,0
966,1973,0.28895342350006104,1
726,504,0.013507851399481297,0
2054,1029,0.0,0
22,1589,0.14121931791305542,1
1978,1854,0.0,0
831,657,0.0,0
730,873,0.3506338596343994,1
306,1213,0.1671968698501587,1
862,1632,0.16002210974693298,1
707,1491,0.0,0
1841,1558,0.0,0
459,649,0.12848225235939026,1
66,1454,0.3062511682510376,1
296,1301,0.0,0
275,1942,0.2185666263103485,1
413,1308,0.4036164879798889,1
756,1087,0.2676217555999756,1
300,259,0.0,0
236,1725,0.263894647359848,1
316,271,0.0,0
1056,1080,0.4058058261871338,1
1793,480,0.0,0
1300,1462,0.29143691062927246,1
1263,1365,0.3026425838470459,1
651,2037,0.22607123851776123,1
585,2055,0.0,0
1200,1113,0.0,0
211,1835,0.27361956238746643,1
273,1697,0.0,0
11,984,0.2916804254055023,1
869,886,0.0,0
1047,181,0.0,0
248,1453,0.6252691745758057,1
227,479,0.4969327747821808,1
860,1813,0.0,0
609,816,0.3333105444908142,1
1992,219,0.0,0
2022,1601,0.0,0
106,415,0.0,0
1085,489,0.0,0
688,1420,0.11429594457149506,1
830,942,0.11106209456920624,1
693,1463,0.0,0
481,1688,0.32371899485588074,1
1231,1543,0.11471465229988098,1
558,1560,0.25233006477355957,1
691,851,0.26577162742614746,1
617,957,0.017011990770697594,0
684,732,0.30511072278022766,1
504,852,0.21542997658252716,1
730,1106,0.24235813319683075,1
110,1113,0.17931677401065826,1
1009,1259,0.2514153718948364,1
1056,1318,0.24552775919437408,1
1441,91,0.0,0
662,407,0.0,0
1178,1410,0.24673636257648468,1
1442,2056,0.0,0
179,749,0.2927437126636505,1
58,1017,0.36305946111679077,1
1321,1452,0.0,0
110,333,0.289272278547287,1
249,1729,0.0,0
851,2021,0.5219491124153137,1
1979,2037,0.39701056480407715,1
236,1451,0.322068989276886,1
437,531,0.19554691016674042,1
768,2054,0.37576204538345337,1
553,684,0.2410414069890976,1
1838,107,0.0,0
53,374,0.0,0
1255,1606,0.24166853725910187,1
340,911,0.3100022077560425,1
563,1471,0.0,0
278,1300,0.40743038058280945,1
57,129,0.23389768600463867,1
936,1500,0.0,0
329,1533,0.2711241543292999,1
1199,1774,0.019101731479167938,0
481,1690,0.4048660099506378,1
567,911,0.0,0
119,1785,0.0,0
714,1427,0.14868353307247162,1
446,520,0.19753767549991608,1
1504,1706,0.18873253464698792,1
1611,1642,0.16981962323188782,1
162,1174,0.0,0
1339,679,0.019041771069169044,0
962,2040,0.018433529883623123,0
632,966,0.40967971086502075,1
615,1037,0.0,0
359,1785,0.016170484945178032,0
1153,1879,0.11331098526716232,1
1599,2027,0.0,0
1089,1522,0.0,0
1115,1725,0.0,0
873,1572,0.601948082447052,1
725,1323,0.0,0
211,1103,0.1961023062467575,1
1150,1919,0.0,0
58,1189,0.3412402272224426,1
1880,1477,0.0,0
1865,1997,0.0,0
236,1476,0.2680926024913788,1
537,596,0.0,0
995,874,0.0,0
693,66,0.0,0
914,332,0.0,0
1296,1517,0.0,0
481,2020,0.3352375030517578,1
1305,1567,0.10524114221334457,1
1278,580,0.01571906916797161,0
531,919,0.019006364047527313,0
878,1478,0.3547615110874176,1
11,426,0.0,0
479,1992,0.0,0
1023,1447,0.3265515863895416,1
1646,1611,0.0,0
1470,1283,0.0,0
428,540,0.2442059963941574,1
163,1795,0.0,0
593,1042,0.23622606694698334,1
931,1458,0.0,0
385,682,0.46387365460395813,1
1124,1803,0.1003519743680954,1
1074,804,0.019967662170529366,0
1025,763,0.0,0
1056,1568,0.32804420590400696,1
1248,2033,0.18234650790691376,1
394,152,0.0,0
361,1555,0.511164128780365,1
301,631,0.1341785341501236,1
793,1749,0.018292125314474106,0
232,571,0.27527257800102234,1
1056,834,0.0,0
948,1235,0.0,0
1369,1851,0.46785682439804077,1
1283,1572,0.42040640115737915,1
1731,646,0.0,0
2085,4,0.0,0
1780,946,0.018442856147885323,0
405,1311,0.3377109467983246,1
81,463,0.0,0
256,851,0.29147228598594666,1
514,1489,0.22421033680438995,1
1102,1233,0.32438963651657104,1
835,917,0.0,0
1002,1027,0.34011298418045044,1
1223,1167,0.0,0
1478,1520,0.10382027179002762,1
413,1515,0.1723642349243164,1
1538,25,0.0,0
1705,53,0.0,0
249,1209,0.0,0
124,274,0.13856717944145203,1
1124,891,0.0,0
58,1356,0.37955567240715027,1
1092,1769,0.1904131919145584,1
1305,1522,0.0,0
1110,717,0.018828939646482468,0
171,1014,0.01817910745739937,0
1861,786,0.0,0
1621,291,0.0,0
235,1605,0.0,0
593,1451,0.2175457626581192,1
617,41,0.0,0
593,1446,0.283816933631897,1
68,136,0.4703071415424347,1
1301,1532,0.5196280479431152,1
1560,1564,0.3616376221179962,1
1540,1742,0.18741799890995026,1
946,949,0.1445624679327011,1
1568,1921,0.12164436280727386,1
1069,1690,0.22112131118774414,1
1882,547,0.0,0
677,644,0.0,0
898,1715,0.15740296244621277,1
859,1234,0.1569521725177765,1
1660,1755,0.10096289962530136,1
1187,1819,0.0,0
679,1785,0.0,0
1137,1186,0.2773973047733307,1
1191,1929,0.1326528638601303,1
24,231,0.19224706292152405,1
70,895,0.28497442603111267,1
727,1094,0.0,0
1352,473,0.016685673967003822,0
581,873,0.2867322862148285,1
377,1292,0.0,0
808,1247,0.35032734274864197,1
823,948,0.0,0
1944,876,0.0,0
306,575,0.24108029901981354,1
1477,1080,0.0,0
1600,1820,0.4634312689304352,1
765,1366,0.0,0
191,986,0.0,0
502,870,0.0,0
310,1895,0.2470657080411911,1
1145,1410,0.4643576443195343,1
7,390,0.46140944957733154,1
1647,1016,0.0,0
261,107,0.0,0
1089,2051,0.12830398976802826,1
79,489,0.0,0
1552,1054,0.0,0
1659,1780,0.2839079797267914,1
174,736,0.017731960862874985,0
941,1272,0.2278636395931244,1
1016,296,0.0,0
195,1931,0.14778776466846466,1
1124,1363,0.10291671007871628,1
1214,1058,0.0,0
1874,903,0.0,0
1560,1568,0.3496669828891754,1
694,1210,0.13407815992832184,1
119,700,0.0,0
402,1554,0.25261038541793823,1
460,759,0.10152159631252289,1
1990,953,0.0,0
717,1171,0.2926711440086365,1
1649,319,0.0,0
1743,495,0.0,0
24,1027,0.2528015971183777,1
1492,2085,0.0,0
1017,1898,0.3623097538948059,1
343,1488,0.13486076891422272,1
451,365,0.0,0
25,852,0.4234098494052887,1
1122,1495,0.0,0
211,1653,0.20495851337909698,1
1071,1478,0.40468671917915344,1
1981,1962,0.0,0
759,1583,0.26013609766960144,1
802,435,0.0,0
437,1525,0.19524173438549042,1
795,955,0.1241205483675003,1
179,1113,0.1364886462688446,1
184,464,0.0,0
1021,1475,0.0,0
2068,211,0.017258210107684135,0
136,1465,0.23517653346061707,1
1174,1069,0.0,0
848,1697,0.0,0
795,1986,0.0,0
1097,1337,0.1046486347913742,1
518,531,0.5435163378715515,1
1102,1263,0.1567455679178238,1
12,1820,0.12227588146924973,1
350,1332,0.32262513041496277,1
1653,1678,0.10292954742908478,1
1450,378,0.0,0
1457,1893,0.0,0
1885,335,0.0,0
809,1794,0.009707135148346424,0
622,1660,0.10012730211019516,1
452,70,0.019959060475230217,0
1092,1605,0.2408583164215088,1
1695,1785,0.23000061511993408,1
1151,1495,0.0,0
1365,1926,0.0,0
1748,1405,0.0,0
452,853,0.0,0
767,562,0.0,0
256,1820,0.42388907074928284,1
324,784,0.017373399809002876,0
331,1568,0.24674680829048157,1
694,207,0.0,0
664,1678,0.0,0
361,1533,0.34921327233314514,1
1378,1764,0.14807893335819244,1
1042,1278,0.3243548572063446,1
621,1069,0.20486479997634888,1
663,1568,0.0,0
447,887,0.0,0
1189,1313,0.0,0
1398,825,0.0,0
1294,1880,0.2573576867580414,1
1335,1712,0.0,0
1307,22,0.0,0
1092,1570,0.12248558551073074,1
1871,15,0.0,0
1042,1710,0.0,0
1150,337,0.0,0
1053,1742,0.4086058735847473,1
162,691,0.12622195482254028,1
472,966,0.3740890622138977,1
1882,1861,0.0,0
1068,1094,0.019129149615764618,0
862,1356,0.3017210364341736,1
310,852,0.4309694766998291,1
749,1725,0.3632851243019104,1
157,2093,0.31888800859451294,1
414,1851,0.3535554111003876,1
1791,471,0.0,0
1290,1775,0.0,0
1744,351,0.0,0
1956,1036,0.018334798514842987,0
46,1356,0.4614000618457794,1
1023,1820,0.5040311217308044,1
1150,1369,0.1285606175661087,1
581,836,0.22762887179851532,1
125,1503,0.19105514883995056,1
280,71,0.0,0
89,871,0.0,0
341,116,0.0,0
966,1057,0.3815089166164398,1
58,1813,0.4423507750034332,1
534,1343,0.1130359023809433,1
11,1017,0.3306070864200592,1
1164,1414,0.0,0
437,1515,0.14154644310474396,1
46,236,0.31227827072143555,1
1364,92,0.0,0
134,1503,0.11048612743616104,1
688,2067,0.0,0
717,884,0.4343133270740509,1
957,1274,0.0,0
286,2095,0.0,0
283,1586,0.0,0
1905,432,0.0,0
208,706,0.11502429842948914,1
1253,2061,0.22452718019485474,1
569,1687,0.32818785309791565,1
188,1965,0.0,0
340,1023,0.36297306418418884,1
1568,251,0.0,0
1920,1115,0.0,0
571,1263,0.29029127955436707,1
593,1369,0.3323987126350403,1
531,1071,0.5647174119949341,1
1234,77,0.016912467777729034,0
226,1542,0.0190831758081913,0
385,1478,0.32479262351989746,1
836,1771,0.16886526346206665,1
684,1017,0.5683745741844177,1
135,182,0.0,0
521,1444,0.23747462034225464,1
1891,485,0.0,0
8,419,0.1350836306810379,1
376,1080,0.0,0
1573,1919,0.28305742144584656,1
1682,1920,0.2105618268251419,1
130,498,0.45302724838256836,1
1781,216,0.0,0
1478,1606,0.5264039039611816,1
1511,1780,0.5573356747627258,1
814,529,0.0,0
104,1568,0.15113815665245056,1
413,1762,0.28973388671875,1
1319,1469,0.33638545870780945,1
390,684,0.5342990756034851,1
232,1717,0.3734499216079712,1
179,1453,0.3136098384857178,1
1633,561,0.0,0
1216,1259,0.2830284535884857,1
1503,1522,0.13904155790805817,1
636,831,0.10478609800338745,1
1622,2055,0.0,0
719,846,0.0,0
227,1491,0.11152449995279312,1
1371,2070,0.0,0
58,1300,0.33221033215522766,1
1453,1525,0.4277178645133972,1
146,1725,0.3567192852497101,1
117,699,0.27330294251441956,1
550,1016,0.0,0
331,1025,0.0,0
1560,2018,0.19615814089775085,1
2028,27,0.0,0
769,1861,0.0,0
354,601,0.0,0
545,1368,0.3403417766094208,1
1779,1554,0.0,0
546,871,0.17063292860984802,1
1457,1632,0.26059114933013916,1
1319,1785,0.17591054737567902,1
426,1167,0.15929819643497467,1
2004,978,0.0,0
804,2021,0.28496071696281433,1
340,873,0.4198758006095886,1
1354,1055,0.0,0
757,826,0.2878999710083008,1
2037,195,0.016188306733965874,0
497,1687,0.48696139454841614,1
212,773,0.0,0
1758,1535,0.0,0
1087,1124,0.0,0
129,1820,0.39768102765083313,1
179,703,0.3487275540828705,1
634,1150,0.15262027084827423,1
1342,1688,0.0,0
996,1316,0.0,0
1753,1641,0.0,0
1934,352,0.0,0
96,2083,0.0,0
1063,788,0.0,0
472,1690,0.3078744411468506,1
1934,1568,0.0,0
306,499,0.19265401363372803,1
501,1659,0.1940121203660965,1
569,1591,0.3033785820007324,1
828,1308,0.0,0
701,862,0.25050753355026245,1
280,1478,0.1399519145488739,1
211,1514,0.18130242824554443,1
820,220,0.0,0
1347,786,0.0,0
142,2084,0.017169339582324028,0
691,1600,0.3020878732204437,1
1426,3,0.0,0
162,1515,0.10244481265544891,1
1350,1660,0.14630234241485596,1
691,1332,0.21642179787158966,1
226,2068,0.13847969472408295,1
250,1274,0.10075914114713669,1
2000,1949,0.0,0
792,643,0.0,0
133,227,0.4608325660228729,1
144,1503,0.19170567393302917,1
1038,1011,0.0,0
969,556,0.0,0
1369,1545,0.0,0
256,1332,0.31390661001205444,1
1888,935,0.0,0
569,1690,0.2437303066253662,1
179,240,0.3398241698741913,1
820,1595,0.0,0
341,456,0.0,0
110,621,0.35422226786613464,1
1605,2095,0.0,0
275,831,0.12420938163995743,1
1254,1055,0.0,0
127,1818,0.008400170132517815,0
743,1868,0.0,0
1161,725,0.0,0
1893,103,0.0,0
1603,1579,0.0,0
954,1835,0.27759817242622375,1
1917,615,0.0,0
136,1515,0.19446568191051483,1
1632,2087,0.2417038381099701,1
1103,1505,0.21613045036792755,1
1900,1440,0.0,0
385,667,0.4298635721206665,1
915,890,0.014796070754528046,0
2064,1626,0.0,0
1350,1488,0.1460140198469162,1
120,636,0.2603098154067993,1
1935,271,0.0,0
1192,1833,0.0,0
1779,539,0.0,0
399,727,0.0,0
1397,340,0.0,0
480,699,0.3419609069824219,1
181,1118,0.14664258062839508,1
1300,2037,0.3137039244174957,1
7,1649,0.2539220154285431,1
764,1061,0.0,0
1950,645,0.0,0
2051,260,0.0,0
1434,238,0.0,0
1155,405,0.0,0
1248,1758,0.0,0
1582,1682,0.1384722888469696,1
250,1106,0.0,0
310,417,0.40132948756217957,1
691,749,0.3058152496814728,1
1027,1869,0.2757149338722229,1
1552,494,0.0,0
1056,1451,0.2999914288520813,1
1537,794,0.0,0
1917,841,0.01944158785045147,0
385,636,0.15703368186950684,1
1975,174,0.0,0
302,1365,0.39673882722854614,1
1475,1833,0.18863271176815033,1
49,1134,0.012993158772587776,0
453,1087,0.25213557481765747,1
284,417,0.0,0
761,856,0.019403567537665367,0
2100,1573,0.0,0
150,1197,0.27149340510368347,1
415,1742,0.37564679980278015,1
144,354,0.5014996528625488,1
722,889,0.0,0
428,683,0.2757360637187958,1
1421,1294,0.0,0
2015,968,0.0,0
360,326,0.0,0
1478,2020,0.21714751422405243,1
1445,1690,0.19097894430160522,1
95,527,0.42085781693458557,1
949,206,0.0,0
414,2088,0.1693359613418579,1
481,1334,0.0,0
581,73,0.018701819702982903,0
712,411,0.0,0
1465,547,0.0,0
232,713,0.5006167888641357,1
730,816,0.2886791229248047,1
1154,1727,0.0,0
1075,1910,0.26888397336006165,1
354,795,0.3975943326950073,1
725,337,0.0,0
329,1184,0.32434311509132385,1
1898,1988,0.34988588094711304,1
7,2020,0.14321060478687286,1
2061,1288,0.0,0
1488,1986,0.14154376089572906,1
730,2023,0.27662307024002075,1
80,261,0.19385825097560883,1
4,493,0.13227248191833496,1
1816,302,0.0,0
1627,203,0.01990363374352455,0
460,437,0.0,0
441,1385,0.0,0
696,354,0.0,0
689,815,0.37813377380371094,1
200,1640,0.13432718813419342,1
121,148,0.0,0
499,1653,0.1896146833896637,1
787,485,0.0,0
405,1135,0.3707805275917053,1
215,1444,0.015981262549757957,0
1221,1103,0.0,0
1334,1823,0.0,0
638,1263,0.37647294998168945,1
119,1745,0.0,0
75,1304,0.37033072113990784,1
1719,44,0.0,0
504,33,0.0,0
1781,1649,0.019078155979514122,0
1675,566,0.0,0
207,425,0.16757901012897491,1
1184,1722,0.4109001159667969,1
815,1951,0.0,0
884,1528,0.4908461570739746,1
1572,195,0.0,0
1450,59,0.01784730888903141,0
680,1405,0.0,0
166,884,0.0,0
751,1495,0.0,0
256,271,0.41531407833099365,1
906,1600,0.3034914433956146,1
723,1263,0.37576910853385925,1
875,1856,0.2768462598323822,1
1018,1737,0.019763778895139694,0
2010,278,0.01650189608335495,0
1238,1453,0.0,0
972,2035,0.0,0
390,501,0.3899993896484375,1
322,1366,0.17112110555171967,1
555,1131,0.22324347496032715,1
723,836,0.27587053179740906,1
1266,401,0.0,0
1984,1123,0.0,0
545,1403,0.222208634018898,1
1641,1489,0.0,0
805,1010,0.0,0
832,770,0.0,0
1102,257,0.0,0
18,1704,0.0,0
1145,1829,0.4145333468914032,1
789,623,0.0,0
133,2027,0.2546117603778839,1
852,192,0.0,0
387,1704,0.0,0
231,1356,0.47460344433784485,1
1332,1423,0.439129501581192,1
325,1421,0.0,0
110,1092,0.26863256096839905,1
427,228,0.0,0
155,1903,0.017736151814460754,0
1492,1847,0.0,0
1132,1301,0.4298574924468994,1
2045,375,0.0,0
684,1207,0.0,0
1564,1933,0.0,0
1075,1176,0.0,0
533,1803,0.01893293671309948,0
140,1432,0.0,0
1694,2003,0.019841155037283897,0
1919,461,0.014693353325128555,0
481,963,0.17497912049293518,1
1445,1453,0.287281334400177,1
628,248,0.0,0
318,1762,0.29261815547943115,1
305,1632,0.3718663156032562,1
1441,1831,0.3303074538707733,1
553,1766,0.2104259729385376,1
613,1748,0.0,0
75,674,0.3657352328300476,1
935,13,0.0,0
397,534,0.11542734503746033,1
498,1577,0.28113240003585815,1
2066,1954,0.018992306664586067,0
2004,1030,0.0,0
1356,1163,0.0077236490324139595,0
297,2001,0.0,0
425,1447,0.4228757321834564,1
1524,1214,0.0,0
58,538,0.3764454424381256,1
2090,618,0.0,0
503,1219,0.22026370465755463,1
57,1701,0.01783820241689682,0
410,1582,0.0,0
232,399,0.3443932831287384,1
1137,1171,0.36200350522994995,1
133,991,0.01630634069442749,0
1613,1287,0.0,0
615,1920,0.0,0
179,534,0.2550141513347626,1
12,400,0.1316673904657364,1
209,693,0.0,0
275,2080,0.24587708711624146,1
204,441,0.0,0
150,1719,0.0,0
501,545,0.1284348964691162,1
1555,140,0.0,0
1397,1042,0.0,0
683,2046,0.0,0
480,1258,0.10159004479646683,1
195,1781,0.10574580729007721,1
851,530,0.0,0
1501,1079,0.0,0
322,707,0.0,0
129,385,0.3403332829475403,1
1568,1788,0.5061124563217163,1
694,1198,0.0,0
531,1429,0.5267135500907898,1
848,227,0.0,0
1187,663,0.0,0
815,1451,0.41184791922569275,1
839,231,0.0,0
1693,454,0.0,0
1198,1768,0.3420526683330536,1
526,823,0.0,0
1676,770,0.0,0
1515,1973,0.1687963604927063,1
836,695,0.0,0
145,1773,0.1389147788286209,1
253,1157,0.0,0
768,1145,0.42314520478248596,1
1522,58,0.0,0
577,1748,0.0,0
120,1113,0.18654292821884155,1
928,835,0.0,0
1499,837,0.0,0
722,262,0.0,0
549,1418,0.01896476559340954,0
1092,1956,0.16231310367584229,1
747,699,0.0,0
516,266,0.019551126286387444,0
2043,1186,0.018401090055704117,0
303,1196,0.17906591296195984,1
190,101,0.0,0
45,1679,0.0,0
210,402,0.0,0
1893,110,0.0,0
1354,331,0.0,0
446,1164,0.11360174417495728,1
242,1563,0.1899770349264145,1
60,984,0.0,0
1332,1805,0.0,0
470,1356,0.4629657566547394,1
177,622,0.2260139286518097,1
534,1762,0.37179532647132874,1
906,1365,0.25742852687835693,1
96,1210,0.23967812955379486,1
795,1742,0.35172563791275024,1
31,1971,0.0,0
1082,1352,0.0,0
464,2027,0.01642419397830963,0
1986,598,0.017827071249485016,0
1801,742,0.0,0
413,1856,0.186107337474823,1
214,1247,0.4043578803539276,1
115,1032,0.1622372716665268,1
157,1601,0.019795486703515053,0
643,1874,0.0,0
1027,1965,0.46332013607025146,1
963,1680,0.011894568800926208,0
727,2094,0.0,0
2093,985,0.0,0
1588,1463,0.0,0
2071,765,0.0,0
1263,1290,0.0,0
1693,1979,0.3137335479259491,1
1071,1880,0.38000383973121643,1
332,1606,0.2049582302570343,1
1928,1740,0.019492384046316147,0
399,684,0.5192514657974243,1
127,1488,0.1319875568151474,1
1266,385,0.0,0
736,2095,0.0,0
998,2054,0.21969200670719147,1
150,1457,0.2984938323497772,1
545,778,0.1642909198999405,1
303,1080,0.019979074597358704,0
1299,1742,0.25113192200660706,1
233,280,0.20524543523788452,1
133,2068,0.10594561696052551,1
254,478,0.3258240222930908,1
1057,1798,0.0,0
929,207,0.0,0
391,1075,0.0,0
130,2061,0.27880939841270447,1
1130,1546,0.23354831337928772,1
446,1255,0.14671370387077332,1
1184,1160,0.0,0
1135,1687,0.47286203503608704,1
233,784,0.0,0
1477,1166,0.0,0
317,501,0.0,0
1568,2018,0.18406271934509277,1
910,1207,0.0,0
608,1977,0.0,0
984,1143,0.1708914190530777,1
209,232,0.33868521451950073,1
769,497,0.0,0
764,790,0.0,0
203,1284,0.0,0
1179,1632,0.2622120678424835,1
240,646,0.3863131105899811,1
346,2088,0.14663520455360413,1
79,593,0.21737131476402283,1
405,1722,0.2890454828739166,1
7,1308,0.5080649852752686,1
749,1379,0.34767216444015503,1
572,2037,0.45377352833747864,1
307,42,0.0,0
1743,552,0.0,0
232,1666,0.37281203269958496,1
1273,2046,0.3410032391548157,1
976,842,0.0,0
1781,410,0.0,0
1895,2068,0.11208748072385788,1
1030,558,0.0,0
1348,1545,0.0,0
302,930,0.2281014770269394,1
127,1986,0.15910767018795013,1
749,1659,0.2830606997013092,1
47,1471,0.3007417917251587,1
1298,1013,0.0,0
795,2037,0.38132140040397644,1
757,1247,0.5067904591560364,1
1841,1228,0.0,0
1179,798,0.0,0
1266,622,0.0,0
1137,1202,0.0,0
1731,1532,0.0,0
1478,2038,0.37597978115081787,1
645,871,0.01873968541622162,0
129,1491,0.1467486172914505,1
192,678,0.0,0
1787,742,0.0,0
1347,870,0.0,0
911,1726,0.47137728333473206,1
795,859,0.1960216760635376,1
613,1102,0.01406037900596857,0
1304,761,0.017413640394806862,0
261,1501,0.19136862456798553,1
73,809,0.012608499266207218,0
11,1132,0.37173256278038025,1
1858,1450,0.0,0
1124,347,0.01568607985973358,0
12,1056,0.12373028695583344,1
46,1636,0.43425142765045166,1
1525,2059,0.28779199719429016,1
1244,1905,0.17458613216876984,1
278,1771,0.38283663988113403,1
1854,1294,0.0,0
1166,100,0.0,0
145,593,0.19502201676368713,1
836,1009,0.0,0
1369,2085,0.0,0
1008,1278,0.015553982928395271,0
1727,48,0.0,0
72,1247,0.5135904550552368,1
1434,1563,0.14686526358127594,1
79,1001,0.20895396173000336,1
339,503,0.4625958204269409,1
486,836,0.42307737469673157,1
795,1017,0.495244562625885,1
223,501,0.3424915075302124,1
24,390,0.25789108872413635,1
457,1769,0.01813880167901516,0
1671,1889,0.2141369730234146,1
620,2068,0.13168568909168243,1
898,1869,0.274605393409729,1
446,332,0.012623872607946396,0
145,1628,0.3161725401878357,1
1035,303,0.0,0
791,840,0.0,0
1910,1907,0.0,0
646,1856,0.15170393884181976,1
514,609,0.23846103250980377,1
202,2039,0.0,0
1301,2037,0.3061709702014923,1
236,1748,0.12047474831342697,1
773,1615,0.20987071096897125,1
665,1798,0.34396424889564514,1
375,1666,0.24684472382068634,1
1381,1590,0.11783618479967117,1
882,913,0.0,0
1912,1025,0.0,0
399,1451,0.4240127503871918,1
340,963,0.14346569776535034,1
1592,299,0.01995990239083767,0
2018,2037,0.31607040762901306,1
360,1519,0.0,0
390,1388,0.2550615668296814,1
158,1607,0.19744764268398285,1
1023,1851,0.3129732608795166,1
336,1130,0.15489313006401062,1
703,1056,0.3366281986236572,1
830,1528,0.3752239942550659,1
2036,574,0.01686692237854004,0
1088,1706,0.0,0
1154,434,0.0,0
158,425,0.2681277394294739,1
1622,660,0.0,0
46,882,0.3438810110092163,1
1423,2021,0.41389673948287964,1
1465,2037,0.1346145123243332,1
343,1140,0.0,0
674,1813,0.41538286209106445,1
310,1033,0.31911927461624146,1
3,386,0.0,0
703,1247,0.5077490210533142,1
257,325,0.11006704717874527,1
256,503,0.3424680531024933,1
1108,1473,0.0,0
501,1445,0.3758087456226349,1
30,133,0.2929406762123108,1
571,1600,0.4088886082172394,1
256,1001,0.16599924862384796,1
1197,2037,0.17615893483161926,1
134,1860,0.0,0
260,486,0.25606057047843933,1
1605,1813,0.25329098105430603,1
7,1002,0.3738797605037689,1
330,646,0.43828192353248596,1
405,1742,0.2803512513637543,1
77,1466,0.0,0
984,1478,0.21283024549484253,1
1749,1481,0.018690666183829308,0
813,1119,0.0,0
335,804,0.17406845092773438,1
580,1988,0.0,0
405,1453,0.4047253727912903,1
1284,367,0.0,0
969,1132,0.28214597702026367,1
48,363,0.01582150161266327,0
52,1165,0.016324851661920547,0
562,1271,0.0,0
176,1210,0.13675065338611603,1
1136,1742,0.42513224482536316,1
851,1283,0.4685903787612915,1
536,404,0.017003346234560013,0
1393,1492,0.0,0
228,831,0.0,0
374,1866,0.19370253384113312,1
514,1773,0.2599322497844696,1
11,859,0.14384523034095764,1
697,386,0.017534369602799416,0
1074,1210,0.34687626361846924,1
922,797,0.0,0
696,890,0.35721367597579956,1
543,1597,0.22170434892177582,1
58,911,0.30725282430648804,1
1998,2042,0.10672374814748764,1
124,211,0.29144302010536194,1
688,1424,0.23613378405570984,1
269,188,0.0,0
401,1183,0.19258588552474976,1
1121,1284,0.0,0
344,1666,0.0,0
413,1001,0.2321867048740387,1
1300,2004,0.16771164536476135,1
1488,1848,0.0,0
819,251,0.0,0
1222,1640,0.0,0
1345,1189,0.0,0
298,444,0.0,0
636,2068,0.148053839802742,1
1033,1184,0.3895243704319,1
1461,80,0.0,0
1543,998,0.0,0
575,762,0.23615393042564392,1
1027,823,0.018877672031521797,0
931,21,0.0,0
434,570,0.0,0
1071,1437,0.38439786434173584,1
485,972,0.1902947723865509,1
1684,325,0.0,0
139,388,0.19386544823646545,1
31,3,0.0,0
1531,1628,0.0,0
146,390,0.42253801226615906,1
1106,1124,0.30598029494285583,1
1402,1519,0.0,0
364,1847,0.0,0
68,164,0.0,0
1139,1589,0.0,0
382,1348,0.0,0
1671,1702,0.24051567912101746,1
472,1179,0.31761497259140015,1
691,888,0.13226956129074097,1
814,1196,0.10485795885324478,1
146,2037,0.3889319896697998,1
1951,836,0.0,0
665,74,0.0,0
925,1699,0.0,0
1445,1752,0.0,0
195,1264,0.2845982015132904,1
1607,2036,0.0,0
12,930,0.13721108436584473,1
47,1453,0.4219875633716583,1
928,1801,0.23869292438030243,1
390,1447,0.3754778802394867,1
878,1981,0.0,0
310,1897,0.1377093642950058,1
133,1880,0.3583081066608429,1
1747,1136,0.0,0
318,1447,0.20867136120796204,1
1438,310,0.0,0
451,2061,0.22908234596252441,1
1851,2048,0.0,0
322,538,0.3788124918937683,1
1294,2018,0.286764919757843,1
159,327,0.19744016230106354,1
346,1255,0.22413060069084167,1
1365,1515,0.21403998136520386,1
1214,484,0.0,0
1365,265,0.017725471407175064,0
749,1917,0.22783248126506805,1
1555,371,0.0,0
1521,1378,0.0,0
459,79,0.0,0
965,1413,0.5631576180458069,1
480,2025,0.17100653052330017,1
390,1687,0.4530680775642395,1
1979,1712,0.0,0
211,1163,0.4000438153743744,1
33,1578,0.0,0
339,1821,0.6450363397598267,1
134,1056,0.23938579857349396,1
1255,1300,0.2110208421945572,1
339,1528,0.6062501668930054,1
1702,1225,0.019636359065771103,0
1233,1489,0.18902429938316345,1
298,581,0.0,0
82,365,0.01574856974184513,0
481,1659,0.2560082674026489,1
405,2031,0.3373693823814392,1
400,1300,0.4076783359050751,1
1540,1414,0.019271908327937126,0
830,1272,0.276679664850235,1
451,1132,0.5049968361854553,1
677,1427,0.0,0
2095,1313,0.0,0
691,2068,0.10596172511577606,1
869,1193,0.0,0
497,2087,0.49885323643684387,1
333,632,0.41393643617630005,1
561,550,0.0,0
173,58,0.0,0
732,1979,0.27639490365982056,1
1013,78,0.0,0
1383,584,0.0,0
288,339,0.0,0
546,1658,0.0,0
1929,1604,0.0,0
1545,1702,0.019313199445605278,0
930,1895,0.1883048713207245,1
730,963,0.1864931732416153,1
732,1247,0.3905967175960541,1
1008,1555,0.0,0
1230,1364,0.0,0
797,2023,0.3864519000053406,1
1998,1861,0.0,0
1564,1829,0.46712666749954224,1
45,537,0.3645259737968445,1
1275,683,0.017477717250585556,0
1533,1663,0.36943310499191284,1
808,2018,0.23417450487613678,1
1056,1294,0.3216952085494995,1
1103,1013,0.0,0
725,333,0.0,0
1717,1799,0.3262466490268707,1
207,1071,0.2022644281387329,1
142,799,0.20633208751678467,1
598,835,0.019202372059226036,0
1103,1751,0.0,0
858,1308,0.348989337682724,1
79,258,0.22248807549476624,1
791,1210,0.1975182741880417,1
256,409,0.19988605380058289,1
1781,1693,0.0,0
253,1318,0.28401362895965576,1
195,759,0.11344465613365173,1
848,117,0.01850827783346176,0
660,2021,0.0,0
656,1028,0.0,0
966,1017,0.3636542856693268,1
179,1748,0.19110380113124847,1
538,1525,0.4217950999736786,1
1509,1213,0.0173079501837492,0
1373,1174,0.0,0
1506,535,0.0,0
553,1954,0.11386498808860779,1
1406,1848,0.18420735001564026,1
283,889,0.0,0
1524,480,0.0,0
414,1300,0.3768678307533264,1
963,1247,0.18179109692573547,1
1731,1831,0.0,0
55,500,0.0,0
1617,1926,0.0,0
823,825,0.0,0
2095,986,0.0,0
593,1525,0.35472020506858826,1
54,2031,0.333639919757843,1
82,527,0.0,0
315,830,0.18177483975887299,1
1199,968,0.0,0
1132,1509,0.3385988175868988,1
571,815,0.3735591471195221,1
1622,136,0.0,0
1132,1973,0.4618450105190277,1
2085,166,0.0,0
313,1311,0.0,0
961,1532,0.017265357077121735,0
1371,1889,0.0,0
966,1453,0.5103828310966492,1
179,260,0.13017041981220245,1
1495,858,0.0,0
435,2060,0.0,0
54,678,0.0,0
1069,1132,0.2948624789714813,1
593,1034,0.13651423156261444,1
18,1302,0.12735362350940704,1
236,781,0.3686210811138153,1
12,258,0.10435795038938522,1
136,1308,0.6016096472740173,1
202,1665,0.0,0
371,499,0.10549380630254745,1
1680,105,0.0,0
572,966,0.34702831506729126,1
646,815,0.3983973264694214,1
7,1466,0.5198619961738586,1
427,723,0.016462842002511024,0
1805,2032,0.17186491191387177,1
253,1226,0.2998926639556885,1
452,2044,0.0,0
1231,91,0.0,0
47,1102,0.14864476025104523,1
621,1628,0.2714771032333374,1
1958,1684,0.0,0
1199,391,0.0,0
1303,2006,0.0,0
491,1968,0.24124488234519958,1
413,646,0.30656394362449646,1
340,217,0.0,0
847,1300,0.12015893310308456,1
481,1071,0.3120991885662079,1
1300,1653,0.10939545184373856,1
120,1086,0.01395876333117485,0
514,646,0.35005417466163635,1
1037,2047,0.0,0
911,1023,0.38679468631744385,1
142,275,0.12855061888694763,1
733,1258,0.0,0
569,1678,0.3580367863178253,1
1190,1488,0.0,0
732,2087,0.3889392018318176,1
1128,1479,0.01340832281857729,0
469,1624,0.0,0
1702,1154,0.0,0
531,1197,0.46332576870918274,1
28,898,0.0,0
757,1917,0.24447359144687653,1
1603,1701,0.0,0
236,638,0.37808993458747864,1
1861,1327,0.0,0
925,1772,0.10066279023885727,1
1702,1707,0.23679393529891968,1
1369,1647,0.3311592936515808,1
405,987,0.38031694293022156,1
934,1229,0.0,0
1121,1325,0.0,0
194,847,0.0,0
1835,736,0.014305473305284977,0
1357,2014,0.0,0
1182,955,0.0,0
864,1205,0.0,0
569,1394,0.34734705090522766,1
1292,1477,0.0,0
852,2059,0.38867390155792236,1
120,797,0.2904329299926758,1
313,145,0.0,0
1658,1545,0.019583869725465775,0
361,1895,0.4198499619960785,1
31,859,0.14930006861686707,1
1087,1824,0.11097967624664307,1
89,1207,0.0,0
1292,250,0.0,0
202,82,0.0,0
313,662,0.0,0
1700,2051,0.1568724364042282,1
1638,1245,0.0,0
36,747,0.23039180040359497,1
1760,996,0.0,0
207,1294,0.10517288744449615,1
210,1869,0.16152621805667877,1
629,1438,0.23213794827461243,1
1873,1989,0.0,0
346,1832,0.2989351451396942,1
46,862,0.2294909805059433,1
2061,1396,0.0,0
164,1633,0.019913455471396446,0
451,1301,0.21917623281478882,1
1023,1499,0.0,0
79,144,0.29281094670295715,1
129,1503,0.12663547694683075,1
45,271,0.4165104627609253,1
419,1145,0.13610424101352692,1
1113,1135,0.17949794232845306,1
41,763,0.0,0
2066,518,0.0,0
1721,654,0.0,0
727,1479,0.0,0
1983,163,0.0,0
697,1167,0.13185463845729828,1
527,2037,0.35486268997192383,1
12,998,0.12906460464000702,1
545,1489,0.3557198941707611,1
499,520,0.12807683646678925,1
1690,325,0.0,0
20,1892,0.0,0
1464,1572,0.0,0
1829,51,0.0,0
1212,514,0.0,0
11,1577,0.35328903794288635,1
1593,1600,0.17771850526332855,1
804,1101,0.0,0
271,1973,0.3099835515022278,1
1421,1161,0.0,0
570,716,0.0,0
258,667,0.532691240310669,1
277,425,0.0,0
162,1808,0.2134379744529724,1
1728,1145,0.0,0
589,1023,0.2497415393590927,1
13,390,0.3634035885334015,1
643,1785,0.10464801639318466,1
1795,1838,0.28327691555023193,1
744,647,0.0,0
444,1560,0.0,0
1682,725,0.0,0
413,1632,0.13939355313777924,1
1271,1709,0.14387832581996918,1
814,374,0.0,0
1143,664,0.0,0
426,28,0.0,0
1560,805,0.0,0
1351,97,0.0,0
337,1594,0.0,0
917,14,0.0,0
1691,1116,0.0,0
1100,1003,0.0,0
1324,375,0.0,0
1531,1305,0.0,0
1199,744,0.0,0
702,1087,0.0,0
1560,1593,0.18580231070518494,1
1603,1831,0.0,0
540,1123,0.018075691536068916,0
253,271,0.32733651995658875,1
1793,1678,0.01570259965956211,0
36,437,0.01681027002632618,0
1106,1690,0.281854510307312,1
1847,876,0.010931325145065784,0
49,1466,0.1292968988418579,1
1792,1128,0.0,0
136,271,0.5359016060829163,1
1258,920,0.0,0
508,962,0.0,0
636,1973,0.40286198258399963,1
1301,1308,0.4775325357913971,1
248,1624,0.0,0
51,499,0.14462116360664368,1
1256,1634,0.0,0
1130,1339,0.20861978828907013,1
130,1555,0.44602131843566895,1
2086,1891,0.0,0
930,2087,0.34185484051704407,1
657,1507,0.0,0
638,911,0.4270745515823364,1
2067,430,0.0,0
726,1817,0.11849384009838104,1
1475,1811,0.2695687413215637,1
660,1351,0.0,0
280,527,0.22631213068962097,1
173,1277,0.1908940225839615,1
1238,987,0.0,0
1429,529,0.0,0
46,1954,0.32199522852897644,1
1145,1562,0.21647299826145172,1
62,442,0.22220788896083832,1
1124,2018,0.3629100024700165,1
481,814,0.1156156063079834,1
1184,2058,0.36624160408973694,1
85,254,0.01696920394897461,0
765,425,0.0,0
501,1663,0.46459871530532837,1
834,951,0.0,0
405,1002,0.33763620257377625,1
1825,1187,0.0,0
586,1451,0.0,0
456,920,0.019192611798644066,0
252,1917,0.24524061381816864,1
1895,2088,0.33180612325668335,1
1261,1068,0.0,0
905,1813,0.41273510456085205,1
1743,1825,0.16729721426963806,1
848,1853,0.12685011327266693,1
862,904,0.10591328144073486,1
146,1034,0.25717559456825256,1
1503,1757,0.10872970521450043,1
185,1298,0.016355397179722786,0
1625,1337,0.0,0
1356,1769,0.31625911593437195,1
486,795,0.5187714695930481,1
2028,637,0.0,0
267,1177,0.0,0
1233,1152,0.0,0
236,405,0.22308573126792908,1
579,704,0.0,0
158,1803,0.12326402217149734,1
1717,1513,0.015084145590662956,0
527,732,0.26205429434776306,1
1225,1395,0.017502255737781525,0
1946,27,0.0,0
1307,2013,0.0,0
470,1346,0.14401289820671082,1
181,80,0.0,0
236,1734,0.33154985308647156,1
627,962,0.018924199044704437,0
562,1848,0.0,0
2100,1454,0.0,0
332,399,0.2663932144641876,1
280,1057,0.11419199407100677,1
596,1454,0.3169878125190735,1
804,1131,0.2891544699668884,1
307,1818,0.0,0
846,954,0.0,0
139,563,0.0,0
1023,1525,0.3045703172683716,1
437,638,0.2808041572570801,1
76,804,0.0,0
447,206,0.018720440566539764,0
256,1124,0.2708050012588501,1
1010,1845,0.186842143535614,1
1126,1789,0.0,0
1997,248,0.0,0
446,1427,0.20662739872932434,1
433,1701,0.0,0
265,949,0.1548909842967987,1
1626,1171,0.0,0
144,146,0.4695756137371063,1
371,1925,0.10250551998615265,1
114,317,0.415201872587204,1
119,903,0.31385907530784607,1
2051,1796,0.0,0
511,1726,0.0,0
851,1958,0.0,0
1476,1813,0.3272290527820587,1
1195,810,0.0,0
717,1659,0.33201682567596436,1
58,2059,0.3283647894859314,1
1445,359,0.0,0
1365,1813,0.5151904225349426,1
109,1174,0.3114449977874756,1
337,327,0.0,0
351,292,0.014241578057408333,0
502,603,0.017073849216103554,0
552,257,0.0,0
864,108,0.0,0
906,2070,0.23043103516101837,1
1183,457,0.0,0
217,1660,0.22532044351100922,1
1700,1030,0.0,0
1100,1155,0.0,0
306,534,0.18672466278076172,1
2,772,0.0,0
514,2059,0.33409056067466736,1
79,536,0.2659321129322052,1
822,76,0.0,0
661,1910,0.0,0
49,1332,0.14804133772850037,1
1773,1772,0.0,0
1499,504,0.0,0
237,847,0.0,0
1362,1646,0.0,0
905,1132,0.5385210514068604,1
313,1591,0.0,0
1470,427,0.0,0
843,41,0.0,0
1924,1426,0.0,0
158,1831,0.0,0
946,449,0.0,0
1178,1690,0.22203385829925537,1
1525,14,0.0,0
1137,1263,0.21937443315982819,1
1365,2023,0.41713017225265503,1
1223,1492,0.0,0
1947,2014,0.01640227437019348,0
150,1895,0.3584064543247223,1
11,278,0.2831876873970032,1
1022,2067,0.0,0
1054,1369,0.0,0
258,722,0.5094938278198242,1
898,649,0.0,0
155,1568,0.0,0
451,808,0.22777032852172852,1
344,144,0.0,0
1662,376,0.0,0
271,451,0.37633535265922546,1
1613,1975,0.0,0
346,1437,0.1446867138147354,1
723,2018,0.3434072434902191,1
436,382,0.0,0
1669,949,0.0,0
99,762,0.3223264217376709,1
671,1880,0.10169488936662674,1
935,1393,0.14385978877544403,1
540,1070,0.0,0
24,1973,0.34900370240211487,1
99,1653,0.19867028295993805,1
54,1155,0.0,0
31,954,0.3389943540096283,1
930,255,0.0,0
1035,1265,0.1307653933763504,1
1590,1780,0.38947632908821106,1
559,1088,0.0,0
1593,1702,0.0,0
1841,2055,0.12901657819747925,1
1299,181,0.0,0
212,870,0.014033122919499874,0
997,660,0.0,0
765,911,0.0,0
481,636,0.13332456350326538,1
2030,786,0.019015023484826088,0
62,1165,0.22692129015922546,1
558,602,0.0,0
158,1971,0.0,0
150,339,0.40450334548950195,1
207,938,0.11605137586593628,1
1148,2014,0.2094143033027649,1
179,2004,0.226071298122406,1
525,2096,0.0,0
1838,2037,0.17586944997310638,1
546,45,0.0,0
723,1811,0.3202782869338989,1
432,1893,0.0,0
49,1378,0.0,0
1977,116,0.0,0
1957,454,0.0,0
175,1150,0.3767218291759491,1
862,1690,0.43167707324028015,1
690,852,0.5019930601119995,1
181,966,0.019937822595238686,0
85,1697,0.0,0
502,1982,0.0,0
1265,1897,0.0,0
405,553,0.1987164467573166,1
385,1491,0.16663463413715363,1
310,1757,0.22672778367996216,1
550,877,0.26272115111351013,1
1856,1641,0.0,0
178,101,0.0,0
1856,1054,0.0,0
99,210,0.28028708696365356,1
649,1623,0.17130379378795624,1
451,1590,0.24661356210708618,1
1803,1583,0.0,0
851,1124,0.4940311312675476,1
570,1036,0.0,0
2017,6,0.0,0
30,1263,0.2294071465730667,1
1836,1632,0.0,0
1597,1379,0.0,0
582,209,0.0,0
207,1607,0.12127824127674103,1
646,1988,0.3248417377471924,1
308,1942,0.0,0
684,911,0.43524035811424255,1
475,1785,0.2043602615594864,1
1822,897,0.0,0
1056,1519,0.17733414471149445,1
632,1478,0.3503706753253937,1
1560,550,0.0,0
7,1734,0.28390902280807495,1
256,1690,0.255893349647522,1
859,1099,0.11795010417699814,1
1478,1712,0.0,0
1869,432,0.0,0
1835,1122,0.014808474108576775,0
1189,1503,0.13814109563827515,1
102,853,0.0,0
146,1742,0.26972484588623047,1
596,733,0.0,0
1860,537,0.0,0
258,1113,0.2580670416355133,1
1834,1797,0.0,0
821,491,0.019732236862182617,0
1560,2087,0.30828264355659485,1
572,1659,0.3384460210800171,1
1787,1154,0.0,0
1638,136,0.0,0
962,390,0.0,0
818,1023,0.014682535082101822,0
1237,1785,0.11251010000705719,1
350,1057,0.4532187879085541,1
659,1606,0.2596002221107483,1
809,1765,0.22703123092651367,1
859,1453,0.21062619984149933,1
731,873,0.0,0
569,886,0.13171306252479553,1
1147,1085,0.0,0
616,473,0.0,0
1816,497,0.018348906189203262,0
1836,462,0.016358518972992897,0
1432,2072,0.0,0
179,470,0.3778281509876251,1
555,884,0.3152739405632019,1
1621,1079,0.0,0
861,1600,0.24386531114578247,1
327,701,0.3857697546482086,1
123,685,0.0,0
1382,968,0.0,0
1357,1649,0.0,0
969,1379,0.17341214418411255,1
926,85,0.0,0
839,1576,0.015131752006709576,0
1707,726,0.0,0
1087,1258,0.18228545784950256,1
1053,540,0.01669124886393547,0
498,1002,0.3858242332935333,1
538,815,0.47374072670936584,1
498,1869,0.26319611072540283,1
1084,768,0.0,0
343,738,0.32797861099243164,1
569,1233,0.16823437809944153,1
17,1969,0.0,0
829,1167,0.10844862461090088,1
1838,1908,0.30601757764816284,1
1193,1834,0.0,0
117,1871,0.017798593267798424,0
1421,1894,0.0,0
210,1167,0.0,0
84,1755,0.0,0
723,884,0.40904396772384644,1
442,1956,0.21254757046699524,1
1488,1879,0.10852906107902527,1
1281,1670,0.3095080852508545,1
147,819,0.5027636885643005,1
696,1889,0.30585187673568726,1
1432,1547,0.0,0
1259,2069,0.20328812301158905,1
1350,1431,0.0,0
1611,1421,0.0,0
713,3,0.0,0
256,1301,0.3190315067768097,1
841,813,0.01360574085265398,0
118,1551,0.019935589283704758,0
302,6,0.015217174775898457,0
527,770,0.1804172247648239,1
858,2077,0.019030101597309113,0
1281,531,0.0,0
2034,151,0.0,0
845,1975,0.0,0
1770,903,0.0,0
888,1186,0.0,0
2083,899,0.0,0
405,1116,0.10244612395763397,1
1676,487,0.0,0
1445,1478,0.16071774065494537,1
1007,494,0.019712818786501884,0
667,1471,0.4559554159641266,1
617,1311,0.3620256185531616,1
1959,123,0.0,0
268,1933,0.0,0
1108,1640,0.0,0
487,33,0.0,0
669,2078,0.0,0
638,1954,0.29063257575035095,1
1431,754,0.0,0
70,2067,0.0,0
514,1071,0.43214723467826843,1
1955,121,0.0,0
1159,1116,0.0,0
1210,1541,0.29014748334884644,1
876,465,0.0,0
1246,1449,0.0,0
162,1873,0.22475002706050873,1
1016,438,0.0,0
723,2021,0.5238043069839478,1
84,890,0.4124599099159241,1
256,1517,0.2858891189098358,1
1092,694,0.0,0
684,1447,0.3849889934062958,1
792,1104,0.0,0
972,1292,0.0,0
1903,1047,0.0,0
1747,1039,0.0,0
815,1880,0.357481449842453,1
830,1568,0.34768417477607727,1
1488,2040,0.0,0
1375,1696,0.16354341804981232,1
25,2062,0.0,0
847,984,0.22753652930259705,1
461,1769,0.01236209087073803,0
771,401,0.0,0
1132,1332,0.46081244945526123,1
1971,1379,0.0,0
1304,2087,0.3708435595035553,1
1325,1921,0.0,0
254,233,0.0,0
1479,998,0.0,0
1187,1423,0.0,0
1755,601,0.0,0
758,2047,0.0,0
129,179,0.3102290630340576,1
1808,204,0.0,0
1671,1553,0.0,0
550,731,0.17966176569461823,1
58,1150,0.19454705715179443,1
317,1845,0.18895292282104492,1
236,1419,0.1743650585412979,1
390,730,0.31367063522338867,1
1577,2061,0.2682289183139801,1
1408,269,0.0,0
647,558,0.0,0
340,1476,0.21909216046333313,1
691,1616,0.26478150486946106,1
800,1478,0.0,0
1330,2,0.0,0
60,13,0.0,0
385,514,0.40367430448532104,1
1177,2051,0.0,0
1057,1632,0.2432921677827835,1
242,1555,0.5006685256958008,1
539,1835,0.28196194767951965,1
1719,1236,0.0,0
1780,1917,0.3139650821685791,1
302,862,0.2043769359588623,1
292,1398,0.0,0
405,1027,0.47434213757514954,1
1958,1330,0.0,0
109,696,0.301809161901474,1
1593,270,0.0,0
520,582,0.0,0
285,1545,0.18462997674942017,1
359,430,0.15687841176986694,1
1143,1160,0.0,0
941,1813,0.12454439699649811,1
1381,1832,0.16199396550655365,1
1467,1691,0.0,0
2017,652,0.0,0
595,707,0.0,0
120,399,0.42963358759880066,1
324,2016,0.0,0
636,910,0.37444204092025757,1
1993,9,0.0,0
1092,238,0.0,0
1991,271,0.0,0
1874,568,0.0,0
1691,1785,0.3137722313404083,1
1433,1889,0.0,0
802,375,0.0,0
1996,386,0.017006389796733856,0
57,1351,0.25909146666526794,1
339,1305,0.6520620584487915,1
1599,1974,0.016790157184004784,0
714,1121,0.0,0
1624,1287,0.0,0
2083,29,0.014802318066358566,0
49,413,0.1164255291223526,1
487,1292,0.27421602606773376,1
2100,30,0.0,0
702,1365,0.4117034673690796,1
1474,2069,0.0,0
1075,1785,0.2545206844806671,1
157,753,0.2082250714302063,1
46,593,0.3481481373310089,1
1065,962,0.0,0
691,1017,0.284917950630188,1
9,1658,0.0,0
638,2037,0.46080219745635986,1
1597,1998,0.16876325011253357,1
405,852,0.35472676157951355,1
732,928,0.0,0
1106,1515,0.24208177626132965,1
292,471,0.3094823658466339,1
226,256,0.3606269359588623,1
115,753,0.0,0
713,1859,0.0,0
809,1560,0.39686617255210876,1
1397,1273,0.0,0
898,1104,0.38421279191970825,1
1428,1177,0.0,0
1463,1973,0.01708005554974079,0
150,1145,0.2845841646194458,1
684,1085,0.0,0
342,559,0.2321004569530487,1
1427,1009,0.011717592366039753,0
1318,842,0.0,0
896,1020,0.18426693975925446,1
535,1971,0.0,0
213,1806,0.0,0
262,1862,0.0,0
673,1430,0.13736677169799805,1
1935,1033,0.0,0
986,1825,0.26789391040802,1
386,1577,0.017109306529164314,0
1803,228,0.0,0
1640,1835,0.01483849249780178,0
906,1768,0.33686819672584534,1
555,938,0.11632926762104034,1
22,395,0.14755821228027344,1
852,1455,0.44728219509124756,1
938,1146,0.1997455209493637,1
533,11,0.014626831747591496,0
94,1465,0.0,0
1537,849,0.0,0
695,1363,0.0,0
1657,485,0.0,0
997,1289,0.13392700254917145,1
1582,802,0.0,0
385,313,0.0,0
691,862,0.2625029683113098,1
327,415,0.29216477274894714,1
454,1483,0.0,0
495,602,0.0,0
808,1198,0.2657136619091034,1
638,1833,0.2750641107559204,1
1788,1989,0.0,0
470,538,0.46865808963775635,1
258,732,0.27196481823921204,1
1183,21,0.0,0
985,1632,0.17907217144966125,1
631,382,0.0,0
128,141,0.13562382757663727,1
1854,1138,0.0,0
771,1638,0.0,0
210,1800,0.14289559423923492,1
401,1826,0.12211788445711136,1
1099,1833,0.0,0
949,405,0.0,0
1479,1145,0.0,0
543,820,0.0,0
279,1599,0.2762056291103363,1
337,738,0.190450057387352,1
22,862,0.0,0
571,1652,0.22116100788116455,1
1281,1853,0.01757722906768322,0
130,1265,0.0,0
1271,2020,0.0,0
1747,713,0.0,0
930,1184,0.17208200693130493,1
581,1466,0.22055596113204956,1
47,400,0.5483901500701904,1
415,1616,0.37241747975349426,1
1683,463,0.0,0
1222,1751,0.0,0
621,851,0.366983562707901,1
1564,265,0.0,0
1871,1541,0.01587967574596405,0
1027,1034,0.2253134548664093,1
37,1249,0.10797174274921417,1
691,1560,0.20926493406295776,1
25,236,0.2139306366443634,1
1522,2008,0.2724545896053314,1
1956,1951,0.0,0
861,1222,0.18161582946777344,1
925,188,0.0,0
966,2039,0.12842610478401184,1
1904,1964,0.0,0
410,1346,0.1554161161184311,1
915,1104,0.016897069290280342,0
103,1496,0.22831982374191284,1
353,1811,0.3567843437194824,1
1135,1478,0.3668781816959381,1
504,826,0.14054805040359497,1
1114,1419,0.10241194069385529,1
133,1730,0.19885124266147614,1
142,430,0.16795574128627777,1
1486,1044,0.0,0
150,1599,0.0,0
1020,1088,0.24039776623249054,1
976,1234,0.0,0
156,2006,0.0,0
421,542,0.1915084421634674,1
816,59,0.011721485294401646,0
646,1304,0.49743956327438354,1
804,1457,0.31383997201919556,1
1443,506,0.0,0
1564,1600,0.3891443610191345,1
1851,1514,0.0,0
390,1023,0.4018349051475525,1
799,1883,0.14541636407375336,1
1399,1402,0.0,0
705,860,0.0,0
124,216,0.1438692957162857,1
928,572,0.0,0
216,820,0.0,0
1456,646,0.014249262399971485,0
674,1600,0.3500036299228668,1
739,439,0.0,0
159,1102,0.11578219383955002,1
1565,2085,0.0,0
49,572,0.1732523888349533,1
1057,1507,0.0,0
1346,1476,0.3249070644378662,1
279,678,0.0,0
466,490,0.1827375590801239,1
1242,1917,0.0,0
129,248,0.33217933773994446,1
262,1440,0.0,0
503,1017,0.4077107310295105,1
604,1422,0.0,0
1758,2060,0.0,0
1900,671,0.0,0
11,129,0.31722399592399597,1
324,1806,0.019673462957143784,0
1028,1094,0.0,0
1425,1495,0.0,0
852,1856,0.2819350063800812,1
831,1586,0.01789546199142933,0
526,1627,0.15949910879135132,1
1850,606,0.017925426363945007,0
24,1869,0.22119197249412537,1
1659,656,0.0,0
1803,386,0.016147594898939133,0
728,1210,0.1370144933462143,1
2072,33,0.0,0
843,163,0.0,0
2006,1893,0.0,0
1719,628,0.0,0
714,1210,0.13212205469608307,1
558,1014,0.39648765325546265,1
953,1156,0.018495013937354088,0
45,400,0.41345202922821045,1
1988,1938,0.0,0
1116,443,0.0,0
687,805,0.0,0
1745,147,0.0,0
527,1247,0.3801570534706116,1
971,1568,0.1829337179660797,1
1264,326,0.017574269324541092,0
398,1850,0.0,0
612,852,0.26508820056915283,1
1332,1560,0.3304188549518585,1
1089,1498,0.13232208788394928,1
1232,1258,0.20020326972007751,1
1731,209,0.0,0
46,335,0.2230948507785797,1
232,1036,0.0,0
414,501,0.4072461426258087,1
1304,1742,0.2512831389904022,1
1170,1573,0.26963698863983154,1
1290,1715,0.1209997609257698,1
205,1925,0.351036012172699,1
1104,1813,0.18214774131774902,1
382,1337,0.0,0
161,1925,0.01965964585542679,0
58,1560,0.2888418734073639,1
691,1300,0.29754555225372314,1
1380,573,0.0,0
2052,395,0.0,0
1821,1696,0.0,0
975,148,0.0,0
426,1801,0.11445102840662003,1
843,1951,0.16887082159519196,1
1158,1525,0.0,0
1198,1780,0.509117841720581,1
581,1308,0.3282570242881775,1
236,1455,0.29372328519821167,1
390,1856,0.29170262813568115,1
10,1874,0.0,0
1336,296,0.0,0
921,1382,0.1225517988204956,1
1120,1144,0.0,0
701,1437,0.37706702947616577,1
609,1184,0.25167855620384216,1
1303,698,0.0,0
884,1106,0.30657079815864563,1
1002,1533,0.20999136567115784,1
1443,186,0.010617809370160103,0
924,1116,0.4745390713214874,1
795,1600,0.4008387327194214,1
527,1659,0.2337464690208435,1
1978,1992,0.017075851559638977,0
1312,1206,0.019387803971767426,0
1121,798,0.0,0
851,1222,0.22453917562961578,1
1110,30,0.0,0
195,1346,0.0,0
1437,1528,0.42149460315704346,1
1144,986,0.0,0
196,535,0.017154283821582794,0
1103,1477,0.015362978912889957,0
1352,1993,0.0,0
910,1869,0.17891567945480347,1
470,1080,0.4377696216106415,1
1102,1179,0.19209331274032593,1
1247,1511,0.46927210688591003,1
2068,547,0.0,0
1934,1464,0.0,0
725,1160,0.0,0
2071,871,0.0,0
388,1146,0.12104704976081848,1
58,437,0.21600447595119476,1
413,514,0.28630873560905457,1
1300,1734,0.18484386801719666,1
228,274,0.0,0
514,2061,0.2860737442970276,1
291,531,0.38171330094337463,1
963,447,0.0,0
415,1453,0.50270676612854,1
966,1987,0.017004847526550293,0
1676,49,0.0,0
152,1642,0.0,0
390,1033,0.4159301817417145,1
198,569,0.0,0
1197,2018,0.4460107386112213,1
1313,469,0.0,0
853,1848,0.0,0
315,770,0.22841471433639526,1
1027,1033,0.25296077132225037,1
1177,414,0.0,0
390,479,0.49596336483955383,1
490,1071,0.19571268558502197,1
368,1789,0.16875889897346497,1
1694,899,0.0,0
910,1102,0.22407503426074982,1
439,1615,0.0,0
212,73,0.0,0
1102,220,0.016224954277276993,0
1834,1155,0.0,0
212,645,0.0,0
884,1515,0.19557136297225952,1
731,1879,0.14335964620113373,1
261,689,0.0,0
579,1207,0.0,0
552,1230,0.0,0
417,1027,0.3636600971221924,1
1001,460,0.0,0
661,1457,0.0,0
1393,721,0.0,0
523,1899,0.0168362595140934,0
1170,1539,0.32278719544410706,1
571,1350,0.01841220259666443,0
860,1616,0.0,0
1420,186,0.009836416691541672,0
1818,33,0.015857741236686707,0
432,438,0.0,0
339,2087,0.5901629328727722,1
1822,1153,0.018392210826277733,0
247,1296,0.0,0
1445,1416,0.0,0
1456,1558,0.012112106196582317,0
851,1780,0.5709958672523499,1
129,1300,0.4559404253959656,1
823,1789,0.0,0
329,1838,0.3469938337802887,1
242,1646,0.229009747505188,1
646,2021,0.5232976078987122,1
142,1514,0.15147802233695984,1
179,674,0.20909738540649414,1
1427,1449,0.0,0
669,1023,0.2106328010559082,1
1649,1935,0.2497212290763855,1
256,1511,0.34449633955955505,1
486,749,0.43434467911720276,1
128,430,0.12681043148040771,1
1021,1915,0.0,0
1880,2038,0.40024328231811523,1
179,1869,0.19134922325611115,1
253,355,0.1356496810913086,1
1300,567,0.0,0
1259,1670,0.14713597297668457,1
1301,1471,0.3274623155593872,1
112,1263,0.0,0
1247,1253,0.4431631863117218,1
667,1017,0.43191877007484436,1
387,1965,0.18337653577327728,1
33,1582,0.014818485826253891,0
1404,671,0.0,0
400,1690,0.27944451570510864,1
1137,1258,0.0,0
1013,1925,0.13515374064445496,1
1393,321,0.0,0
646,343,0.0,0
335,1636,0.18394899368286133,1
390,405,0.39368849992752075,1
497,531,0.5132303237915039,1
1880,2018,0.28985926508903503,1
1551,1456,0.0,0
1677,1628,0.015798037871718407,0
1061,220,0.0,0
481,851,0.2621517479419708,1
701,1626,0.0,0
114,1702,0.3181614577770233,1
411,1699,0.3073449730873108,1
1882,1347,0.0,0
737,495,0.0,0
298,431,0.1058993861079216,1
1424,1597,0.22595429420471191,1
935,550,0.0,0
2087,52,0.0,0
832,1210,0.17214325070381165,1
2006,1091,0.0,0
1263,1472,0.018869327381253242,0
99,1514,0.12558913230895996,1
677,219,0.0,0
1053,334,0.01640479825437069,0
677,86,0.0,0
986,1490,0.24324147403240204,1
1437,1690,0.16015036404132843,1
1786,622,0.015441810712218285,0
632,1591,0.497310996055603,1
1726,1190,0.0,0
2043,1159,0.017564425244927406,0
1489,1766,0.28457173705101013,1
1253,1568,0.5141028165817261,1
862,1011,0.11972912400960922,1
495,607,0.0,0
1824,1743,0.0,0
1347,1321,0.016945835202932358,0
461,1107,0.013751461170613766,0
772,1858,0.47552910447120667,1
862,1768,0.27510884404182434,1
545,1146,0.14029450714588165,1
8,1017,0.3172943592071533,1
831,1453,0.01814967766404152,0
1861,1013,0.0,0
831,1021,0.12108678370714188,1
79,437,0.18564359843730927,1
256,1356,0.37450289726257324,1
447,1339,0.015676291659474373,0
1283,1452,0.22539496421813965,1
639,1011,0.0,0
926,852,0.0,0
686,1505,0.27825018763542175,1
1962,742,0.0,0
1827,1981,0.0,0
1034,1517,0.11958067119121552,1
1253,1813,0.3875831365585327,1
1171,1272,0.1719275861978531,1
1951,1302,0.016816405579447746,0
256,1629,0.0,0
638,684,0.6365467309951782,1
917,1832,0.21658138930797577,1
43,172,0.24687586724758148,1
79,1346,0.1562550812959671,1
1300,1499,0.0,0
593,1872,0.2780611217021942,1
1800,2080,0.10279448330402374,1
464,1133,0.11661500483751297,1
1441,2077,0.13809055089950562,1
1356,616,0.0,0
57,198,0.10884767025709152,1
1661,359,0.0,0
137,1860,0.0,0
751,523,0.0,0
481,1473,0.12373018264770508,1
809,1768,0.43821799755096436,1
1135,402,0.0,0
643,782,0.018775876611471176,0
1034,1069,0.11407848447561264,1
1356,1503,0.13280713558197021,1
802,763,0.0,0
217,737,0.019096434116363525,0
295,855,0.0,0
815,2020,0.16432110965251923,1
832,1580,0.0,0
1560,1600,0.2716284394264221,1
332,2018,0.22589579224586487,1
965,1053,0.4256328046321869,1
1289,1404,0.1765867918729782,1
860,1137,0.0,0
1057,1521,0.3118589222431183,1
296,449,0.0,0
410,1215,0.0,0
815,1471,0.3794347643852234,1
686,1437,0.0,0
410,1011,0.14991076290607452,1
421,730,0.3392070233821869,1
100,249,0.0,0
928,1929,0.0,0
4,1103,0.17741276323795319,1
1742,151,0.016809353604912758,0
1402,1907,0.0,0
972,1061,0.0,0
75,383,0.13966500759124756,1
1002,1120,0.43443363904953003,1
1230,1513,0.0,0
1777,963,0.014812402427196503,0
50,2090,0.01831098645925522,0
133,1788,0.5953600406646729,1
1174,689,0.0,0
330,1369,0.41056546568870544,1
851,862,0.2600090801715851,1
1466,1861,0.0,0
101,532,0.42633554339408875,1
24,329,0.3678140938282013,1
1572,2072,0.3888522684574127,1
1746,91,0.0,0
652,1022,0.0,0
153,795,0.0,0
405,1590,0.3947119116783142,1
225,735,0.0,0
332,1001,0.22214417159557343,1
1495,1498,0.0,0
951,1462,0.0,0
136,1572,0.6104304790496826,1
608,1259,0.0,0
499,566,0.17567183077335358,1
395,1853,0.0,0
1900,1983,0.017284194007515907,0
1530,1792,0.12458335608243942,1
362,1277,0.19373424351215363,1
1060,2031,0.0,0
615,1017,0.0,0
1305,1632,0.32748743891716003,1
350,808,0.2556629478931427,1
514,1171,0.15544669330120087,1
435,44,0.0,0
343,595,0.26572921872138977,1
1452,1478,0.220548614859581,1
859,1514,0.14878350496292114,1
134,226,0.3716110289096832,1
7,545,0.12944282591342926,1
275,1099,0.2756352424621582,1
470,1753,0.48379188776016235,1
1721,960,0.0,0
248,815,0.4568268656730652,1
232,873,0.4564955234527588,1
502,917,0.0,0
1146,1682,0.24353830516338348,1
58,878,0.4930703043937683,1
142,1244,0.1522265523672104,1
636,1662,0.12416237592697144,1
723,1179,0.2678188979625702,1
177,490,0.016565222293138504,0
1102,1850,0.31666213274002075,1
850,1514,0.1575028896331787,1
501,906,0.26614096760749817,1
933,1822,0.0,0
49,1224,0.0,0
1799,1330,0.0,0
2059,218,0.0,0
1296,1495,0.0,0
1228,807,0.0,0
691,1445,0.17622274160385132,1
116,1352,0.0,0
1214,340,0.0,0
1887,1332,0.0,0
34,1305,0.0,0
873,1356,0.5650232434272766,1
1425,849,0.0,0
1310,1081,0.013187265023589134,0
621,809,0.2945898175239563,1
1659,692,0.0,0
852,1453,0.4209686815738678,1
95,966,0.49876707792282104,1
1852,1862,0.0,0
632,703,0.45560088753700256,1
355,621,0.26238495111465454,1
250,1558,0.015426606871187687,0
1058,1072,0.3628314435482025,1
2069,1325,0.0,0
1018,1296,0.4657788872718811,1
143,1246,0.12411098182201385,1
621,1283,0.3757961690425873,1
784,1358,0.0,0
691,1965,0.2328873872756958,1
64,1925,0.0,0
1258,1261,0.0,0
1696,1134,0.0,0
434,1872,0.0,0
1885,1223,0.0,0
692,781,0.0,0
1981,656,0.0,0
226,1687,0.5032939910888672,1
129,1653,0.12431081384420395,1
7,1453,0.4299367070198059,1
1166,1917,0.0,0
852,1001,0.17074808478355408,1
1132,1478,0.3747617304325104,1
772,831,0.0,0
179,542,0.2411094754934311,1
1726,297,0.0,0
125,1522,0.18809950351715088,1
1911,772,0.0,0
1649,1140,0.0,0
1332,1452,0.1150546669960022,1
1654,1051,0.0,0
847,835,0.0,0
258,589,0.39175501465797424,1
21,843,0.0,0
191,1139,0.0,0
1332,1437,0.2963949739933014,1
511,203,0.012292573228478432,0
256,405,0.29477107524871826,1
1070,1755,0.0,0
247,1670,0.18240028619766235,1
723,1226,0.37180495262145996,1
636,1283,0.18181400001049042,1
182,1907,0.0,0
1546,1205,0.0,0
1719,1857,0.0,0
778,946,0.018557582050561905,0
632,1813,0.42480871081352234,1
1895,869,0.0,0
898,1097,0.19139432907104492,1
636,778,0.2948826551437378,1
646,999,0.17191196978092194,1
1600,1764,0.014301064424216747,0
835,1581,0.017202677205204964,0
157,950,0.2700669765472412,1
141,714,0.10613709688186646,1
908,333,0.0,0
378,1709,0.1825038641691208,1
360,1980,0.0,0
1040,1809,0.11559028178453445,1
227,1046,0.5018033981323242,1
329,1308,0.3598037660121918,1
333,520,0.0139757776632905,0
1597,1686,0.13580042123794556,1
419,1113,0.3229322135448456,1
967,718,0.0,0
72,50,0.0,0
21,1233,0.32290759682655334,1
1495,1026,0.0,0
236,1762,0.26100894808769226,1
253,1102,0.20372749865055084,1
1541,2031,0.019208578392863274,0
1890,1624,0.0,0
1115,1209,0.12189928442239761,1
1360,1335,0.018975937739014626,0
378,1869,0.22128835320472717,1
283,1545,0.0,0
691,1247,0.355013906955719,1
35,1989,0.0,0
321,1167,0.0,0
1725,1895,0.23047874867916107,1
888,843,0.0,0
127,1454,0.0,0
1088,1444,0.33306384086608887,1
487,912,0.0,0
346,1715,0.17248132824897766,1
1611,1178,0.0,0
520,1079,0.014145600609481335,0
586,712,0.0,0
810,701,0.0,0
292,1626,0.1787094920873642,1
75,2045,0.0,0
1470,202,0.019301725551486015,0
1734,1327,0.0,0
332,691,0.21930241584777832,1
1466,1869,0.19038572907447815,1
113,212,0.2636321783065796,1
385,1023,0.2889607846736908,1
593,768,0.3367309272289276,1
1184,2020,0.13198095560073853,1
364,85,0.016939859837293625,0
227,1769,0.26270005106925964,1
64,821,0.017195286229252815,0
1108,1749,0.0,0
1689,537,0.01623385213315487,0
1177,1680,0.0,0
271,851,0.4691356420516968,1
690,1628,0.4616338908672333,1
1149,495,0.0,0
964,225,0.018649185076355934,0
132,816,0.5652145743370056,1
91,1258,0.11405213177204132,1
275,436,0.15357428789138794,1
109,317,0.25849947333335876,1
671,981,0.0,0
278,873,0.44258973002433777,1
656,123,0.0,0
474,1126,0.0,0
1146,1652,0.2621860206127167,1
1955,202,0.019636573269963264,0
1098,555,0.01984274573624134,0
339,759,0.1718481034040451,1
356,539,0.0,0
2006,1792,0.0,0
304,851,0.0,0
885,1808,0.4931540787220001,1
1007,1288,0.019782640039920807,0
1457,1600,0.3632574677467346,1
1633,881,0.013646106235682964,0
124,397,0.18787343800067902,1
86,961,0.0,0
310,479,0.38893383741378784,1
890,1562,0.21428431570529938,1
253,1457,0.26834529638290405,1
1017,1596,0.0,0
1729,715,0.0,0
1478,1687,0.3143114149570465,1
1346,665,0.0,0
1027,1184,0.2828766107559204,1
1453,1572,0.4964008033275604,1
1004,1696,0.011267012916505337,0
440,500,0.13376109302043915,1
187,359,0.17154988646507263,1
1421,253,0.0,0
295,1740,0.0,0
375,1060,0.0,0
2015,615,0.0,0
691,701,0.364718496799469,1
1690,1063,0.016146235167980194,0
616,1829,0.0,0
482,561,0.0,0
1318,828,0.0,0
58,2018,0.4409675598144531,1
750,761,0.01985345594584942,0
1081,1172,0.0,0
941,1389,0.14259465038776398,1
425,1880,0.4542139172554016,1
1607,1690,0.2486634999513626,1
1198,1659,0.25011786818504333,1
1266,1871,0.0,0
500,1844,0.0,0
322,1033,0.2612305283546448,1
504,837,0.0,0
1559,1254,0.01432834006845951,0
256,339,0.47810670733451843,1
1195,742,0.0,0
545,1509,0.29878759384155273,1
527,1593,0.17257732152938843,1
1522,1832,0.25319716334342957,1
1023,1310,0.13448192179203033,1
289,1319,0.27696964144706726,1
612,1102,0.3779347240924835,1
545,1808,0.24272818863391876,1
1123,598,0.0,0
91,1555,0.0,0
1758,1462,0.0,0
1626,1734,0.0,0
527,1560,0.2517949938774109,1
1494,1119,0.013429760001599789,0
31,1163,0.23500289022922516,1
1083,1759,0.0,0
1745,704,0.0,0
1780,2054,0.5695005059242249,1
865,250,0.0178057961165905,0
266,911,0.0,0
542,1184,0.1541667878627777,1
181,518,0.019987031817436218,0
715,968,0.0,0
470,2018,0.40497320890426636,1
265,1660,0.11486497521400452,1
61,178,0.0,0
1378,1558,0.0,0
628,1461,0.0,0
391,1336,0.017250822857022285,0
1070,1101,0.01722712814807892,0
760,917,0.10391347110271454,1
136,145,0.3277667760848999,1
942,845,0.0,0
824,1553,0.0,0
795,1648,0.3032491207122803,1
162,851,0.18562480807304382,1
550,504,0.0,0
984,2038,0.3683142066001892,1
721,1782,0.01605955697596073,0
111,735,0.0,0
428,788,0.14352311193943024,1
622,1090,0.0,0
703,809,0.5211892127990723,1
1912,1040,0.0,0
1072,1145,0.4275990128517151,1
118,1293,0.16187599301338196,1
1701,612,0.0,0
1983,1173,0.015230625867843628,0
129,481,0.3252616226673126,1
1004,1183,0.0,0
383,864,0.19142824411392212,1
1616,1973,0.3884890079498291,1
1856,2018,0.269527405500412,1
1540,1690,0.26161909103393555,1
437,732,0.14057159423828125,1
1827,450,0.0,0
400,187,0.0,0
46,2004,0.16509301960468292,1
181,205,0.12973153591156006,1
1388,549,0.0,0
368,1150,0.0,0
1600,2018,0.34120169281959534,1
425,830,0.37147390842437744,1
1593,1947,0.0,0
120,1150,0.1544799953699112,1
322,2000,0.21688608825206757,1
46,227,0.42335188388824463,1
387,1102,0.11204911768436432,1
322,1171,0.15865007042884827,1
88,939,0.0,0
243,1033,0.2526116669178009,1
310,911,0.26149171590805054,1
758,1478,0.11207669973373413,1
1977,842,0.0,0
1825,1770,0.017394032329320908,0
661,1494,0.0,0
1701,107,0.0,0
2016,1847,0.0,0
2053,1005,0.0,0
410,1638,0.0,0
1046,1895,0.39409539103507996,1
1433,1583,0.017957694828510284,0
175,76,0.0,0
1626,2058,0.0,0
1896,1188,0.016222259029746056,0
207,675,0.18220144510269165,1
514,1145,0.3593390882015228,1
1572,1154,0.0,0
519,576,0.0,0
1701,1818,0.0,0
527,1305,0.4391375482082367,1
1440,1041,0.0,0
632,1124,0.4957491457462311,1
1322,315,0.0,0
632,1666,0.5985161066055298,1
1154,1629,0.14315363764762878,1
1635,1898,0.018386414274573326,0
627,511,0.01833089254796505,0
1989,203,0.0,0
399,531,0.4521036744117737,1
1357,1971,0.0,0
146,1690,0.32064077258110046,1
409,569,0.2324853390455246,1
1605,88,0.013988791964948177,0
853,825,0.0,0
767,1294,0.01736648753285408,0
1215,1224,0.0,0
1528,903,0.0,0
215,2016,0.0,0
144,322,0.3735329210758209,1
763,1663,0.0,0
561,1027,0.1689024120569229,1
1132,1823,0.2016705870628357,1
162,326,0.26947832107543945,1
1267,1535,0.1297188401222229,1
1275,1554,0.3553433418273926,1
1145,1954,0.1814696490764618,1
304,1343,0.19595523178577423,1
567,680,0.0,0
198,521,0.1565953493118286,1
1277,1682,0.27211469411849976,1
518,1034,0.17683739960193634,1
692,1987,0.0,0
1762,731,0.0,0
1239,819,0.019374478608369827,0
717,1184,0.3852936923503876,1
1949,1125,0.0,0
817,2071,0.0,0
729,255,0.0,0
2048,1064,0.0,0
930,1959,0.3549497425556183,1
238,1474,0.0,0
236,1757,0.18171128630638123,1
815,1301,0.35886332392692566,1
1135,1145,0.3495532274246216,1
126,1132,0.41963258385658264,1
969,1100,0.0,0
428,699,0.17570118606090546,1
1102,1455,0.10570210963487625,1
310,1762,0.2538400888442993,1
71,212,0.2888000011444092,1
251,1202,0.0,0
1624,1308,0.0,0
126,1102,0.22310301661491394,1
571,851,0.3136232793331146,1
963,1979,0.29877936840057373,1
1271,155,0.0,0
1447,1190,0.0,0
1904,1947,0.0,0
481,852,0.2859315276145935,1
1530,2008,0.20062635838985443,1
128,732,0.01814098283648491,0
241,1789,0.0,0
1128,1462,0.2813064157962799,1
1039,1514,0.0,0
514,1457,0.4462190866470337,1
1058,1516,0.21476508677005768,1
335,1646,0.2295878380537033,1
1214,1281,0.10554637014865875,1
1732,1578,0.0,0
413,690,0.3870399296283722,1
815,847,0.1160128265619278,1
580,871,0.10227137058973312,1
1646,416,0.0,0
133,1636,0.30353501439094543,1
1397,1990,0.0,0
1276,746,0.0,0
1033,1726,0.38118410110473633,1
47,1060,0.0,0
385,930,0.3701314926147461,1
2045,1581,0.0,0
652,1221,0.0,0
2005,1340,0.018597260117530823,0
1637,581,0.0,0
734,1001,0.016095014289021492,0
721,1470,0.17255224287509918,1
52,1811,0.0,0
708,1309,0.1399225890636444,1
906,1098,0.019363712519407272,0
1462,1600,0.3396279215812683,1
1244,832,0.017772940918803215,0
99,1642,0.14827725291252136,1
1247,1726,0.5714816451072693,1
366,440,0.17750905454158783,1
1659,1988,0.3736848831176758,1
210,1531,0.018135569989681244,0
593,770,0.19170579314231873,1
5,1785,0.33570772409439087,1
1053,1247,0.48202356696128845,1
859,1724,0.10321918874979019,1
1867,1347,0.0,0
2067,92,0.0,0
571,691,0.25979849696159363,1
479,534,0.48921018838882446,1
126,1223,0.018620844930410385,0
260,1023,0.16547077894210815,1
804,1613,0.018731417134404182,0
428,1210,0.4493129253387451,1
399,1983,0.29551512002944946,1
110,271,0.2964962124824524,1
853,2085,0.0,0
1779,647,0.0,0
1263,1600,0.31028804183006287,1
771,1674,0.015773506835103035,0
638,778,0.5124021172523499,1
1650,1287,0.0,0
646,691,0.2665853202342987,1
1721,1311,0.0,0
489,1281,0.16926655173301697,1
761,156,0.011111042462289333,0
1343,2075,0.1813388168811798,1
240,1451,0.28411486744880676,1
541,279,0.0,0
8,1745,0.01966989040374756,0
1199,1744,0.0,0
406,1474,0.0,0
1762,343,0.0,0
1679,2004,0.15475793182849884,1
343,731,0.10089404135942459,1
1222,1455,0.2542206346988678,1
1646,1013,0.0,0
889,1289,0.11946053057909012,1
102,1808,0.0,0
35,1113,0.0,0
78,1557,0.17068973183631897,1
236,1895,0.35559120774269104,1
847,268,0.0,0
307,1494,0.0,0
121,1568,0.4079802334308624,1
1184,946,0.018069898709654808,0
264,418,0.0,0
1327,2009,0.015363744460046291,0
1823,1868,0.0,0
1242,1784,0.0,0
343,376,0.276596337556839,1
851,1136,0.3366561233997345,1
1659,2071,0.3080807030200958,1
52,306,0.01620006188750267,0
930,1678,0.5303517580032349,1
1851,1961,0.3289164900779724,1
490,1132,0.167542964220047,1
198,562,0.0,0
1869,1387,0.015645409002900124,0
966,1564,0.4834004342556,1
494,1017,0.32883864641189575,1
1557,135,0.0,0
1822,734,0.0,0
601,736,0.0,0
2,1327,0.20552903413772583,1
42,192,0.0,0
335,2068,0.1015695184469223,1
158,271,0.12327832728624344,1
1247,2059,0.4560336768627167,1
498,1791,0.5298677086830139,1
632,213,0.019239043816924095,0
1552,163,0.0,0
2081,1699,0.0,0
521,1584,0.32009172439575195,1
1150,1310,0.14317208528518677,1
1629,111,0.0,0
2055,1335,0.0,0
324,1794,0.0,0
142,480,0.1611718386411667,1
1998,1996,0.0,0
680,1525,0.36184123158454895,1
501,543,0.018664315342903137,0
661,815,0.0,0
195,1503,0.14220881462097168,1
1248,1979,0.20736835896968842,1
1474,1705,0.0,0
179,1813,0.28944137692451477,1
407,1712,0.0,0
3,737,0.0,0
2001,1667,0.0,0
300,668,0.3885333836078644,1
549,1088,0.0,0
1834,155,0.0,0
1104,1663,0.33140265941619873,1
127,1107,0.12929953634738922,1
1434,1593,0.12802736461162567,1
398,680,0.0,0
924,1696,0.0,0
397,1931,0.0,0
206,80,0.0,0
1419,589,0.01924506016075611,0
655,1308,0.14629946649074554,1
55,802,0.0,0
136,905,0.3868978023529053,1
1654,2040,0.0,0
1642,1342,0.0,0
274,1339,0.0,0
1092,1627,0.0,0
428,1958,0.1590375304222107,1
1963,741,0.017803175374865532,0
1883,86,0.0,0
1752,1290,0.01525059062987566,0
376,410,0.0,0
79,339,0.3516784608364105,1
459,1603,0.0,0
852,1247,0.46375080943107605,1
2051,331,0.0,0
1456,1956,0.13817501068115234,1
1881,238,0.0,0
339,2061,0.3925795555114746,1
1857,1037,0.0,0
1097,1909,0.13246332108974457,1
699,1210,0.3017488121986389,1
1855,1300,0.0,0
808,2068,0.11619892716407776,1
664,1754,0.019513972103595734,0
1684,1018,0.0,0
1887,646,0.0,0
1946,523,0.0,0
1202,1984,0.0,0
298,1403,0.10261949896812439,1
133,1124,0.429103821516037,1
258,730,0.3441879451274872,1
280,2037,0.22764691710472107,1
1479,1732,0.0,0
1419,52,0.019942039623856544,0
1418,1549,0.0,0
601,305,0.012239137664437294,0
1221,660,0.0,0
646,757,0.5509182810783386,1
1503,1895,0.19819824397563934,1
12,1455,0.23846937716007233,1
684,1128,0.3578130900859833,1
1009,1435,0.0,0
921,231,0.0,0
1802,486,0.0,0
364,348,0.0,0
730,1080,0.3031678795814514,1
582,39,0.0,0
10,1017,0.0,0
679,2068,0.11948196589946747,1
1792,1004,0.0,0
81,865,0.0,0
1358,581,0.0,0
617,1346,0.0,0
770,1627,0.0,0
474,119,0.0,0
1469,1627,0.18929508328437805,1
56,1530,0.1546459197998047,1
935,2096,0.0,0
1221,163,0.0,0
558,1806,0.0,0
152,451,0.33033859729766846,1
159,1915,0.0,0
229,987,0.2436273694038391,1
1067,1626,0.12140399217605591,1
1452,1584,0.19603608548641205,1
331,1636,0.13130243122577667,1
258,757,0.4405170679092407,1
378,1343,0.12949252128601074,1
1568,1880,0.284440815448761,1
1572,1722,0.32944104075431824,1
851,1332,0.3533984124660492,1
1498,877,0.0,0
536,965,0.34850436449050903,1
1764,705,0.0,0
1728,20,0.0,0
133,214,0.47004783153533936,1
1429,2018,0.4434521496295929,1
76,767,0.0,0
2001,904,0.019553380087018013,0
497,930,0.42463240027427673,1
621,1742,0.22236739099025726,1
1056,1552,0.27079644799232483,1
211,1213,0.16127164661884308,1
1364,1914,0.16019035875797272,1
14,1907,0.0,0
134,1478,0.3017719089984894,1
194,1125,0.0,0
116,153,0.0,0
146,1917,0.28532838821411133,1
84,202,0.2803094983100891,1
236,479,0.4026300311088562,1
851,1229,0.12750855088233948,1
1301,1429,0.2733360528945923,1
1689,779,0.015034239739179611,0
368,247,0.0,0
168,102,0.0,0
91,1474,0.019878016784787178,0
1471,1752,0.0,0
1293,76,0.0,0
480,1148,0.19669300317764282,1
231,1659,0.2815766930580139,1
206,1928,0.0,0
580,1286,0.0,0
1924,618,0.01965988427400589,0
1296,1836,0.012535331770777702,0
1975,1766,0.018317919224500656,0
256,817,0.0,0
1862,204,0.0,0
636,1503,0.1389119029045105,1
405,1247,0.37144431471824646,1
859,955,0.14322590827941895,1
971,1380,0.2714967131614685,1
1702,1826,0.014731358736753464,0
455,1213,0.10020294785499573,1
499,1023,0.11760087311267853,1
1489,1347,0.0,0
851,1471,0.3263499140739441,1
1106,1349,0.0,0
749,1380,0.11028942465782166,1
161,523,0.0,0
1124,1337,0.17532609403133392,1
967,433,0.0,0
1733,743,0.0,0
959,834,0.0,0
1165,1173,0.11571576446294785,1
1256,777,0.0,0
250,145,0.0,0
1540,2088,0.11604240536689758,1
1198,1452,0.18591241538524628,1
713,723,0.43480631709098816,1
1654,1092,0.0,0
1100,1530,0.0,0
79,414,0.3720620274543762,1
21,1646,0.20861253142356873,1
679,1640,0.0,0
344,1232,0.1307450234889984,1
115,900,0.0,0
481,795,0.2322029173374176,1
966,1179,0.3638838827610016,1
455,546,0.0,0
749,1153,0.10081540793180466,1
192,1033,0.0,0
1588,244,0.0,0
675,1532,0.3569471538066864,1
1570,1694,0.0,0
1703,225,0.0,0
2006,715,0.0,0
440,240,0.0,0
1954,317,0.01821952499449253,0
396,1858,0.0,0
226,419,0.22486737370491028,1
1697,2017,0.0,0
746,1312,0.18832363188266754,1
1017,1023,0.35240086913108826,1
865,1907,0.0,0
2028,36,0.0,0
117,1140,0.0,0
778,1311,0.2571965754032135,1
152,330,0.33370161056518555,1
147,232,0.30642807483673096,1
1618,1130,0.0,0
46,1253,0.5276861786842346,1
451,1606,0.5834932327270508,1
897,1996,0.0,0
654,706,0.21922604739665985,1
966,1131,0.322221040725708,1
305,701,0.49311721324920654,1
43,658,0.17012082040309906,1
371,954,0.1496526002883911,1
385,1379,0.3744465112686157,1
1543,1167,0.0,0
851,1517,0.35116294026374817,1
1076,819,0.0,0
264,1210,0.21895210444927216,1
1253,2037,0.2763870358467102,1
1071,1132,0.6783041954040527,1
499,586,0.016297196969389915,0
1234,1956,0.16392076015472412,1
25,1552,0.16508442163467407,1
865,1729,0.013126994483172894,0
433,2046,0.13077032566070557,1
830,1071,0.40839412808418274,1
914,427,0.019871758297085762,0
1069,1684,0.1964786946773529,1
1312,1425,0.0,0
133,40,0.0,0
79,749,0.239160418510437,1
1513,1655,0.0,0
430,1019,0.0,0
636,1433,0.13722532987594604,1
49,1356,0.18732553720474243,1
1182,1153,0.0,0
1776,687,0.0,0
1371,1766,0.0,0
589,865,0.0,0
906,1120,0.1356399953365326,1
899,1872,0.27304232120513916,1
158,671,0.12265411764383316,1
617,1729,0.01888890378177166,0
2,1195,0.0,0
1037,8,0.0,0
350,851,0.3669225871562958,1
143,1866,0.12737087905406952,1
136,1591,0.5040212869644165,1
405,592,0.13173776865005493,1
129,390,0.4024445414543152,1
391,920,0.18230342864990234,1
2044,2068,0.01819586008787155,0
847,1356,0.16634581983089447,1
126,1721,0.0,0
189,163,0.0,0
1882,2038,0.0,0
1577,1195,0.0,0
2099,819,0.0,0
1700,1892,0.0,0
414,1820,0.5005229115486145,1
385,851,0.4388098120689392,1
1049,1525,0.0,0
130,271,0.4742303490638733,1
179,795,0.31770703196525574,1
341,240,0.0,0
887,553,0.0,0
110,380,0.26873070001602173,1
1349,680,0.019579647108912468,0
926,12,0.0,0
1607,1677,0.0,0
95,614,0.0,0
1092,2068,0.10601192712783813,1
47,758,0.12119263410568237,1
1889,433,0.0,0
374,447,0.0,0
1577,188,0.0,0
236,1301,0.173629492521286,1
674,1462,0.24119453132152557,1
614,2099,0.0,0
830,1521,0.23873212933540344,1
1311,1214,0.0,0
2054,824,0.0,0
663,341,0.0,0
884,1632,0.37943580746650696,1
1842,145,0.0,0
1582,1247,0.019218221306800842,0
808,1880,0.24153092503547668,1
1516,1795,0.21560174226760864,1
1488,1511,0.0,0
415,1053,0.3917613923549652,1
1771,1634,0.0,0
210,499,0.19908425211906433,1
817,1153,0.16004015505313873,1
163,1007,0.35762131214141846,1
142,428,0.20992451906204224,1
152,1607,0.2935416102409363,1
236,1311,0.23648490011692047,1
1579,1231,0.017738088965415955,0
1228,320,0.0,0
1381,77,0.01917264051735401,0
1033,1568,0.23957467079162598,1
25,1308,0.4496408998966217,1
317,640,0.406366765499115,1
2090,2027,0.0,0
1337,1110,0.0,0
405,2061,0.2475973516702652,1
355,662,0.3469691872596741,1
179,503,0.2116142064332962,1
993,26,0.016184011474251747,0
179,1001,0.2203080803155899,1
690,1762,0.3297199606895447,1
73,354,0.0,0
1503,2020,0.22470122575759888,1
1853,1882,0.0,0
829,1845,0.01744050718843937,0
696,912,0.2257005274295807,1
493,951,0.0,0
81,1648,0.0,0
31,396,0.16860118508338928,1
460,134,0.0,0
637,1039,0.0,0
904,10,0.016696099191904068,0
1332,1648,0.3059025704860687,1
1298,1726,0.4438040256500244,1
1903,515,0.0,0
1276,1544,0.0,0
997,1189,0.0,0
847,734,0.0,0
831,1010,0.11636624485254288,1
339,874,0.0,0
2054,1327,0.0,0
1854,538,0.0,0
1130,1480,0.1105199083685875,1
1746,1452,0.0,0
2090,1195,0.0,0
1591,1600,0.3818351626396179,1
1704,1019,0.0,0
805,1557,0.19305212795734406,1
708,1228,0.11926359683275223,1
909,91,0.0,0
176,35,0.0,0
306,1653,0.2839975953102112,1
1520,1904,0.017558712512254715,0
1018,1244,0.0,0
121,233,0.32465285062789917,1
250,690,0.0,0
126,1804,0.18785788118839264,1
642,88,0.0,0
1209,1085,0.0,0
1887,661,0.0,0
825,1015,0.0,0
1447,2032,0.017010487616062164,0
1272,1965,0.2234259694814682,1
99,1835,0.2568683624267578,1
723,1453,0.4467015564441681,1
1987,978,0.0,0
1018,1509,0.0,0
770,1659,0.18073974549770355,1
750,1507,0.0,0
1828,1173,0.01964455284178257,0
1136,428,0.01820875145494938,0
1817,1832,0.1656610369682312,1
1528,1289,0.0,0
721,2083,0.0,0
986,1562,0.18526306748390198,1
414,941,0.10447459667921066,1
1060,1401,0.0,0
2018,1207,0.0,0
211,306,0.22381514310836792,1
542,1560,0.2716767191886902,1
538,1846,0.23972101509571075,1
224,2025,0.14780664443969727,1
396,1163,0.13387012481689453,1
431,1527,0.14425717294216156,1
5,1481,0.13579849898815155,1
540,1210,0.3274875283241272,1
302,1813,0.32122018933296204,1
1771,1869,0.17410746216773987,1
1034,1666,0.14379295706748962,1
1136,1453,0.4295201003551483,1
2067,1540,0.0,0
738,130,0.0,0
2095,1381,0.0,0
1679,929,0.0,0
1187,641,0.0,0
1301,1860,0.0,0
1145,1851,0.5712350010871887,1
912,130,0.0,0
1954,2059,0.2696833908557892,1
414,490,0.16719630360603333,1
12,1348,0.14188477396965027,1
146,454,0.0,0
11,1696,0.0,0
120,1525,0.32035040855407715,1
718,30,0.016888147220015526,0
90,965,0.01655079610645771,0
1508,1936,0.24690374732017517,1
1646,2037,0.3055262267589569,1
1057,1442,0.0,0
1951,517,0.0,0
234,925,0.0,0
627,354,0.0,0
1032,1414,0.0,0
851,1102,0.1599692553281784,1
1397,1035,0.0,0
228,717,0.0,0
302,875,0.32115405797958374,1
1622,1213,0.0,0
1574,61,0.0,0
504,1253,0.27061909437179565,1
230,1799,0.30627962946891785,1
1211,888,0.0,0
252,1379,0.3970974385738373,1
805,772,0.0,0
534,1164,0.13319842517375946,1
1102,294,0.0,0
583,789,0.0,0
223,1308,0.34391558170318604,1
1401,1872,0.0,0
102,534,0.013903388753533363,0
1102,1389,0.18507549166679382,1
1568,1829,0.39553916454315186,1
145,1143,0.26213011145591736,1
1646,1895,0.2688816785812378,1
1484,1211,0.0,0
426,1871,0.0,0
1363,1740,0.019199298694729805,0
860,1660,0.14415542781352997,1
601,1638,0.0,0
1476,608,0.0,0
1838,1844,0.36690425872802734,1
1577,1358,0.0,0
150,717,0.38578304648399353,1
1458,1325,0.0,0
30,1283,0.43162545561790466,1
204,572,0.0,0
517,667,0.0,0
1517,1555,0.3287363648414612,1
79,390,0.19253332912921906,1
875,1294,0.27024054527282715,1
1606,1690,0.43867039680480957,1
1132,1535,0.2369118630886078,1
210,371,0.14185504615306854,1
1027,1895,0.42838144302368164,1
1151,2019,0.24280737340450287,1
532,946,0.4944828152656555,1
1533,1841,0.0,0
446,1576,0.01926412247121334,0
1613,1026,0.017771998420357704,0
329,1659,0.20433524250984192,1
691,1503,0.14406010508537292,1
691,700,0.23797227442264557,1
2070,2087,0.1284620761871338,1
951,1192,0.0,0
58,133,0.43087974190711975,1
1085,254,0.0,0
1002,1102,0.21552298963069916,1
31,1589,0.0,0
1001,645,0.0,0
1704,719,0.0,0
890,147,0.0,0
710,888,0.017047377303242683,0
1823,1826,0.12854550778865814,1
435,708,0.0,0
383,1206,0.0,0
1669,207,0.0,0
353,809,0.48971256613731384,1
1504,1736,0.0,0
927,1423,0.0,0
1147,1021,0.01667758822441101,0
1271,1137,0.0,0
390,1766,0.388558030128479,1
954,1514,0.30759432911872864,1
133,335,0.2979801297187805,1
1017,1666,0.5120307803153992,1
266,78,0.0,0
1515,1425,0.016635609790682793,0
351,1917,0.14152155816555023,1
1144,995,0.0,0
1107,354,0.013856269419193268,0
731,1259,0.15370312333106995,1
1316,652,0.0,0
743,298,0.017731254920363426,0
1408,1774,0.0,0
911,1053,0.42231011390686035,1
1532,1722,0.41669410467147827,1
1693,1933,0.0,0
704,2000,0.24267123639583588,1
815,1104,0.12582622468471527,1
1398,585,0.017654409632086754,0
1258,1530,0.11216026544570923,1
1591,1325,0.0,0
14,642,0.1832433044910431,1
1557,316,0.0,0
1742,1880,0.3075905442237854,1
232,405,0.3674224317073822,1
46,415,0.44076311588287354,1
1071,2068,0.2146042138338089,1
211,499,0.16232207417488098,1
621,1961,0.30231529474258423,1
82,1074,0.0,0
846,1262,0.0,0
1688,91,0.0,0
1565,435,0.0,0
161,447,0.0,0
1028,1008,0.014394821599125862,0
1746,1078,0.0,0
1076,1382,0.1333051472902298,1
1657,1964,0.0,0
87,1057,0.3320187032222748,1
89,282,0.0,0
1333,1922,0.2972974181175232,1
1425,636,0.0,0
1854,792,0.0,0
851,1301,0.34841644763946533,1
1803,1107,0.0,0
11,1684,0.35158514976501465,1
414,1616,0.33923858404159546,1
969,1072,0.26564526557922363,1
1946,1890,0.0,0
419,816,0.32546505331993103,1
123,1454,0.0,0
1568,1856,0.12743808329105377,1
1504,12,0.0,0
1348,769,0.0,0
1746,1794,0.0,0
212,978,0.13740146160125732,1
39,888,0.0,0
192,890,0.0,0
1479,1292,0.0,0
804,1977,0.0,0
101,1743,0.30086833238601685,1
1680,721,0.0,0
808,966,0.37405675649642944,1
687,1737,0.0,0
870,1917,0.0,0
380,846,0.0,0
639,1427,0.0,0
1213,1408,0.013545301742851734,0
498,1195,0.0,0
1180,1794,0.0,0
763,1845,0.0,0
1102,1659,0.1363561898469925,1
354,1766,0.3799551725387573,1
1861,674,0.0,0
692,1709,0.15823744237422943,1
354,935,0.0,0
571,1555,0.3551340401172638,1
1754,1704,0.0,0
24,804,0.1624445617198944,1
621,1535,0.1312679946422577,1
454,1196,0.0,0
569,905,0.41763293743133545,1
753,2077,0.21359999477863312,1
938,549,0.0,0
53,310,0.36262112855911255,1
144,1356,0.4990050792694092,1
763,1312,0.20743530988693237,1
1708,958,0.0,0
1746,1214,0.0,0
1180,372,0.018609825521707535,0
182,63,0.0,0
1126,1603,0.0,0
791,1087,0.2168726921081543,1
158,1332,0.21394814550876617,1
1531,1543,0.0,0
210,1653,0.24484384059906006,1
895,1574,0.210902139544487,1
1564,377,0.015369975008070469,0
705,843,0.0,0
129,271,0.4805701673030853,1
385,1895,0.21677684783935547,1
1283,1369,0.46060416102409363,1
1639,1702,0.19032022356987,1
411,736,0.24933746457099915,1
390,474,0.11367641389369965,1
279,1108,0.0,0
596,1209,0.1806439459323883,1
362,78,0.0,0
651,2058,0.24251648783683777,1
289,941,0.15110084414482117,1
1302,908,0.0,0
120,778,0.34722694754600525,1
207,851,0.23678447306156158,1
400,1851,0.5392744541168213,1
1294,1903,0.19284629821777344,1
410,946,0.3036021292209625,1
616,1863,0.0,0
1131,1478,0.2609300911426544,1
999,1780,0.11159104853868484,1
1600,1687,0.34098634123802185,1
337,877,0.2556372880935669,1
1071,1212,0.01985790766775608,0
1449,638,0.015897145494818687,0
925,1153,0.14284437894821167,1
227,1023,0.42190077900886536,1
1387,642,0.0,0
122,1773,0.0,0
2041,441,0.01958269439637661,0
1719,1880,0.0,0
2060,1480,0.0,0
761,1210,0.2738230526447296,1
1847,493,0.0,0
2015,758,0.019721297547221184,0
2061,484,0.0,0
1461,1851,0.42000648379325867,1
134,531,0.3445795476436615,1
817,1481,0.13163280487060547,1
1128,2031,0.2600207030773163,1
88,1308,0.0,0
980,1772,0.0,0
1476,1773,0.1402461975812912,1
593,1145,0.40831220149993896,1
490,1011,0.19871871173381805,1
1311,311,0.0,0
36,949,0.17251770198345184,1
975,1895,0.12329596281051636,1
639,1676,0.0,0
1333,302,0.0,0
1163,178,0.0,0
405,778,0.3834958076477051,1
198,1517,0.0,0
723,1503,0.1918051838874817,1
470,531,0.5747499465942383,1
2053,345,0.014673782512545586,0
1889,1135,0.0,0
790,1895,0.21077968180179596,1
207,521,0.15514013171195984,1
801,393,0.0,0
473,1223,0.017479468137025833,0
723,856,0.0,0
710,673,0.0,0
47,2018,0.45981818437576294,1
1603,1518,0.0,0
909,1808,0.1887713223695755,1
1246,1456,0.21339581906795502,1
1003,1316,0.2724587619304657,1
1243,949,0.0,0
120,1298,0.34989097714424133,1
409,701,0.2126704901456833,1
1656,1905,0.19176216423511505,1
1504,247,0.0,0
730,1997,0.1906643509864807,1
761,1348,0.0,0
58,514,0.4603978991508484,1
89,1360,0.01868588849902153,0
2085,938,0.0,0
859,1653,0.15175603330135345,1
400,1659,0.29943299293518066,1
23,1092,0.0,0
97,632,0.01827072910964489,0
1632,1801,0.0,0
917,1258,0.15137876570224762,1
801,69,0.0,0
312,1044,0.0,0
641,1807,0.0,0
415,1300,0.4819582998752594,1
158,543,0.0,0
914,1263,0.01764274761080742,0
355,859,0.1336120218038559,1
487,851,0.2914130985736847,1
470,1453,0.5022792816162109,1
1295,1562,0.15520396828651428,1
232,910,0.44271963834762573,1
129,1766,0.39797788858413696,1
1497,171,0.0,0
1792,1075,0.0,0
1804,1994,0.15337035059928894,1
127,557,0.0,0
179,2054,0.28679242730140686,1
602,1004,0.0,0
25,1466,0.4123033583164215,1
1989,237,0.0,0
623,957,0.0,0
607,220,0.0,0
854,1406,0.0,0
322,2037,0.2696194648742676,1
1672,1779,0.0,0
1304,106,0.0,0
911,1773,0.34438297152519226,1
665,1343,0.26381242275238037,1
1247,2037,0.35186567902565,1
890,1233,0.0,0
78,928,0.2066657692193985,1
302,1135,0.438496470451355,1
177,595,0.19246165454387665,1
1495,1134,0.0,0
1864,1504,0.0,0
419,1446,0.1487717628479004,1
603,76,0.016421835869550705,0
69,1092,0.0,0
1223,1150,0.0,0
449,1889,0.26061517000198364,1
271,701,0.4297003448009491,1
757,1356,0.41966888308525085,1
133,1132,0.5518226623535156,1
99,577,0.28769731521606445,1
899,1798,0.0,0
1332,1181,0.0,0
162,1704,0.1060871109366417,1
232,815,0.362278014421463,1
1044,207,0.0,0
527,1979,0.3881329894065857,1
1965,1973,0.3542634844779968,1
120,1820,0.3776194751262665,1
586,2100,0.4084802567958832,1
730,1348,0.17715337872505188,1
278,414,0.4658568203449249,1
28,125,0.0,0
131,1667,0.018245339393615723,0
1330,1051,0.01760260947048664,0
941,1198,0.1648368090391159,1
659,2046,0.0,0
179,310,0.20533175766468048,1
1381,996,0.0,0
380,1466,0.5255486965179443,1
546,1593,0.0,0
211,1164,0.1275244951248169,1
1171,668,0.017005061730742455,0
689,934,0.0,0
553,1503,0.11701273173093796,1
201,767,0.1381814181804657,1
530,719,0.0,0
166,1987,0.34387847781181335,1
242,361,0.4873552620410919,1
536,1937,0.1542935073375702,1
1477,875,0.0,0
1102,1226,0.14727282524108887,1
497,77,0.0,0
333,503,0.3932284414768219,1
428,1801,0.0,0
1664,2070,0.11021647602319717,1
689,1355,0.0,0
827,1938,0.0,0
1488,1712,0.13078615069389343,1
1132,1146,0.15178810060024261,1
778,930,0.2840617001056671,1
1490,342,0.0,0
196,1210,0.16787180304527283,1
1219,2039,0.19143007695674896,1
315,1069,0.1145993024110794,1
1353,1479,0.10667461901903152,1
146,514,0.3384849727153778,1
593,1827,0.0,0
1991,615,0.0,0
1248,915,0.014371149241924286,0
1098,1266,0.0,0
520,1942,0.13151177763938904,1
1254,941,0.0,0
1989,1028,0.0,0
1332,1453,0.46961843967437744,1
1544,2033,0.14803706109523773,1
2093,1834,0.0,0
69,1632,0.0,0
231,1936,0.0,0
1638,935,0.0,0
578,1758,0.0,0
884,2018,0.292818158864975,1
340,2020,0.1913853883743286,1
1179,1614,0.10794670879840851,1
357,1173,0.19722473621368408,1
621,1895,0.27250736951828003,1
915,1666,0.0,0
1566,420,0.0,0
715,168,0.0,0
991,233,0.018443070352077484,0
481,1653,0.2709129750728607,1
721,306,0.0,0
1777,100,0.0,0
1265,592,0.0,0
1196,1093,0.0,0
1553,1154,0.019056720659136772,0
355,851,0.19592706859111786,1
1305,1829,0.40862730145454407,1
873,1027,0.4169500470161438,1
1687,635,0.0,0
547,708,0.13844983279705048,1
1841,385,0.0,0
74,935,0.0,0
281,343,0.3799065947532654,1
393,1429,0.0,0
1263,83,0.0,0
1264,369,0.014750555157661438,0
158,1893,0.0,0
710,1258,0.32136303186416626,1
1422,1186,0.017546534538269043,0
525,1760,0.10579313337802887,1
707,1368,0.017055436968803406,0
514,1027,0.17696797847747803,1
638,1346,0.15604570508003235,1
903,527,0.0,0
471,2053,0.01685107871890068,0
1748,1309,0.0,0
911,1300,0.41034215688705444,1
1014,1753,0.2994559705257416,1
1854,1046,0.0,0
223,921,0.0,0
1056,1305,0.42300233244895935,1
962,1611,0.0,0
128,926,0.0,0
1564,1938,0.0,0
1021,1918,0.1750851422548294,1
1210,1958,0.16622485220432281,1
405,2088,0.38565513491630554,1
2048,1794,0.0,0
1600,821,0.0,0
182,556,0.0,0
1034,1699,0.27666932344436646,1
658,1664,0.0,0
1478,850,0.01807916909456253,0
321,550,0.23079752922058105,1
261,649,0.019344797357916832,0
421,667,0.5638306736946106,1
565,1773,0.0,0
302,390,0.41418737173080444,1
162,1632,0.12885119020938873,1
59,1343,0.24393685162067413,1
224,275,0.31974315643310547,1
1300,1628,0.3734704852104187,1
1636,122,0.0,0
30,136,0.3037286102771759,1
354,1954,0.33587661385536194,1
318,684,0.3381582796573639,1
2099,1120,0.0,0
405,732,0.2510196268558502,1
437,852,0.23364563286304474,1
187,609,0.016290510073304176,0
1895,88,0.0,0
1677,1799,0.0,0
195,317,0.18398790061473846,1
730,1742,0.3325622081756592,1
51,548,0.19196082651615143,1
1535,2097,0.0,0
759,862,0.15823672711849213,1
482,2093,0.0,0
795,911,0.41377872228622437,1
162,1247,0.20397165417671204,1
424,1488,0.18697327375411987,1
1171,1773,0.19355322420597076,1
1584,158,0.0,0
162,1600,0.22003339231014252,1
1859,1442,0.012180996127426624,0
1332,1663,0.32530051469802856,1
256,671,0.10492745041847229,1
1567,1762,0.12762635946273804,1
73,339,0.0,0
671,1056,0.23160357773303986,1
1621,1062,0.0,0
1507,1451,0.0,0
1253,471,0.017402490600943565,0
526,158,0.0,0
130,242,0.42168325185775757,1
694,1480,0.018946656957268715,0
1171,1479,0.0,0
2006,39,0.0,0
1071,1102,0.2376200556755066,1
419,486,0.281706839799881,1
1156,273,0.0,0
133,158,0.194130539894104,1
1649,1811,0.16066865622997284,1
694,328,0.018954172730445862,0
1373,1330,0.0,0
486,858,0.4364228844642639,1
613,972,0.01703527197241783,0
2001,572,0.0,0
355,497,0.2889205813407898,1
503,1437,0.23854932188987732,1
898,1033,0.3862387239933014,1
2099,1259,0.0,0
1334,893,0.0,0
782,1871,0.0,0
861,1744,0.0,0
405,413,0.26777249574661255,1
485,1638,0.1295144110918045,1
932,453,0.017705146223306656,0
771,1340,0.0,0
1665,298,0.0,0
632,1532,0.5433501601219177,1
1902,1956,0.22187171876430511,1
470,593,0.270378440618515,1
413,797,0.22314095497131348,1
1580,738,0.0,0
598,802,0.0,0
240,538,0.42717477679252625,1
589,732,0.2234306037425995,1
260,470,0.13986515998840332,1
224,1684,0.0,0
310,1543,0.0,0
258,593,0.30001044273376465,1
675,1356,0.36296552419662476,1
353,884,0.5488272905349731,1
749,1606,0.5226415395736694,1
1553,1506,0.0,0
419,1069,0.17574921250343323,1
486,691,0.3434869050979614,1
2099,1591,0.0,0
1325,570,0.0,0
230,1034,0.16588842868804932,1
292,635,0.1789306104183197,1
374,1233,0.0,0
51,1978,0.2845390737056732,1
538,274,0.0,0
1816,1292,0.0,0
864,2008,0.24977582693099976,1
503,1413,0.3868664801120758,1
65,438,0.0,0
146,226,0.5327199697494507,1
996,248,0.0,0
414,2018,0.328904390335083,1
1372,1949,0.2840515077114105,1
1749,1121,0.0,0
338,581,0.1278044432401657,1
472,473,0.11986097693443298,1
355,1851,0.26274573802948,1
136,256,0.43856126070022583,1
248,289,0.1122308149933815,1
1259,2047,0.0,0
1017,1572,0.535346508026123,1
31,762,0.2104814052581787,1
1030,1143,0.0,0
394,575,0.0,0
121,415,0.2982484698295593,1
1534,1819,0.0,0
158,503,0.10734207928180695,1
437,1247,0.23250079154968262,1
1795,180,0.0,0
401,1267,0.2751205563545227,1
972,1638,0.12362026423215866,1
928,1773,0.0,0
555,910,0.2622360587120056,1
1330,978,0.0,0
1160,340,0.0,0
621,1146,0.14926111698150635,1
30,1455,0.3610346019268036,1
46,531,0.5684909224510193,1
981,1463,0.0,0
1032,126,0.0,0
256,2087,0.38246950507164,1
2004,1393,0.017805155366659164,0
593,1294,0.27806514501571655,1
1002,1555,0.33914193511009216,1
780,1454,0.12196386605501175,1
1416,145,0.018652968108654022,0
2001,1729,0.0,0
1349,1785,0.1813998818397522,1
545,1445,0.11049943417310715,1
542,1017,0.1480780988931656,1
11,405,0.26257869601249695,1
1155,1007,0.0,0
128,1585,0.1749102771282196,1
1145,1963,0.444285124540329,1
451,1136,0.39685794711112976,1
1478,1690,0.35745134949684143,1
307,995,0.0,0
1676,521,0.019434703513979912,0
130,1300,0.43004879355430603,1
843,1637,0.0,0
2006,436,0.0,0
1636,711,0.017473798245191574,0
365,1028,0.0,0
1995,294,0.018012363463640213,0
1120,2037,0.4204223155975342,1
1379,174,0.01585414633154869,0
46,2018,0.3687478005886078,1
335,621,0.26914554834365845,1
106,1875,0.0,0
71,1414,0.014331819489598274,0
1278,1811,0.17226994037628174,1
1525,1372,0.01876240409910679,0
1304,726,0.01914905197918415,0
1754,1307,0.0,0
339,884,0.49805429577827454,1
47,76,0.0,0
1192,1600,0.0,0
1541,1226,0.01840139739215374,0
571,581,0.21352143585681915,1
1632,1029,0.0,0
1748,5,0.01722947135567665,0
1551,1292,0.0,0
792,1490,0.11791305989027023,1
2095,822,0.0,0
146,1773,0.20079518854618073,1
851,2072,0.3575802147388458,1
47,1469,0.14193491637706757,1
816,2020,0.19524124264717102,1
1588,904,0.0,0
1138,412,0.019266316667199135,0
416,1420,0.0,0
580,2056,0.0,0
1235,663,0.0,0
290,428,0.2832756042480469,1
232,778,0.3657606840133667,1
473,1097,0.16085968911647797,1
749,1143,0.18452763557434082,1
476,1905,0.17767252027988434,1
425,1145,0.5577249526977539,1
898,1102,0.23111189901828766,1
876,1258,0.1751013994216919,1
795,1525,0.34187984466552734,1
374,1476,0.0,0
1271,1276,0.0,0
517,1856,0.0,0
1887,1958,0.01650168001651764,0
855,1006,0.019102541729807854,0
175,282,0.0,0
479,1308,0.5254079103469849,1
762,1165,0.2212437093257904,1
2017,962,0.0,0
45,624,0.0,0
467,1551,0.0,0
1930,380,0.0,0
873,1148,0.0,0
14,1357,0.1524040400981903,1
232,415,0.260292649269104,1
63,738,0.310791015625,1
1424,1906,0.1886848509311676,1
1497,176,0.0,0
1136,1628,0.5553514957427979,1
590,1476,0.36823827028274536,1
129,498,0.32989975810050964,1
162,598,0.10449158400297165,1
1148,87,0.0,0
1002,1517,0.26165616512298584,1
1634,150,0.0,0
1271,763,0.0,0
84,942,0.0,0
683,1258,0.10623326897621155,1
2080,580,0.0,0
280,1903,0.22213250398635864,1
490,1133,0.1838754117488861,1
243,1572,0.20261816680431366,1
1308,1869,0.2740187346935272,1
1785,2048,0.019977549090981483,0
117,187,0.2529546916484833,1
593,723,0.29099729657173157,1
230,1760,0.0,0
399,815,0.4956670105457306,1
972,2031,0.019146572798490524,0
1715,1910,0.3325992822647095,1
772,661,0.0,0
795,1056,0.3690955638885498,1
17,1071,0.3354790508747101,1
609,674,0.22163133323192596,1
1322,421,0.0,0
405,1606,0.32250234484672546,1
951,1222,0.0,0
129,1017,0.5038139224052429,1
1696,421,0.0,0
179,1895,0.20134685933589935,1
134,1528,0.5572044253349304,1
723,1628,0.4207695722579956,1
705,14,0.0,0
112,1081,0.0,0
233,413,0.34854352474212646,1
688,1130,0.21242663264274597,1
609,1017,0.2762187719345093,1
364,1453,0.0,0
1073,1717,0.0,0
121,1248,0.214861199259758,1
652,570,0.0,0
217,20,0.0,0
189,1434,0.0,0
1560,1811,0.22120587527751923,1
1733,1050,0.0,0
1069,1973,0.2700049579143524,1
636,2020,0.12324592471122742,1
1539,283,0.0,0
1456,834,0.0,0
249,595,0.0,0
694,2004,0.018190238624811172,0
110,827,0.0,0
1606,787,0.019654948264360428,0
1360,1599,0.0,0
334,1915,0.0,0
278,667,0.40082141757011414,1
136,1281,0.0,0
202,1986,0.34098851680755615,1
179,1820,0.35686472058296204,1
45,49,0.1810394823551178,1
177,376,0.1320846527814865,1
129,421,0.41734442114830017,1
1747,1367,0.015830479562282562,0
1599,593,0.0,0
659,608,0.0,0
1555,274,0.018671156838536263,0
1611,289,0.0,0
14,1831,0.0,0
343,1978,0.45644038915634155,1
930,2018,0.2228303700685501,1
804,1435,0.23184578120708466,1
289,1476,0.26224687695503235,1
1755,736,0.0,0
502,1600,0.326680451631546,1
256,1017,0.4295817017555237,1
15,1110,0.0,0
638,1457,0.5201789140701294,1
1533,1900,0.019451148808002472,0
438,1061,0.0,0
1329,386,0.018798144534230232,0
621,705,0.34354719519615173,1
1399,1115,0.0,0
258,1128,0.35584649443626404,1
1337,1478,0.10578218847513199,1
150,584,0.13402262330055237,1
575,1514,0.1727258861064911,1
152,941,0.19032999873161316,1
632,1058,0.3396528363227844,1
870,1428,0.3094852566719055,1
129,1102,0.14754097163677216,1
487,623,0.0,0
157,1702,0.2558263838291168,1
1722,1808,0.36720481514930725,1
1490,1356,0.0,0
490,849,0.1445033997297287,1
218,655,0.0,0
1150,1963,0.2145180106163025,1
220,2039,0.11060622334480286,1
659,1033,0.1750248223543167,1
982,1353,0.0,0
1965,1477,0.0,0
527,1253,0.30415865778923035,1
1483,1769,0.33249035477638245,1
310,1572,0.2734745740890503,1
230,1531,0.0,0
179,911,0.2751123309135437,1
1751,1480,0.014979296363890171,0
1027,228,0.0,0
179,1757,0.2966594994068146,1
120,1001,0.352252721786499,1
256,815,0.4014851748943329,1
57,1521,0.2710941731929779,1
1100,1125,0.0,0
971,1530,0.11205531656742096,1
563,565,0.0,0
316,996,0.0,0
47,437,0.22908566892147064,1
1862,1557,0.0,0
1655,1413,0.0,0
1123,1627,0.0,0
1307,767,0.0,0
1196,2077,0.15191753208637238,1
1542,1956,0.1253434270620346,1
333,819,0.5502051711082458,1
202,843,0.0,0
1751,1530,0.0,0
609,1961,0.14656351506710052,1
77,694,0.0,0
1587,772,0.0,0
629,1161,0.0,0
128,1210,0.14907926321029663,1
235,144,0.0,0
1453,1725,0.36794671416282654,1
109,1730,0.017759237438440323,0
941,1563,0.0,0
1930,1309,0.0,0
1113,471,0.0,0
1058,1973,0.21695473790168762,1
419,1811,0.24567051231861115,1
1993,711,0.0,0
341,1381,0.0,0
398,1508,0.438027560710907,1
253,852,0.32106146216392517,1
1642,1644,0.013737622648477554,0
1080,1197,0.29254788160324097,1
1544,601,0.0,0
390,324,0.0,0
731,463,0.016870934516191483,0
572,1263,0.38026005029678345,1
58,1965,0.25050804018974304,1
390,1606,0.47723209857940674,1
1087,583,0.0,0
581,636,0.350325345993042,1
1057,1413,0.4695422947406769,1
1597,757,0.0,0
889,478,0.01371034886687994,0
48,1856,0.15958036482334137,1
569,808,0.2685663104057312,1
1067,1930,0.0,0
562,752,0.0,0
966,1130,0.10850545018911362,1
691,1104,0.11100152134895325,1
146,1564,0.5319329500198364,1
1276,1385,0.0,0
1046,40,0.0,0
442,1728,0.13300620019435883,1
159,437,0.11605408042669296,1
1522,1224,0.014188732951879501,0
32,1258,0.1742914319038391,1
572,1106,0.37856701016426086,1
494,2004,0.15242920815944672,1
1421,2018,0.0,0
329,659,0.2276446670293808,1
809,1471,0.3950367271900177,1
490,609,0.19003388285636902,1
1334,376,0.0,0
310,553,0.16651558876037598,1
339,667,0.567252516746521,1
1718,1986,0.0,0
144,1513,0.01565920189023018,0
567,854,0.0,0
593,1122,0.3374854326248169,1
706,1196,0.14703470468521118,1
470,1001,0.2591542601585388,1
486,1356,0.48371556401252747,1
686,1225,0.22128166258335114,1
14,255,0.0,0
1128,1453,0.29188159108161926,1
500,782,0.2218772917985916,1
609,1356,0.31362462043762207,1
751,2036,0.0,0
1462,1856,0.21516360342502594,1
884,1179,0.29745498299598694,1
446,743,0.01917325332760811,0
1904,581,0.0,0
1891,1827,0.0,0
79,302,0.14427195489406586,1
421,1773,0.26093947887420654,1
732,616,0.0,0
511,950,0.01807256042957306,0
1267,1530,0.23991695046424866,1
506,993,0.01983426697552204,0
730,1659,0.23203501105308533,1
618,729,0.0,0
1576,2052,0.018061239272356033,0
58,415,0.3837769329547882,1
555,851,0.2630571126937866,1
1330,360,0.0,0
632,658,0.0,0
908,1401,0.0,0
361,501,0.5030622482299805,1
778,1247,0.46568289399147034,1
1536,980,0.0,0
507,871,0.12357307225465775,1
158,1528,0.12011144310235977,1
256,572,0.3555179536342621,1
179,941,0.15519936382770538,1
638,723,0.5874900817871094,1
269,466,0.0,0
136,1253,0.36752915382385254,1
1132,1184,0.3534660339355469,1
158,1236,0.0,0
1023,1135,0.5246580839157104,1
355,1283,0.3145553469657898,1
1688,14,0.0,0
2040,1214,0.0,0
65,1734,0.10847017168998718,1
66,1621,0.0,0
1879,1947,0.18784411251544952,1
1892,1125,0.0,0
1407,1034,0.0,0
436,1554,0.1522195041179657,1
399,470,0.4812321066856384,1
370,1773,0.13126930594444275,1
751,792,0.22327813506126404,1
906,1283,0.1852129101753235,1
16,701,0.11341075599193573,1
1116,499,0.0,0
340,1354,0.0,0
1145,1453,0.3653600513935089,1
152,411,0.0,0
1656,1330,0.0,0
267,262,0.0,0
1818,247,0.0,0
352,1834,0.15725789964199066,1
53,1503,0.1291787475347519,1
179,1769,0.3907460868358612,1
1488,1334,0.0,0
997,834,0.0,0
732,97,0.0,0
50,298,0.10272911936044693,1
147,713,0.43708398938179016,1
869,1690,0.0,0
1633,1745,0.01786259189248085,0
905,1973,0.3418046832084656,1
39,837,0.019873231649398804,0
927,877,0.01831914484500885,0
1682,119,0.0,0
1690,2018,0.36928674578666687,1
355,2021,0.34012627601623535,1
1087,1911,0.1733352392911911,1
414,1017,0.41501641273498535,1
1533,283,0.0,0
877,1174,0.15753112733364105,1
1604,152,0.0,0
911,2020,0.12934887409210205,1
813,1085,0.12126291543245316,1
220,753,0.0,0
1814,2071,0.0,0
1971,799,0.0,0
1785,1871,0.0,0
1166,936,0.0,0
1310,1476,0.13273131847381592,1
676,1663,0.0,0
414,589,0.3496139347553253,1
863,1831,0.3239896595478058,1
46,214,0.31924378871917725,1
778,1894,0.31089645624160767,1
1447,2020,0.136487677693367,1
18,1847,0.0,0
58,893,0.0,0
1490,69,0.0,0
732,1296,0.0,0
390,1659,0.27150818705558777,1
1216,850,0.0,0
909,911,0.17950882017612457,1
1321,1287,0.0,0
571,1017,0.31939056515693665,1
1345,603,0.01767066679894924,0
1705,1965,0.0,0
749,2059,0.3858465850353241,1
1829,978,0.0,0
1543,862,0.0,0
1824,519,0.016217248514294624,0
1265,571,0.0,0
1157,609,0.0,0
1614,1741,0.12425735592842102,1
304,499,0.20326009392738342,1
340,1145,0.2895851135253906,1
1501,1809,0.0,0
490,851,0.12828710675239563,1
459,1670,0.0,0
210,1543,0.0,0
30,1590,0.13113003969192505,1
645,26,0.015210125595331192,0
707,286,0.016262423247098923,0
1352,1188,0.0,0
277,1356,0.0,0
163,414,0.0,0
150,1869,0.15785633027553558,1
1319,1520,0.35860633850097656,1
1058,378,0.0,0
1981,1406,0.019197752699255943,0
1525,1734,0.2224741131067276,1
1368,1489,0.2929103374481201,1
329,2068,0.14800766110420227,1
132,815,0.5145361423492432,1
382,1382,0.1173325851559639,1
1955,185,0.0,0
162,980,0.0,0
955,932,0.0,0
1153,1785,0.22881042957305908,1
884,1423,0.3558606207370758,1
1499,1279,0.0,0
470,1299,0.41395220160484314,1
433,921,0.0,0
310,486,0.35695531964302063,1
1278,1834,0.11619144678115845,1
1220,170,0.0,0
575,859,0.2816711664199829,1
1483,1558,0.34829181432724,1
840,216,0.0,0
876,302,0.0,0
1666,1871,0.3132086992263794,1
568,961,0.0,0
470,1821,0.5686630606651306,1
189,61,0.0,0
339,1124,0.4986145496368408,1
503,911,0.3747424781322479,1
1830,655,0.016123630106449127,0
1771,1820,0.317404568195343,1
815,1300,0.4263768792152405,1
1057,1811,0.31324806809425354,1
732,1470,0.0,0
693,1397,0.0,0
270,908,0.0,0
481,1773,0.17605404555797577,1
2094,1877,0.0,0
534,1278,0.2808886766433716,1
1156,671,0.019656578078866005,0
1278,1356,0.2976452112197876,1
1143,452,0.0,0
1124,1179,0.2368488609790802,1
1751,727,0.0,0
1736,561,0.0,0
1887,516,0.0,0
1891,325,0.0,0
45,589,0.4998910427093506,1
1649,1666,0.23801006376743317,1
1429,1687,0.40174755454063416,1
178,1723,0.0,0
684,1189,0.5325919985771179,1
498,847,0.18571315705776215,1
534,816,0.43827515840530396,1
770,1646,0.21617409586906433,1
1265,1905,0.12860938906669617,1
1860,1800,0.0,0
751,1727,0.01797267608344555,0
1139,855,0.0,0
687,813,0.0,0
65,1441,0.0,0
48,1023,0.2477254718542099,1
400,646,0.4738210141658783,1
632,884,0.39486056566238403,1
172,915,0.01831101067364216,0
1173,899,0.0,0
286,852,0.4297468066215515,1
479,486,0.6374030113220215,1
431,1826,0.10496782511472702,1
849,400,0.0,0
477,719,0.0,0
746,1107,0.3964838981628418,1
1229,1401,0.2778586447238922,1
1017,119,0.0,0
1647,1640,0.01785685308277607,0
1620,519,0.0,0
1321,80,0.0,0
1094,2016,0.01823333092033863,0
1514,344,0.0,0
47,984,0.24220195412635803,1
877,868,0.0,0
410,504,0.10562235116958618,1
1023,1184,0.41238391399383545,1
842,1155,0.13650228083133698,1
1136,1197,0.2623033821582794,1
1478,1532,0.24732652306556702,1
573,2015,0.0,0
230,408,0.0,0
1789,463,0.0,0
1209,454,0.0,0
413,732,0.25142452120780945,1
1003,1731,0.0,0
598,208,0.0,0
717,1069,0.3512518107891083,1
1924,2070,0.15729720890522003,1
211,665,0.3283798396587372,1
183,508,0.0,0
1821,91,0.015236361883580685,0
941,1539,0.1262284368276596,1
913,908,0.0,0
306,762,0.4075967073440552,1
1496,847,0.0,0
211,442,0.108706034719944,1
82,441,0.01931113749742508,0
1736,1665,0.0,0
1102,1649,0.10121454298496246,1
1158,756,0.0,0
40,325,0.12135296314954758,1
1294,96,0.016879647970199585,0
941,1491,0.1513296216726303,1
1187,508,0.0,0
636,911,0.22076481580734253,1
1088,1483,0.20179539918899536,1
485,1240,0.2422502636909485,1
368,719,0.0,0
1377,745,0.0,0
90,339,0.014947038143873215,0
150,1445,0.20641717314720154,1
618,500,0.0,0
117,596,0.24914342164993286,1
1451,1554,0.015703368932008743,0
233,1399,0.4411826431751251,1
332,339,0.2552478313446045,1
1350,837,0.0,0
1325,83,0.0,0
521,1823,0.1300320327281952,1
621,1226,0.19221295416355133,1
745,1562,0.0,0
426,888,0.12440386414527893,1
1406,1489,0.01669083721935749,0
58,399,0.35943183302879333,1
232,1002,0.2887049615383148,1
889,1449,0.10674358904361725,1
1233,291,0.016507046297192574,0
2058,188,0.0,0
290,1058,0.0,0
242,498,0.4769224524497986,1
815,2000,0.1321859210729599,1
493,1225,0.307311087846756,1
638,1567,0.15400856733322144,1
400,1042,0.37051069736480713,1
120,795,0.36669665575027466,1
380,97,0.0,0
79,2087,0.30970561504364014,1
363,1715,0.0,0
1794,1428,0.016488313674926758,0
1233,1869,0.18543851375579834,1
1191,1210,0.13917377591133118,1
227,1833,0.27799203991889954,1
1726,1769,0.26701927185058594,1
990,135,0.0,0
1143,1247,0.18914295732975006,1
133,162,0.1660214513540268,1
1740,924,0.0,0
378,637,0.2742789089679718,1
327,1821,0.36629244685173035,1
88,36,0.0,0
1235,1144,0.0,0
355,545,0.43700456619262695,1
561,1965,0.1115093007683754,1
1275,1542,0.13411155343055725,1
514,538,0.3466441035270691,1
571,1001,0.19116948544979095,1
1507,580,0.0,0
1037,527,0.0,0
209,581,0.22196397185325623,1
952,1560,0.17155992984771729,1
611,1272,0.0,0
572,2018,0.40457677841186523,1
1635,958,0.0,0
132,1356,0.4695010483264923,1
1152,407,0.017798172309994698,0
291,723,0.24374738335609436,1
98,413,0.3541281521320343,1
621,819,0.31717848777770996,1
1441,946,0.0,0
1069,1226,0.3732222020626068,1
129,1712,0.0,0
58,1622,0.0,0
364,477,0.0,0
514,636,0.22666078805923462,1
144,214,0.45658740401268005,1
1230,2060,0.0,0
934,608,0.0,0
704,1034,0.30409908294677734,1
306,1099,0.23243412375450134,1
1089,1103,0.18971820175647736,1
690,1355,0.019620180130004883,0
348,504,0.21326486766338348,1
409,1979,0.23896628618240356,1
1091,1334,0.0,0
523,1024,0.0,0
240,620,0.3135274052619934,1
1017,1809,0.0,0
1121,698,0.008964144624769688,0
1369,1898,0.24529793858528137,1
46,413,0.2941424548625946,1
1575,612,0.0,0
433,1619,0.12585489451885223,1
195,1021,0.2763935625553131,1
1634,1312,0.0,0
486,1034,0.18195907771587372,1
1263,2068,0.12817330658435822,1
1490,302,0.0,0
503,1790,0.14358298480510712,1
136,1069,0.3759292960166931,1
1926,1055,0.0,0
829,549,0.0,0
1497,979,0.0,0
1293,1100,0.0,0
1346,1064,0.0,0
647,823,0.0,0
709,1174,0.33478447794914246,1
233,2018,0.314584881067276,1
1434,1453,0.30832937359809875,1
1182,1769,0.0,0
726,1826,0.016557225957512856,0
108,546,0.14511199295520782,1
1489,1895,0.2636476457118988,1
385,1457,0.5378419756889343,1
2095,3,0.0,0
1358,1123,0.016522536054253578,0
2096,105,0.018450764939188957,0
94,1258,0.1114814355969429,1
311,1777,0.0,0
507,1161,0.0,0
106,212,0.0,0
212,1041,0.15805372595787048,1
377,469,0.1808362454175949,1
1527,1832,0.1658647358417511,1
736,1502,0.0,0
1962,1192,0.01966884545981884,0
310,1820,0.42510563135147095,1
757,1453,0.3934043347835541,1
128,714,0.10488948971033096,1
472,1253,0.38547754287719727,1
728,601,0.0,0
340,795,0.3704726994037628,1
1364,1474,0.0,0
398,864,0.26232093572616577,1
1033,1106,0.4014725983142853,1
1790,932,0.01893257349729538,0
1254,1078,0.0,0
224,1210,0.4007706940174103,1
399,419,0.1840088665485382,1
778,1628,0.40024301409721375,1
103,1163,0.37200528383255005,1
65,515,0.0,0
777,1853,0.0,0
353,691,0.3492485582828522,1
545,1465,0.2743981182575226,1
37,1743,0.0,0
1881,279,0.017268769443035126,0
1869,1030,0.01910523511469364,0
498,2000,0.22918295860290527,1
58,1053,0.3490106463432312,1
514,930,0.268816202878952,1
95,701,0.4814267158508301,1
129,2061,0.28432053327560425,1
1696,1440,0.0,0
80,582,0.2906974256038666,1
684,1780,0.6211338639259338,1
419,1179,0.2139047235250473,1
1572,2087,0.5064189434051514,1
646,1272,0.38882535696029663,1
177,1879,0.23013027012348175,1
804,1266,0.0,0
187,686,0.2091737538576126,1
1495,1004,0.0,0
1209,2048,0.01692652888596058,0
1952,1769,0.015422592870891094,0
723,1102,0.21065393090248108,1
99,1882,0.0,0
798,117,0.0,0
2020,212,0.0,0
421,1310,0.19318319857120514,1
1604,2088,0.015008332207798958,0
240,1753,0.42683011293411255,1
270,2027,0.0,0
1054,143,0.0,0
578,484,0.01630963385105133,0
544,1816,0.0,0
210,577,0.2369050830602646,1
873,2020,0.14903655648231506,1
212,1476,0.0,0
129,1478,0.3394820988178253,1
1423,1655,0.0,0
791,1499,0.0,0
44,116,0.01625422015786171,0
709,790,0.0,0
1072,1106,0.38420259952545166,1
1247,1965,0.37807708978652954,1
1247,1851,0.47839468717575073,1
538,1628,0.5664480328559875,1
1332,1659,0.23886677622795105,1
292,1402,0.3419930934906006,1
266,1998,0.14664697647094727,1
9,966,0.0,0
837,1801,0.1224302276968956,1
1001,1198,0.2108965367078781,1
1555,101,0.0,0
513,1199,0.0,0
252,1145,0.46044474840164185,1
850,1213,0.11520848423242569,1
1084,118,0.0,0
258,899,0.0,0
1499,2084,0.0,0
419,183,0.0182170569896698,0
227,836,0.2908909022808075,1
518,1856,0.24529831111431122,1
236,1453,0.27865540981292725,1
415,851,0.507792592048645,1
1818,155,0.0,0
1375,1808,0.0,0
595,715,0.3650677800178528,1
479,553,0.27527639269828796,1
374,959,0.10335353016853333,1
863,1741,0.23696400225162506,1
380,503,0.3638942241668701,1
842,1382,0.32952186465263367,1
1719,1405,0.0,0
788,1950,0.018537241965532303,0
322,1694,0.12654361128807068,1
1671,1792,0.24355728924274445,1
641,1037,0.0,0
306,1255,0.1058652326464653,1
136,1263,0.34595638513565063,1
145,28,0.0,0
461,546,0.018688611686229706,0
277,1984,0.0,0
1115,991,0.0,0
1937,1581,0.017780158668756485,0
1058,1568,0.3829285502433777,1
1244,1258,0.11604616045951843,1
399,1636,0.3073611259460449,1
847,2039,0.0,0
46,355,0.2693180441856384,1
2044,2079,0.0,0
727,1499,0.0,0
553,1116,0.01442584116011858,0
1632,1753,0.32417914271354675,1
593,930,0.275100439786911,1
1742,1856,0.2090097963809967,1
1894,1430,0.0,0
624,1697,0.018375741317868233,0
593,1725,0.21141944825649261,1
1897,1683,0.016653407365083694,0
1332,1904,0.0,0
1621,89,0.0,0
703,1196,0.0,0
1145,1343,0.017073284834623337,0
256,1275,0.0,0
1056,1758,0.0,0
1181,1697,0.0,0
372,1990,0.0,0
1134,637,0.01085539162158966,0
175,895,0.0,0
1007,905,0.01565885730087757,0
311,1950,0.1467200070619583,1
266,321,0.0,0
1455,1471,0.3505636751651764,1
1803,1981,0.0,0
109,1702,0.14665363729000092,1
1253,1332,0.3474193513393402,1
2005,1411,0.0,0
110,911,0.24122631549835205,1
108,1079,0.0,0
117,2014,0.39359185099601746,1
927,428,0.0,0
1023,1453,0.420371413230896,1
536,1258,0.0,0
1820,2004,0.21864697337150574,1
754,1104,0.0,0
302,1350,0.0,0
1671,61,0.0,0
1058,1143,0.13364990055561066,1
292,1342,0.19550330936908722,1
232,451,0.19673201441764832,1
64,1761,0.21533343195915222,1
1089,348,0.0,0
1800,1197,0.0,0
659,1184,0.17665249109268188,1
232,636,0.37946438789367676,1
531,1491,0.13942179083824158,1
1650,447,0.0185169018805027,0
545,790,0.168038472533226,1
663,1273,0.018388906493782997,0
247,1759,0.0,0
1955,122,0.0,0
1858,1769,0.0,0
116,12,0.0,0
550,871,0.1652095466852188,1
1437,1010,0.0,0
1787,2096,0.3827544152736664,1
302,1462,0.31610018014907837,1
162,571,0.15597212314605713,1
46,248,0.4597971439361572,1
264,275,0.19665415585041046,1
81,1016,0.0,0
808,1560,0.20555511116981506,1
114,877,0.12235010415315628,1
1385,1915,0.0150281498208642,0
1110,1327,0.0,0
1457,1664,0.16216322779655457,1
726,1934,0.17777356505393982,1
298,1623,0.018944283947348595,0
1299,860,0.01617906056344509,0
1981,1248,0.0,0
1442,615,0.0,0
46,47,0.44650229811668396,1
1907,1130,0.016823627054691315,0
1689,87,0.0,0
331,335,0.12603963911533356,1
936,898,0.0,0
1494,1623,0.0,0
804,1822,0.0,0
260,701,0.1176319569349289,1
55,464,0.016936175525188446,0
828,1488,0.11541341990232468,1
1183,182,0.0,0
752,1768,0.0,0
207,1690,0.12050805240869522,1
40,278,0.0,0
788,1210,0.21746931970119476,1
428,1541,0.31675440073013306,1
545,975,0.3894047141075134,1
2055,1980,0.0,0
749,1097,0.21033169329166412,1
236,1248,0.21199125051498413,1
1136,2021,0.3968115746974945,1
49,238,0.0,0
858,1747,0.017572853714227676,0
561,617,0.2230999618768692,1
1046,1136,0.43480902910232544,1
421,1301,0.4281981289386749,1
376,510,0.0,0
283,1690,0.0,0
1271,1962,0.0,0
929,1431,0.0,0
788,1191,0.14119726419448853,1
390,148,0.0,0
1535,2072,0.165931835770607,1
875,1531,0.0,0
124,1835,0.241664856672287,1
1766,1898,0.3288387954235077,1
46,1568,0.42764928936958313,1
1447,1568,0.32928022742271423,1
826,270,0.0,0
188,1486,0.0,0
457,440,0.0,0
1677,2056,0.0,0
1389,1522,0.27802401781082153,1
1648,1820,0.41462212800979614,1
1145,1198,0.3441643714904785,1
385,1046,0.43213146924972534,1
302,1289,0.0,0
1425,2020,0.1925034523010254,1
196,1209,0.1152527704834938,1
981,547,0.018815601244568825,0
1144,577,0.0,0
848,1500,0.0,0
1272,1757,0.2594396471977234,1
1507,675,0.0,0
671,930,0.17290757596492767,1
231,1813,0.4170995056629181,1
805,928,0.19545775651931763,1
8,1813,0.2984425127506256,1
142,1148,0.10988245904445648,1
484,1747,0.018259864300489426,0
1599,527,0.0,0
834,1518,0.0,0
136,1058,0.2860086262226105,1
527,815,0.21239811182022095,1
143,317,0.16953910887241364,1
380,1600,0.3211158215999603,1
696,1554,0.17638269066810608,1
1374,1807,0.0,0
298,1597,0.10256370157003403,1
916,1072,0.3170214295387268,1
1323,1121,0.0,0
530,1270,0.0,0
1741,40,0.0,0
170,307,0.0,0
469,1841,0.018101830035448074,0
306,1868,0.010140510275959969,0
356,864,0.017625898122787476,0
691,1632,0.13893260061740875,1
680,85,0.0,0
1898,208,0.0,0
987,173,0.0,0
417,1895,0.45739448070526123,1
1696,1476,0.0,0
1101,353,0.0,0
1461,566,0.0,0
1729,965,0.0,0
39,769,0.0,0
183,1498,0.20211727917194366,1
210,1343,0.15289241075515747,1
778,1215,0.16245760023593903,1
1682,672,0.0,0
1249,689,0.0,0
684,1356,0.5792162418365479,1
1774,81,0.0,0
1474,2006,0.1412360817193985,1
211,1777,0.10010764747858047,1
604,1976,0.0,0
1810,1779,0.0,0
749,1023,0.4403337836265564,1
195,1695,0.2279796153306961,1
1224,155,0.0,0
778,1555,0.4086090624332428,1
1126,1755,0.0,0
1063,486,0.0,0
1869,2037,0.2354617863893509,1
2087,837,0.0,0
1703,1990,0.0,0
1418,2004,0.15790507197380066,1
2090,249,0.0,0
1637,645,0.0,0
1061,1364,0.14145606756210327,1
1173,1514,0.2231510877609253,1
957,1407,0.0,0
569,1008,0.017321890220046043,0
1778,400,0.015012537129223347,0
650,208,0.0,0
46,109,0.0,0
807,1706,0.10023520886898041,1
475,1597,0.1857711225748062,1
136,2099,0.0,0
211,1343,0.14080679416656494,1
1879,732,0.0,0
68,1179,0.2924095094203949,1
1131,943,0.01984878070652485,0
1862,355,0.0,0
46,1304,0.45895272493362427,1
1037,350,0.0,0
244,265,0.01889447122812271,0
581,1505,0.0,0
195,1824,0.29675790667533875,1
1238,1038,0.018309878185391426,0
1663,1259,0.01847258396446705,0
437,1356,0.3031517565250397,1
1332,1808,0.41088154911994934,1
1057,2033,0.2815389335155487,1
298,1302,0.18431098759174347,1
404,1539,0.01920003816485405,0
431,1170,0.1506195217370987,1
717,337,0.0,0
1722,1908,0.39417946338653564,1
255,139,0.0,0
1179,1189,0.25887763500213623,1
115,769,0.0,0
11,25,0.3715606927871704,1
1245,434,0.0,0
1595,1627,0.3410775661468506,1
310,690,0.37749406695365906,1
910,784,0.0,0
413,1429,0.3097844123840332,1
54,1308,0.4338236451148987,1
669,1664,0.1435515433549881,1
442,382,0.0,0
385,531,0.47285574674606323,1
70,1819,0.0,0
1644,933,0.0,0
1153,1335,0.0,0
405,1659,0.21252989768981934,1
906,1478,0.14567959308624268,1
1704,3,0.0,0
313,950,0.2175547182559967,1
704,1897,0.29530957341194153,1
82,1018,0.015779169276356697,0
106,1653,0.0,0
2067,1770,0.0,0
212,1543,0.11812357604503632,1
679,851,0.3752043545246124,1
336,938,0.01684362068772316,0
1582,1669,0.0,0
383,385,0.22732242941856384,1
1780,2061,0.3686676025390625,1
2034,1347,0.0,0
1080,1851,0.46936464309692383,1
417,1557,0.0,0
815,852,0.41194799542427063,1
667,809,0.5263379216194153,1
572,1033,0.3901804983615875,1
340,612,0.2012300342321396,1
1606,2038,0.47968441247940063,1
53,231,0.43202412128448486,1
455,2003,0.16691741347312927,1
1976,881,0.0,0
804,851,0.3035665452480316,1
236,1017,0.28978410363197327,1
1150,296,0.013326732441782951,0
745,327,0.0,0
966,1627,0.0,0
933,1911,0.2353358417749405,1
1004,350,0.0,0
390,1413,0.5322700142860413,1
538,1895,0.3815220296382904,1
2071,1271,0.0,0
58,1628,0.34635889530181885,1
229,232,0.23703771829605103,1
1014,2058,0.2231551706790924,1
207,1813,0.13090261816978455,1
476,1930,0.0,0
16,1567,0.10118009895086288,1
993,898,0.0,0
498,1137,0.3818420469760895,1
1339,1832,0.3271937370300293,1
558,732,0.17011910676956177,1
372,1371,0.0,0
1136,1895,0.1906387358903885,1
355,638,0.24366332590579987,1
1807,259,0.00937618874013424,0
768,1977,0.0,0
1225,1454,0.31624636054039,1
99,1319,0.2183137685060501,1
253,966,0.3339615762233734,1
101,1519,0.19770653545856476,1
1008,1580,0.0,0
1509,1912,0.01916544698178768,0
1995,117,0.015918508172035217,0
801,1623,0.0,0
1139,1956,0.1483890414237976,1
152,463,0.0,0
1628,1742,0.41184207797050476,1
1137,1407,0.0,0
1113,738,0.0,0
439,1969,0.29724717140197754,1
76,1706,0.12164270132780075,1
563,1995,0.017400067299604416,0
1724,495,0.0,0
455,1229,0.0,0
159,225,0.0,0
611,2003,0.11105421930551529,1
497,1522,0.0,0
1785,79,0.011608799919486046,0
1807,1398,0.0,0
230,804,0.2993832230567932,1
112,967,0.0,0
470,1253,0.46626028418540955,1
951,1187,0.0,0
1445,2088,0.19336959719657898,1
451,1453,0.5198666453361511,1
179,227,0.2800600230693817,1
855,1087,0.2376989871263504,1
646,701,0.39418283104896545,1
1018,1758,0.0,0
236,1113,0.28055915236473083,1
1094,1746,0.26762092113494873,1
490,1075,0.21008600294589996,1
730,863,0.15590302646160126,1
1132,1429,0.49091047048568726,1
1355,1283,0.01716466434299946,0
1360,1455,0.0,0
25,1027,0.3165276050567627,1
888,938,0.11745480448007584,1
1023,1869,0.19203300774097443,1
378,696,0.3745812773704529,1
538,1451,0.4012961983680725,1
749,1851,0.3715664744377136,1
1374,951,0.018837546929717064,0
663,1696,0.0,0
651,2029,0.0,0
372,1281,0.20466160774230957,1
7,2037,0.41821280121803284,1
504,1225,0.0,0
2044,1549,0.01917407102882862,0
91,1222,0.0,0
179,2059,0.3812802731990814,1
1815,493,0.0038744027260690928,0
859,1173,0.12062553316354752,1
1862,1207,0.0,0
1860,1694,0.0,0
571,463,0.0,0
2029,823,0.0,0
47,1687,0.36398282647132874,1
779,1397,0.0,0
1185,1975,0.019689586013555527,0
1976,1710,0.0,0
2079,1094,0.0,0
1665,54,0.0,0
1445,1532,0.28814250230789185,1
526,617,0.0,0
828,1521,0.0,0
2029,721,0.015534264035522938,0
951,2,0.0,0
903,1742,0.0,0
226,1725,0.30092671513557434,1
142,683,0.18420056998729706,1
978,975,0.0,0
150,702,0.38211169838905334,1
1479,916,0.0,0
1075,1102,0.1582682579755783,1
2094,1424,0.018301818519830704,0
1184,1301,0.29369357228279114,1
671,689,0.24862870573997498,1
963,1856,0.11621493101119995,1
392,1601,0.0,0
78,105,0.2265765219926834,1
1971,527,0.0,0
355,882,0.1836840808391571,1
1994,1819,0.015773747116327286,0
232,419,0.38531970977783203,1
966,1233,0.20059283077716827,1
981,286,0.0,0
709,244,0.0,0
1197,767,0.0,0
286,421,0.5556526780128479,1
1226,1263,0.2670118510723114,1
550,1671,0.27614596486091614,1
30,501,0.29535695910453796,1
515,529,0.0,0
234,822,0.2649931013584137,1
1090,501,0.0,0
502,518,0.3869776725769043,1
606,925,0.18867048621177673,1
545,717,0.13977321982383728,1
476,1807,0.010320765897631645,0
329,405,0.2917051613330841,1
116,1620,0.018090318888425827,0
105,1801,0.23330983519554138,1
741,576,0.019722245633602142,0
301,1597,0.10907907783985138,1
1088,596,0.0,0
1068,858,0.0,0
271,1811,0.3850994408130646,1
1568,97,0.0,0
187,596,0.20267435908317566,1
1427,1791,0.0,0
772,989,0.0,0
1988,374,0.0,0
320,1721,0.0,0
1339,2038,0.21641510725021362,1
1809,484,0.0,0
1128,798,0.0,0
190,1665,0.0,0
371,1798,0.1338367760181427,1
534,852,0.3142434358596802,1
521,37,0.0,0
1358,847,0.019418299198150635,0
765,487,0.0,0
884,1457,0.48171013593673706,1
2091,226,0.018706148490309715,0
120,1851,0.3187001645565033,1
607,2100,0.2891876697540283,1
146,749,0.4779570698738098,1
1197,1365,0.35140785574913025,1
739,1539,0.0,0
830,1690,0.19475747644901276,1
84,350,0.0,0
1968,1307,0.0,0
1437,1515,0.1132502630352974,1
536,553,0.21625085175037384,1
1587,1179,0.018550660461187363,0
1017,1053,0.3385780155658722,1
329,1690,0.3006499409675598,1
1348,1089,0.0,0
1986,2042,0.13249050080776215,1
539,845,0.0,0
679,825,0.0,0
1033,1722,0.429238885641098,1
1543,638,0.0,0
1950,800,0.01700511761009693,0
1483,1665,0.017584428191184998,0
531,264,0.016785653308033943,0
1731,433,0.0,0
963,1869,0.13195616006851196,1
46,419,0.29346999526023865,1
794,399,0.0,0
665,995,0.0,0
553,749,0.196865051984787,1
481,1247,0.28440573811531067,1
702,1027,0.4047297239303589,1
654,885,0.0,0
302,14,0.0,0
1315,516,0.0,0
1318,915,0.0,0
1205,779,0.0,0
700,791,0.0,0
680,1965,0.181888610124588,1
602,1928,0.0,0
1023,2059,0.3990606963634491,1
271,2004,0.16171446442604065,1
410,1362,0.0,0
1896,1150,0.0,0
257,515,0.0,0
1618,533,0.0,0
1423,2068,0.10507851094007492,1
1017,1616,0.2909409999847412,1
240,447,0.0,0
1304,2038,0.31442996859550476,1
451,1828,0.3123357892036438,1
1189,1856,0.23441292345523834,1
1090,1691,0.0,0
1346,1565,0.0,0
976,898,0.0,0
1667,1608,0.01533742155879736,0
413,1253,0.30396562814712524,1
1930,129,0.0,0
425,1560,0.271884024143219,1
1401,1286,0.0,0
1080,1304,0.3590433597564697,1
142,1125,0.15386666357517242,1
1497,1988,0.0,0
1130,1498,0.11923160403966904,1
911,1628,0.38138124346733093,1
1685,341,0.0,0
815,725,0.0,0
487,2081,0.0,0
248,691,0.25239625573158264,1
195,297,0.15372680127620697,1
615,1120,0.0,0
589,646,0.4843451976776123,1
236,1491,0.15051132440567017,1
1092,2080,0.0,0
1090,1233,0.0,0
759,806,0.11634901165962219,1
1134,359,0.0,0
815,1725,0.37215110659599304,1
248,2059,0.402605801820755,1
489,439,0.0,0
326,1873,0.5309337377548218,1
1275,219,0.01839674636721611,0
1386,1574,0.0,0
547,1072,0.0,0
100,1258,0.14004649221897125,1
1212,456,0.01793566904962063,0
897,1556,0.1851658970117569,1
271,113,0.0,0
716,1576,0.019336888566613197,0
413,590,0.23993153870105743,1
501,1827,0.0,0
425,864,0.10702068358659744,1
1562,1606,0.15241596102714539,1
890,1284,0.019828196614980698,0
930,1880,0.3576897084712982,1
797,1776,0.4079422056674957,1
451,1895,0.2896937131881714,1
673,1118,0.0,0
1189,113,0.016439538449048996,0
895,357,0.0,0
33,496,0.1357344090938568,1
52,1233,0.0,0
1793,2091,0.5271201729774475,1
16,2068,0.13289867341518402,1
1276,141,0.01951814815402031,0
298,1424,0.10735487937927246,1
231,1432,0.0,0
252,1478,0.39202815294265747,1
101,1267,0.24577248096466064,1
1706,1752,0.10582590848207474,1
418,1357,0.0,0
328,770,0.13451002538204193,1
1873,1286,0.0,0
1056,372,0.015831124037504196,0
1725,1181,0.0,0
418,676,0.0,0
310,1965,0.2314794361591339,1
1971,1187,0.0,0
395,1941,0.0,0
632,33,0.0,0
339,621,0.3552178740501404,1
382,72,0.0,0
1150,1572,0.10670923441648483,1
1018,482,0.0,0
107,1536,0.25382497906684875,1
1615,579,0.0,0
226,435,0.0,0
400,671,0.13698440790176392,1
728,425,0.0,0
2001,64,0.0,0
1678,442,0.0,0
1650,1465,0.0,0
1914,1072,0.0,0
399,589,0.3488612473011017,1
383,1339,0.28040820360183716,1
1365,2018,0.5261763334274292,1
332,869,0.0,0
881,568,0.01544206589460373,0
92,773,0.018388625234365463,0
692,457,0.0,0
1866,1890,0.0171650480479002,0
1263,1567,0.13287928700447083,1
426,460,0.16795840859413147,1
1720,702,0.0,0
693,1676,0.0,0
1187,455,0.0,0
149,1664,0.18688876926898956,1
15,1498,0.13647374510765076,1
116,1775,0.0,0
562,337,0.0,0
1955,45,0.0,0
926,57,0.0,0
437,809,0.18983113765716553,1
1184,509,0.009273857809603214,0
612,1600,0.2739582657814026,1
609,1102,0.18738888204097748,1
1707,65,0.0,0
224,1003,0.17233483493328094,1
874,1301,0.01832415908575058,0
852,2088,0.15741311013698578,1
1443,1623,0.0,0
498,1533,0.3866264522075653,1
1259,1211,0.0,0
1912,200,0.0167305376380682,0
231,646,0.43801432847976685,1
296,1473,0.0,0
520,1514,0.1543753296136856,1
337,715,0.14567138254642487,1
646,1515,0.21128882467746735,1
80,1046,0.0,0
1342,574,0.013532321900129318,0
1630,1815,0.01904674805700779,0
1291,2024,0.0,0
644,2065,0.0,0
691,852,0.30282533168792725,1
757,1300,0.32178637385368347,1
837,1278,0.0,0
851,1600,0.36936214566230774,1
1470,1992,0.19773954153060913,1
541,89,0.0,0
335,1600,0.22593986988067627,1
123,154,0.0,0
1453,843,0.0,0
275,1542,0.1409229040145874,1
217,708,0.11363805085420609,1
264,452,0.2265375405550003,1
84,2071,0.0,0
214,1080,0.37079891562461853,1
232,1838,0.16141164302825928,1
344,1661,0.0,0
864,933,0.21040049195289612,1
1277,1804,0.31981712579727173,1
1958,1046,0.0,0
1757,890,0.0,0
145,759,0.16390077769756317,1
252,1909,0.2977941930294037,1
253,589,0.3115963935852051,1
278,851,0.38783904910087585,1
292,1009,0.0,0
749,1455,0.3997933566570282,1
864,917,0.2307284027338028,1
2072,1181,0.0,0
1474,170,0.0,0
73,1010,0.18737784028053284,1
277,562,0.0,0
311,1749,0.01714181713759899,0
150,732,0.23478156328201294,1
258,1266,0.0,0
182,1258,0.0,0
1513,1704,0.0,0
691,713,0.2513478696346283,1
232,1135,0.313224196434021,1
612,646,0.16739723086357117,1
1060,356,0.0,0
51,1385,0.0,0
1494,980,0.0,0
1445,547,0.0,0
2006,2099,0.11935243755578995,1
46,226,0.5849205851554871,1
431,1420,0.11795482039451599,1
667,985,0.4864348769187927,1
782,290,0.0,0
667,1873,0.4337668716907501,1
655,238,0.0,0
410,2027,0.16623635590076447,1
179,1135,0.40011245012283325,1
1858,1363,0.0,0
769,911,0.0,0
65,1613,0.2890763580799103,1
231,1023,0.38115599751472473,1
1307,614,0.0,0
339,538,0.5595006942749023,1
851,1532,0.36120539903640747,1
112,386,0.0,0
180,1907,0.0,0
1860,440,0.0,0
120,593,0.2203376740217209,1
1011,1664,0.1609279364347458,1
1191,1245,0.017690226435661316,0
214,1014,0.2165929079055786,1
930,1369,0.35471704602241516,1
206,1862,0.14872822165489197,1
666,302,0.016139667481184006,0
548,1952,0.0,0
278,638,0.47067806124687195,1
996,914,0.0,0
1198,1478,0.4715433716773987,1
127,1368,0.11719952523708344,1
1134,1173,0.012944655492901802,0
1574,1934,0.0,0
405,1611,0.0,0
371,971,0.012610547244548798,0
132,2020,0.16292716562747955,1
46,371,0.0,0
1540,1646,0.17396029829978943,1
730,1319,0.15810540318489075,1
940,841,0.0,0
336,1554,0.0,0
852,1150,0.14635689556598663,1
1136,745,0.0,0
58,1247,0.4898882508277893,1
70,683,0.0,0
478,1697,0.017080310732126236,0
1997,1069,0.013144366443157196,0
553,234,0.0,0
1632,1880,0.21218906342983246,1
1855,1525,0.0,0
941,1001,0.11084681749343872,1
434,1881,0.0,0
1731,1089,0.0,0
298,1994,0.11019466072320938,1
1581,143,0.0,0
975,1666,0.1453787237405777,1
179,1851,0.276567280292511,1
425,316,0.0,0
212,1267,0.11459045112133026,1
1470,2037,0.0,0
615,531,0.0,0
111,481,0.0,0
1961,1885,0.0,0
602,1213,0.0,0
1666,2020,0.12139992415904999,1
1343,1653,0.14099575579166412,1
1944,998,0.0,0
935,1872,0.0,0
686,1777,0.13911668956279755,1
1720,377,0.0,0
1164,1653,0.1162663921713829,1
519,752,0.0,0
60,1513,0.0,0
575,1163,0.3139675557613373,1
514,1766,0.34656599164009094,1
450,1671,0.1254337728023529,1
1923,1957,0.0,0
220,1166,0.0,0
133,146,0.4762484133243561,1
1088,444,0.0,0
1135,1659,0.37726718187332153,1
1276,1979,0.0,0
741,818,0.34220829606056213,1
1309,337,0.0,0
660,878,0.0,0
1205,1519,0.0,0
207,1572,0.1436925083398819,1
179,680,0.33879998326301575,1
352,1820,0.3959328830242157,1
120,148,0.0,0
16,541,0.0,0
1199,1605,0.0,0
478,1838,0.0,0
187,1958,0.15966583788394928,1
99,446,0.2322438657283783,1
890,1443,0.38125959038734436,1
1113,1256,0.0,0
636,1027,0.27339625358581543,1
951,1076,0.0,0
1334,1616,0.0,0
87,621,0.18402506411075592,1
133,1395,0.0,0
129,1659,0.28153398633003235,1
363,760,0.12324259430170059,1
864,1636,0.15554717183113098,1
1833,1603,0.0,0
186,1794,0.016293175518512726,0
421,1120,0.511566698551178,1
364,1425,0.0,0
163,1166,0.0,0
617,1475,0.2730691134929657,1
910,1702,0.0,0
730,1247,0.34744691848754883,1
1183,1275,0.0,0
705,1074,0.0,0
1892,2095,0.0,0
1037,10,0.0,0
497,847,0.15074899792671204,1
826,911,0.16452756524085999,1
146,1445,0.3549155294895172,1
788,831,0.11682813614606857,1
747,137,0.0,0
534,538,0.43303585052490234,1
1001,1106,0.37838754057884216,1
475,1741,0.1274031549692154,1
1017,1253,0.41793757677078247,1
492,1007,0.0,0
1178,1204,0.0,0
217,318,0.0,0
747,1139,0.0,0
816,1757,0.32995525002479553,1
575,1653,0.16379420459270477,1
1410,1568,0.25962960720062256,1
899,1827,0.0,0
671,924,0.01465181540697813,0
66,487,0.0,0
716,1153,0.01866110973060131,0
1536,1986,0.2801015377044678,1
217,2011,0.016339726746082306,0
1941,1232,0.0,0
176,1299,0.0,0
231,1628,0.46209585666656494,1
1484,561,0.0,0
251,1079,0.018388140946626663,0
400,527,0.3716813027858734,1
498,1557,0.0,0
437,514,0.2144003063440323,1
1242,227,0.0,0
887,999,0.17139071226119995,1
882,1411,0.0,0
1210,2014,0.4013066589832306,1
1174,1074,0.0,0
426,181,0.0,0
1755,638,0.0,0
601,1462,0.0,0
607,1157,0.0,0
365,77,0.0,0
158,1821,0.17391684651374817,1
619,851,0.018341096118092537,0
527,1300,0.33854010701179504,1
36,488,0.0,0
795,1457,0.33896297216415405,1
179,258,0.31173259019851685,1
1493,1758,0.0,0
1848,1215,0.0,0
1515,2087,0.2769763469696045,1
674,1445,0.18323279917240143,1
298,1962,0.018529031425714493,0
1357,1405,0.0,0
996,1155,0.0,0
1572,1869,0.1968448907136917,1
1557,499,0.0,0
1147,1016,0.018395179882645607,0
926,623,0.0,0
298,1339,0.12788082659244537,1
621,852,0.36767542362213135,1
1356,1757,0.25399070978164673,1
283,1211,0.0,0
1638,742,0.0,0
569,1594,0.01615951582789421,0
1283,1834,0.3736754357814789,1
839,689,0.012248078361153603,0
22,80,0.25671467185020447,1
1804,2084,0.27913206815719604,1
414,1568,0.3790344297885895,1
1069,1821,0.2942178249359131,1
808,1600,0.3324218690395355,1
236,621,0.2943623661994934,1
227,589,0.27410587668418884,1
1956,1093,0.0,0
985,1813,0.3233996033668518,1
686,1340,0.017466021701693535,0
1771,1976,0.0,0
1123,638,0.0,0
674,697,0.0,0
514,1005,0.0,0
1398,450,0.0,0
1627,299,0.0,0
636,1278,0.13000142574310303,1
1092,668,0.01795852743089199,0
329,1600,0.27073144912719727,1
930,1253,0.3870861828327179,1
4,124,0.2109212428331375,1
1318,845,0.0,0
26,1294,0.0,0
1244,526,0.0,0
703,715,0.0,0
2041,2052,0.018054615706205368,0
267,1138,0.0,0
723,910,0.34897756576538086,1
1469,1760,0.11098721623420715,1
1356,1780,0.5915525555610657,1
863,920,0.01953892968595028,0
812,262,0.017755188047885895,0
1337,921,0.0,0
377,1591,0.017396174371242523,0
155,1228,0.018465092405676842,0
145,1445,0.111454539000988,1
1697,1954,0.013438663445413113,0
527,1445,0.26989251375198364,1
728,1898,0.0,0
1205,30,0.0,0
732,1722,0.3103383779525757,1
347,1470,0.0,0
1390,2037,0.0,0
1010,273,0.0,0
354,912,0.0,0
46,609,0.26626473665237427,1
390,795,0.465707927942276,1
1839,2068,0.0,0
83,1667,0.01842253841459751,0
1224,106,0.0,0
176,400,0.0,0
965,1300,0.5648028254508972,1
2,1585,0.1915186196565628,1
1369,990,0.0,0
572,1811,0.299241840839386,1
929,54,0.0,0
1975,1357,0.0,0
188,343,0.20945976674556732,1
1863,15,0.0,0
874,247,0.0,0
691,1838,0.10938595235347748,1
1442,911,0.0,0
1835,97,0.013875172473490238,0
207,339,0.16125595569610596,1
767,1653,0.1292015165090561,1
2036,1703,0.0,0
513,1429,0.0,0
383,415,0.1443769782781601,1
348,1179,0.14543746411800385,1
1752,848,0.0,0
230,2061,0.19411301612854004,1
493,499,0.19967396557331085,1
1627,1889,0.46340030431747437,1
1092,176,0.0,0
426,29,0.0,0
69,1889,0.0,0
1665,48,0.0,0
1271,391,0.0,0
632,1069,0.3418262302875519,1
1911,834,0.0,0
1202,1278,0.0,0
266,922,0.12883150577545166,1
1971,1143,0.0,0
136,1311,0.2923271358013153,1
179,1833,0.11303523182868958,1
53,274,0.0,0
1488,749,0.0,0
795,1869,0.22926481068134308,1
743,1925,0.0,0
54,545,0.15059633553028107,1
1072,2014,0.01756702922284603,0
1148,479,0.0,0
414,1001,0.24014697968959808,1
899,2041,0.2134578973054886,1
2081,1123,0.0,0
498,612,0.1614825278520584,1
1742,1991,0.0,0
1278,1300,0.2345510870218277,1
870,286,0.0,0
182,1318,0.017798352986574173,0
1058,1687,0.4224967956542969,1
1978,1766,0.0,0
335,1979,0.32765692472457886,1
218,208,0.016540100798010826,0
1300,2020,0.12827928364276886,1
1551,1963,0.0,0
2005,120,0.0,0
1666,552,0.0,0
691,1768,0.1809270828962326,1
1121,820,0.0,0
1064,1606,0.0,0
2006,1243,0.0,0
1641,1969,0.0,0
257,990,0.0,0
1771,1922,0.0,0
862,942,0.10247541964054108,1
1671,899,0.0,0
862,1332,0.23852646350860596,1
946,1682,0.2612345814704895,1
466,316,0.0,0
501,966,0.2935517430305481,1
846,1193,0.0,0
503,2087,0.39169788360595703,1
863,663,0.0,0
1198,1821,0.5698146820068359,1
400,826,0.27015718817710876,1
1484,1962,0.0,0
400,1965,0.2836633324623108,1
187,1210,0.3117713928222656,1
1936,1852,0.01447293907403946,0
771,1736,0.0,0
472,717,0.3093838095664978,1
456,1675,0.0,0
541,1792,0.42685920000076294,1
584,854,0.0,0
996,2004,0.0,0
1686,1832,0.15188394486904144,1
534,826,0.1699363738298416,1
1122,623,0.0,0
129,1301,0.40992680191993713,1
1145,1369,0.5272811651229858,1
1515,1663,0.2826409935951233,1
713,1934,0.0,0
398,1628,0.0,0
1489,2088,0.11439675837755203,1
226,1895,0.3795044720172882,1
1408,1534,0.0,0
1752,1204,0.018554430454969406,0
611,1322,0.0,0
89,723,0.18992765247821808,1
609,749,0.34630754590034485,1
1356,1616,0.311493456363678,1
500,1204,0.15561263263225555,1
179,1198,0.36978110671043396,1
141,1210,0.3088560998439789,1
593,1476,0.31576016545295715,1
4,211,0.21971286833286285,1
851,1379,0.4375964105129242,1
236,355,0.24371525645256042,1
465,1087,0.15328478813171387,1
125,1702,0.12490814179182053,1
1247,1600,0.49801552295684814,1
346,1339,0.22257877886295319,1
46,1880,0.3269727826118469,1
934,1684,0.007664379198104143,0
459,482,0.0,0
1915,123,0.016759783029556274,0
715,1114,0.017077045515179634,0
271,667,0.4579070508480072,1
1380,1785,0.19069068133831024,1
1899,113,0.0,0
148,556,0.010176857002079487,0
1537,1355,0.0,0
795,1356,0.44529739022254944,1
679,1601,0.0,0
279,716,0.12437254935503006,1
683,1443,0.017668601125478745,0
186,369,0.011032740585505962,0
343,1249,0.11073055863380432,1
790,1283,0.5038653612136841,1
770,1856,0.1099507063627243,1
713,2021,0.36259302496910095,1
1993,1325,0.015688637271523476,0
1560,566,0.0,0
1339,2008,0.24304349720478058,1
558,660,0.10656770318746567,1
233,180,0.0,0
414,781,0.4263024926185608,1
1874,910,0.0,0
1053,1356,0.3884485960006714,1
1181,2088,0.0,0
1616,903,0.0,0
1110,140,0.017700698226690292,0
12,1346,0.14822222292423248,1
570,1034,0.24595414102077484,1
1869,2042,0.0,0
968,1366,0.017542067915201187,0
179,1753,0.34093910455703735,1
786,1479,0.11619554460048676,1
1622,1648,0.016155466437339783,0
158,1423,0.16852888464927673,1
966,1568,0.3218335509300232,1
30,487,0.2727581262588501,1
1357,793,0.0,0
142,1601,0.14179375767707825,1
1792,958,0.0,0
566,601,0.0,0
2069,1951,0.0,0
48,1033,0.28211379051208496,1
1261,1832,0.27636393904685974,1
1112,571,0.0,0
58,2078,0.012595267035067081,0
147,2044,0.0,0
1677,1759,0.18141555786132812,1
415,1447,0.3419376313686371,1
180,810,0.0,0
649,903,0.3448258638381958,1
808,830,0.24676409363746643,1
649,1914,0.0,0
1757,1766,0.2789417505264282,1
953,876,0.01967487670481205,0
1163,1514,0.2981932461261749,1
405,1757,0.24055449664592743,1
1972,1560,0.0,0
1456,1518,0.0,0
1490,1013,0.0,0
620,1363,0.1531602144241333,1
31,1213,0.1789141297340393,1
470,1014,0.21297681331634521,1
114,1195,0.0,0
656,1541,0.11681041121482849,1
1760,1952,0.01657784730195999,0
723,1042,0.3840112090110779,1
1383,703,0.0,0
594,242,0.0,0
1184,1600,0.44492006301879883,1
164,1646,0.01972530037164688,0
49,1102,0.12483980506658554,1
1630,1058,0.0,0
397,61,0.0,0
377,36,0.0,0
370,922,0.14234188199043274,1
53,120,0.24901290237903595,1
36,324,0.0,0
615,1207,0.0,0
405,1895,0.44761908054351807,1
1337,1597,0.21828711032867432,1
227,998,0.295696496963501,1
1098,1621,0.15875817835330963,1
1445,443,0.0,0
198,752,0.11194615811109543,1
214,2037,0.3186286389827728,1
815,1988,0.26890191435813904,1
204,410,0.019743800163269043,0
473,1607,0.17769770324230194,1
56,1219,0.018511874601244926,0
2014,936,0.0,0
147,545,0.19700509309768677,1
1987,1871,0.0,0
1830,1625,0.0,0
1027,2037,0.3646823465824127,1
46,1687,0.5390233993530273,1
162,1263,0.13300557434558868,1
708,1044,0.10047363489866257,1
356,1327,0.0,0
809,2018,0.27748173475265503,1
1180,1342,0.0,0
1132,996,0.0,0
378,444,0.0,0
333,1102,0.1569255292415619,1
513,1076,0.0,0
31,1653,0.289585679769516,1
950,1422,0.0,0
46,1148,0.018592046573758125,0
41,84,0.22326569259166718,1
1706,834,0.0,0
1852,2007,0.017680421471595764,0
302,1979,0.303032785654068,1
196,374,0.15100781619548798,1
425,884,0.496713250875473,1
1380,2008,0.17193026840686798,1
136,1337,0.16186855733394623,1
471,1554,0.3171446919441223,1
248,1457,0.41476404666900635,1
816,1895,0.47117552161216736,1
1471,1600,0.35976389050483704,1
936,730,0.0,0
1577,1856,0.16554275155067444,1
1265,580,0.0,0
159,10,0.0,0
164,589,0.0,0
23,827,0.01672510802745819,0
129,1773,0.24956311285495758,1
730,1434,0.22908608615398407,1
145,1106,0.3677898943424225,1
1058,1811,0.23794031143188477,1
469,238,0.0,0
999,1414,0.14297248423099518,1
329,1517,0.27206671237945557,1
884,1379,0.2381000965833664,1
1892,575,0.01608777604997158,0
852,1053,0.323268324136734,1
1263,1564,0.3659800887107849,1
179,732,0.2926645278930664,1
712,189,0.018546035513281822,0
1188,1617,0.0,0
23,1258,0.16851216554641724,1
1912,1789,0.0,0
218,1653,0.15925942361354828,1
874,573,0.0,0
1074,1258,0.12913034856319427,1
56,478,0.18877065181732178,1
608,1364,0.019008489325642586,0
1163,1613,0.0,0
535,1834,0.009537683799862862,0
385,1283,0.5239147543907166,1
1451,1759,0.0,0
273,545,0.15831618010997772,1
1992,727,0.01983865164220333,0
699,456,0.014744322746992111,0
266,208,0.0,0
1160,1682,0.11339890956878662,1
1730,44,0.017269782721996307,0
1272,1365,0.4375891089439392,1
390,819,0.4132692217826843,1
1925,655,0.0,0
58,536,0.23851343989372253,1
133,569,0.3968889117240906,1
1663,1908,0.40331628918647766,1
1291,1254,0.0,0
191,499,0.27207717299461365,1
1061,1144,0.18441805243492126,1
1898,986,0.0,0
355,941,0.15067297220230103,1
1130,1153,0.13132546842098236,1
164,963,0.016896860674023628,0
959,1956,0.15272849798202515,1
1489,1848,0.0,0
136,942,0.1669788807630539,1
1890,566,0.017421739175915718,0
1058,1330,0.0,0
297,1946,0.019317729398608208,0
374,1209,0.2766296863555908,1
99,1595,0.18436051905155182,1
710,725,0.01816285215318203,0
1530,2042,0.1189468502998352,1
587,852,0.0,0
439,1433,0.0,0
1145,2061,0.2709265947341919,1
232,819,0.4256782531738281,1
231,1766,0.3872506618499756,1
281,1525,0.0,0
1640,618,0.0,0
157,1274,0.2524140477180481,1
14,227,0.0,0
921,1182,0.0,0
479,1447,0.3589728772640228,1
1629,1690,0.0,0
109,402,0.33714330196380615,1
1304,1636,0.2668956518173218,1
971,2042,0.12124530971050262,1
1037,978,0.0,0
852,1973,0.3165834844112396,1
1296,1697,0.01352470088750124,0
800,1214,0.17143000662326813,1
2017,747,0.0,0
332,1378,0.0,0
776,382,0.0,0
298,1757,0.0,0
355,1742,0.2854137122631073,1
225,1339,0.0,0
1991,258,0.0,0
453,1192,0.21232616901397705,1
541,976,0.016794804483652115,0
374,1115,0.4505886733531952,1
502,852,0.4587310552597046,1
1801,2006,0.12803760170936584,1
1217,1364,0.0,0
514,1851,0.3942459523677826,1
236,910,0.22869107127189636,1
1531,1484,0.0,0
1261,96,0.0,0
782,1875,0.019288698211312294,0
1827,60,0.0,0
615,1537,0.0,0
1006,1795,0.1548684537410736,1
302,425,0.34927842020988464,1
1611,1495,0.0,0
498,1659,0.20324131846427917,1
706,1018,0.2605362832546234,1
520,859,0.13878336548805237,1
390,1042,0.34056195616722107,1
1755,76,0.0,0
1501,1590,0.0,0
791,1996,0.0,0
1356,1515,0.1822861284017563,1
1272,2027,0.32800811529159546,1
1300,1821,0.4769400656223297,1
859,1496,0.12191572785377502,1
519,2031,0.0,0
1027,496,0.0,0
936,157,0.0,0
1503,1785,0.12454595416784286,1
1085,1926,0.0,0
1008,1644,0.0,0
256,1226,0.324276864528656,1
520,1343,0.14836294949054718,1
1157,2072,0.0,0
1139,776,0.0,0
76,726,0.1842782348394394,1
355,37,0.0,0
1517,1742,0.19348213076591492,1
1038,188,0.0,0
256,1300,0.37199386954307556,1
1810,1787,0.0,0
804,910,0.188204824924469,1
1044,865,0.0,0
319,1192,0.01703333482146263,0
851,1423,0.4435766339302063,1
486,2059,0.434797078371048,1
79,310,0.17385417222976685,1
922,1110,0.0,0
173,298,0.1438583880662918,1
704,928,0.0,0
851,1253,0.38270533084869385,1
1431,1946,0.1750773787498474,1
496,1666,0.0,0
25,1647,0.2829466164112091,1
533,1589,0.0,0
669,1058,0.2923162281513214,1
1930,1840,0.0,0
818,507,0.018750183284282684,0
1649,2068,0.15275049209594727,1
399,1453,0.3735337555408478,1
179,1447,0.21521925926208496,1
312,1552,0.0,0
385,1146,0.15463422238826752,1
966,1478,0.3014143407344818,1
829,1356,0.0,0
438,284,0.0,0
1356,2004,0.18006381392478943,1
145,847,0.10823753476142883,1
470,1593,0.17731358110904694,1
302,1379,0.19633983075618744,1
2046,473,0.0,0
951,521,0.0,0
1783,1832,0.22913497686386108,1
1489,1340,0.0,0
154,1040,0.217765212059021,1
2053,771,0.0,0
572,691,0.341418594121933,1
1114,581,0.018117273226380348,0
997,61,0.019927093759179115,0
1721,572,0.0,0
414,830,0.39795005321502686,1
1343,1785,0.11749100685119629,1
1263,1593,0.13182421028614044,1
1969,80,0.0,0
729,721,0.015243626199662685,0
1997,1110,0.019939737394452095,0
1630,1452,0.0,0
1785,2086,0.13621370494365692,1
499,534,0.13590963184833527,1
1272,1418,0.23146139085292816,1
1959,649,0.0,0
413,2018,0.29001086950302124,1
190,1599,0.0,0
1525,1851,0.5316436886787415,1
736,1774,0.0,0
754,1271,0.11484818905591965,1
72,467,0.0,0
1696,1434,0.0,0
120,2054,0.35293763875961304,1
725,526,0.0,0
46,1674,0.10544383525848389,1
491,1488,0.2485046535730362,1
1396,1245,0.0,0
57,532,0.337029367685318,1
954,548,0.0,0
413,1895,0.392069935798645,1
26,482,0.0,0
754,1024,0.0,0
417,612,0.281460702419281,1
1413,1880,0.4066697955131531,1
893,1466,0.0,0
502,1773,0.1956229954957962,1
848,889,0.14417532086372375,1
1623,1378,0.0,0
876,1437,0.0,0
771,368,0.0,0
400,1678,0.4647010564804077,1
348,1949,0.0,0
385,1476,0.4170610308647156,1
957,1166,0.0,0
1002,951,0.0,0
126,1770,0.015925953164696693,0
1742,1497,0.0,0
545,1028,0.3042774498462677,1
909,1666,0.24096818268299103,1
890,2077,0.49693891406059265,1
557,1037,0.0,0
1347,1755,0.0,0
1726,1625,0.0159141942858696,0
57,101,0.3287650942802429,1
508,900,0.0,0
886,1880,0.20379307866096497,1
723,1794,0.0,0
1982,1525,0.0,0
213,2069,0.11187279224395752,1
1472,401,0.017079895362257957,0
1501,503,0.0,0
347,1029,0.014023859053850174,0
1122,1410,0.4425738751888275,1
549,1111,0.0,0
115,518,0.0,0
133,253,0.42704567313194275,1
1380,1825,0.21070657670497894,1
339,808,0.3454727530479431,1
229,1773,0.17440584301948547,1
350,1803,0.10704509913921356,1
437,1567,0.1341206580400467,1
2056,39,0.0,0
694,425,0.0,0
353,781,0.5295864343643188,1
1439,1623,0.21315214037895203,1
129,437,0.2564399838447571,1
2094,112,0.0,0
98,1427,0.0,0
390,938,0.20388472080230713,1
124,264,0.19248948991298676,1
120,553,0.17511697113513947,1
1449,1882,0.0,0
1130,1146,0.13757950067520142,1
671,1567,0.10390864312648773,1
1216,1402,0.010890884324908257,0
2066,2067,0.0,0
1560,1422,0.016898294910788536,0
265,582,0.2083331048488617,1
779,1896,0.0,0
440,1234,0.017766958102583885,0
1658,363,0.017656782642006874,0
240,1507,0.017876407131552696,0
658,529,0.0,0
234,1345,0.0,0
595,1184,0.0,0
154,980,0.0,0
976,846,0.018960529938340187,0
332,1616,0.21590031683444977,1
504,1007,0.0,0
455,1125,0.14696161448955536,1
31,1343,0.1324881911277771,1
130,405,0.31467205286026,1
120,1880,0.333448588848114,1
1633,198,0.0,0
1365,1607,0.4016145169734955,1
953,1393,0.0,0
1742,1768,0.3494455814361572,1
1037,1630,0.0,0
339,1742,0.374671071767807,1
640,1432,0.0,0
344,910,0.0,0
474,534,0.24356919527053833,1
677,583,0.0,0
339,569,0.511029064655304,1
14,727,0.0,0
258,852,0.4043784439563751,1
78,2028,0.17417514324188232,1
511,1852,0.0,0
374,714,0.1554737538099289,1
1828,2037,0.3567556142807007,1
1017,1056,0.30262553691864014,1
1628,1895,0.3118898570537567,1
452,1210,0.3400548994541168,1
2044,928,0.0,0
1986,782,0.0,0
1170,2047,0.0,0
96,428,0.2483082115650177,1
1644,551,0.0,0
955,1496,0.1010848730802536,1
753,545,0.0,0
179,1572,0.34405648708343506,1
1866,1907,0.0,0
635,1349,0.15442213416099548,1
133,425,0.5731778144836426,1
1173,1401,0.0,0
1375,464,0.0,0
489,1755,0.0,0
581,1027,0.21758723258972168,1
268,1772,0.0,0
248,1445,0.18974456191062927,1
1109,1707,0.0,0
1132,1590,0.3464539051055908,1
1926,148,0.0,0
540,1452,0.018693478778004646,0
1694,1789,0.0,0
1183,1210,0.0,0
1635,497,0.0,0
307,961,0.0,0
162,1198,0.19012723863124847,1
1495,1564,0.0,0
1486,1905,0.18909737467765808,1
717,1350,0.0,0
779,1653,0.12615801393985748,1
553,1860,0.0,0
79,534,0.2033255249261856,1
1027,1356,0.312414288520813,1
925,1712,0.12635357677936554,1
675,1453,0.3295512795448303,1
174,415,0.014361171051859856,0
650,859,0.14980477094650269,1
1174,1536,0.20028546452522278,1
472,1777,0.0,0
1130,1170,0.13460899889469147,1
1601,1894,0.0,0
398,2084,0.2292049378156662,1
116,439,0.3904367685317993,1
437,795,0.19314199686050415,1
24,419,0.13608591258525848,1
348,208,0.0,0
619,604,0.0,0
256,1687,0.3512285053730011,1
693,576,0.0,0
451,1773,0.19096019864082336,1
1011,1146,0.15512578189373016,1
527,1742,0.439341276884079,1
1679,2095,0.0,0
1136,1478,0.3533056974411011,1
602,1809,0.017162775620818138,0
659,1072,0.22507637739181519,1
646,453,0.01972348429262638,0
1352,1941,0.0191959235817194,0
1701,1288,0.016238119453191757,0
400,413,0.31083279848098755,1
421,1278,0.2692687213420868,1
94,955,0.01880456879734993,0
1023,1394,0.36227741837501526,1
1305,1959,0.4604828953742981,1
543,1832,0.26797187328338623,1
993,1166,0.0,0
1477,1950,0.0,0
769,859,0.12109806388616562,1
322,1503,0.22537490725517273,1
94,1708,0.32234591245651245,1
319,790,0.0,0
1276,1996,0.0,0
746,839,0.411196231842041,1
307,1743,0.0,0
621,1476,0.31260672211647034,1
258,20,0.0,0
318,383,0.10901293903589249,1
683,580,0.0,0
1863,1723,0.0,0
1388,2018,0.21533489227294922,1
1787,714,0.018789712339639664,0
1193,1354,0.0,0
1449,194,0.01938970573246479,0
1364,151,0.0,0
1802,924,0.0,0
1335,1010,0.0,0
749,847,0.10706023871898651,1
1300,1445,0.36376670002937317,1
1283,1895,0.19159652292728424,1
1087,1741,0.11085131764411926,1
881,709,0.011008352041244507,0
281,35,0.0,0
393,1707,0.24915288388729095,1
301,1179,0.2447839230298996,1
44,485,0.18791691958904266,1
49,1253,0.1551462709903717,1
778,1350,0.0,0
841,1861,0.0,0
584,1640,0.018310219049453735,0
69,965,0.0,0
476,834,0.0,0
859,1869,0.19122032821178436,1
1618,351,0.0,0
393,2079,0.0,0
1552,317,0.0,0
1054,1261,0.1357477903366089,1
596,1348,0.0,0
1589,1704,0.0,0
1567,568,0.0,0
1696,1546,0.0,0
318,322,0.2802269160747528,1
1398,1435,0.0,0
690,2037,0.48030173778533936,1
501,1179,0.1928936243057251,1
722,1503,0.12843962013721466,1
1437,1457,0.29927530884742737,1
1146,1287,0.0,0
507,925,0.1313355416059494,1
41,1301,0.0,0
326,807,0.0,0
966,1263,0.23505517840385437,1
1773,1895,0.2949027717113495,1
1029,930,0.01669495552778244,0
405,1572,0.420774906873703,1
631,1597,0.27526554465293884,1
337,1088,0.0,0
1204,607,0.0,0
421,638,0.5921909213066101,1
226,2018,0.3709511160850525,1
1613,1670,0.2417393922805786,1
385,758,0.17765405774116516,1
254,1498,0.0,0
135,1153,0.019062791019678116,0
51,1671,0.34226879477500916,1
1778,1663,0.0,0
302,1478,0.28923317790031433,1
604,2009,0.0,0
225,493,0.0,0
673,1119,0.011073646135628223,0
1488,1802,0.0,0
1518,742,0.018209967762231827,0
1628,1961,0.3429313600063324,1
12,545,0.2853168249130249,1
124,665,0.3396546244621277,1
34,1624,0.01717742718756199,0
1339,1682,0.32160431146621704,1
963,1033,0.175592839717865,1
830,1263,0.22236371040344238,1
520,575,0.21776919066905975,1
898,1785,0.016580209136009216,0
346,2084,0.30888622999191284,1
573,957,0.2772290110588074,1
453,1210,0.251459538936615,1
1023,2054,0.37323349714279175,1
1471,1515,0.12314720451831818,1
514,1034,0.18352778255939484,1
433,1287,0.17798404395580292,1
996,1363,0.0,0
920,312,0.0,0
85,400,0.0,0
1094,1483,0.0,0
333,2031,0.3045860826969147,1
236,636,0.23108109831809998,1
232,131,0.0,0
1708,1905,0.20875397324562073,1
686,1427,0.21633301675319672,1
421,873,0.6180906295776367,1
1557,739,0.0,0
1883,502,0.0,0
1821,2068,0.18150970339775085,1
1732,1120,0.0,0
33,750,0.14874358475208282,1
899,549,0.0,0
1174,1488,0.13059337437152863,1
451,655,0.11706351488828659,1
1382,426,0.0,0
652,1771,0.0,0
1369,31,0.0,0
397,1930,0.0,0
1909,2068,0.13865253329277039,1
1934,765,0.0,0
503,667,0.3819445073604584,1
1634,719,0.0,0
700,825,0.0,0
355,1895,0.15397775173187256,1
4,534,0.1299106627702713,1
1377,1108,0.0,0
212,1147,0.13005535304546356,1
1825,2070,0.2077661156654358,1
1092,1308,0.31980466842651367,1
234,1318,0.0,0
1113,1335,0.0,0
909,1827,0.0,0
390,671,0.16100049018859863,1
548,423,0.0,0
1636,1618,0.0,0
645,742,0.0,0
306,474,0.1165551021695137,1
1461,837,0.0,0
487,593,0.264157772064209,1
1013,2010,0.0,0
1076,1611,0.0,0
355,1072,0.23502157628536224,1
1050,770,0.019344352185726166,0
621,1606,0.36374279856681824,1
52,476,0.0,0
247,958,0.0,0
390,1813,0.4530782401561737,1
79,1113,0.14403025805950165,1
1532,2037,0.47274941205978394,1
1245,1898,0.0,0
1760,602,0.016346825286746025,0
1657,1590,0.0179918110370636,0
641,1441,0.01951923407614231,0
1573,1597,0.15691722929477692,1
531,542,0.1947624385356903,1
46,271,0.5569139122962952,1
884,1248,0.17687644064426422,1
253,2038,0.28568440675735474,1
593,1283,0.28303250670433044,1
718,1426,0.0,0
1258,1595,0.12253505736589432,1
545,1670,0.23776127398014069,1
208,2067,0.0,0
1588,1427,0.0,0
392,344,0.019242139533162117,0
46,231,0.43784299492836,1
1256,1649,0.01735810562968254,0
1696,949,0.0,0
1532,1832,0.11044442653656006,1
136,1568,0.21539410948753357,1
340,385,0.2809576094150543,1
830,1437,0.4088802933692932,1
1632,1821,0.28533563017845154,1
612,684,0.16662628948688507,1
831,1653,0.12516982853412628,1
1766,1869,0.16788817942142487,1
30,1085,0.0,0
836,112,0.0,0
709,1889,0.20902271568775177,1
1515,2018,0.15722088515758514,1
432,1937,0.14109309017658234,1
965,1821,0.6586369872093201,1
259,150,0.01730373315513134,0
957,1776,0.0,0
1737,1233,0.0,0
136,329,0.29708847403526306,1
1575,1445,0.0,0
227,1001,0.25278910994529724,1
1494,1803,0.0,0
1618,141,0.0,0
258,873,0.5196718573570251,1
1082,1625,0.0,0
120,1145,0.35111284255981445,1
1562,1968,0.2347305715084076,1
432,1088,0.23723044991493225,1
942,378,0.0,0
2048,1618,0.0,0
1560,928,0.0,0
982,1642,0.013853248208761215,0
1954,52,0.019813766703009605,0
797,1323,0.0,0
621,1445,0.19003094732761383,1
54,664,0.0,0
340,1600,0.36846688389778137,1
424,757,0.00871832761913538,0
12,240,0.2071451097726822,1
2,255,0.018942082300782204,0
691,778,0.2966632843017578,1
442,202,0.0,0
46,1145,0.46415776014328003,1
814,1928,0.0,0
1737,158,0.0,0
347,1281,0.1313859522342682,1
1312,1197,0.016972653567790985,0
1246,871,0.0,0
1196,1324,0.0,0
112,1100,0.0,0
275,1626,0.11414117366075516,1
409,1207,0.018335184082388878,0
494,878,0.31014397740364075,1
59,455,0.23350481688976288,1
44,972,0.11776217073202133,1
431,555,0.017160359770059586,0
150,966,0.28939902782440186,1
1499,140,0.0,0
859,1365,0.18488125503063202,1
1814,333,0.0,0
1020,556,0.0,0
534,575,0.5961629748344421,1
340,451,0.34655696153640747,1
1023,1856,0.238919198513031,1
1973,2021,0.33411359786987305,1
1398,802,0.0,0
1287,1567,0.0,0
168,1155,0.19783027470111847,1
340,515,0.019734108820557594,0
503,324,0.0,0
569,1057,0.310808926820755,1
1110,1587,0.0,0
1003,1037,0.0,0
99,396,0.1530880182981491,1
859,319,0.0,0
427,119,0.0,0
1995,1161,0.017316652461886406,0
198,747,0.20819255709648132,1
271,339,0.5935710072517395,1
329,339,0.29896119236946106,1
198,1745,0.13215000927448273,1
1857,1278,0.0,0
79,514,0.24597792327404022,1
2076,454,0.0,0
792,1893,0.0,0
1104,1253,0.10903723537921906,1
697,508,0.0,0
1701,2042,0.0,0
340,1961,0.1942102611064911,1
1585,719,0.0,0
1008,1465,0.0,0
109,76,0.0,0
884,1503,0.1179720088839531,1
1014,1869,0.14136745035648346,1
1147,1204,0.01729048416018486,0
481,1898,0.20747162401676178,1
582,1354,0.0,0
1509,1823,0.26508989930152893,1
569,1133,0.10922213643789291,1
636,836,0.3171675205230713,1
145,361,0.31031325459480286,1
150,514,0.24114882946014404,1
763,839,0.3371162712574005,1
749,1106,0.44474634528160095,1
753,1343,0.10354200005531311,1
1073,1604,0.0,0
1325,743,0.0,0
263,2006,0.0,0
520,658,0.1311623752117157,1
339,2037,0.4177498519420624,1
405,612,0.1304376870393753,1
1282,1060,0.01781705766916275,0
24,1017,0.24722494184970856,1
500,268,0.0,0
1277,713,0.016006411984562874,0
477,1650,0.016932273283600807,0
671,1057,0.12658262252807617,1
1625,1535,0.0,0
1480,871,0.0,0
370,1581,0.10666574537754059,1
142,1674,0.015512778423726559,0
310,612,0.258506715297699,1
120,1365,0.4365556240081787,1
430,761,0.18008720874786377,1
1997,2071,0.0,0
793,1102,0.2914382219314575,1
1013,1118,0.12562493979930878,1
470,477,0.5665914416313171,1
1151,1378,0.0,0
514,1310,0.1368638426065445,1
757,1017,0.3951203525066376,1
815,1829,0.440940797328949,1
470,965,0.6860082745552063,1
13,951,0.018761837854981422,0
1369,1781,0.0,0
612,1838,0.18384195864200592,1
58,1128,0.33768337965011597,1
1889,1552,0.0,0
640,1299,0.015395568683743477,0
1395,96,0.0,0
2067,121,0.0,0
1046,530,0.017100587487220764,0
636,638,0.41936710476875305,1
22,903,0.26620325446128845,1
14,1903,0.0,0
1280,155,0.018719756975769997,0
1451,1568,0.27924060821533203,1
1800,878,0.014046727679669857,0
736,1374,0.019094442948698997,0
1704,1725,0.10380587726831436,1
256,749,0.3814942538738251,1
861,941,0.10623404383659363,1
232,417,0.3496107757091522,1
1553,1821,0.18578298389911652,1
1336,1676,0.2573936879634857,1
469,661,0.0,0
1670,515,0.0,0
770,1145,0.18605029582977295,1
612,1247,0.23203934729099274,1
1585,551,0.01623397320508957,0
849,1337,0.19337515532970428,1
250,1898,0.0,0
1706,1013,0.0,0
1301,1734,0.19477902352809906,1
2005,1867,0.0,0
1771,1745,0.0,0
1976,1951,0.0,0
271,1780,0.5659807324409485,1
6,413,0.0,0
1747,1969,0.0,0
1427,336,0.01908545196056366,0
593,999,0.15254777669906616,1
1247,2023,0.370320588350296,1
862,1914,0.0,0
136,1001,0.25186148285865784,1
352,687,0.0,0
859,954,0.22331681847572327,1
187,1733,0.0,0
129,1027,0.2672951817512512,1
797,1307,0.4994718134403229,1
260,858,0.20965702831745148,1
1471,1813,0.3291794955730438,1
421,819,0.5506359338760376,1
1743,1740,0.0,0
2037,1925,0.0,0
236,340,0.265999436378479,1
694,1966,0.0,0
858,194,0.019259542226791382,0
1071,1253,0.5407783389091492,1
760,534,0.0,0
1351,40,0.0,0
936,1457,0.0,0
521,1682,0.24003536999225616,1
232,1895,0.4531334638595581,1
2007,1299,0.0,0
936,1335,0.20359626412391663,1
503,679,0.4396606385707855,1
1942,553,0.019466742873191833,0
1828,1981,0.0,0
99,371,0.1738443523645401,1
1935,188,0.0,0
1307,1473,0.0,0
963,1813,0.18509739637374878,1
196,1130,0.20200227200984955,1
296,212,0.0,0
1606,1880,0.4046769142150879,1
1017,1356,0.516414225101471,1
355,1898,0.22452667355537415,1
1568,1646,0.16856323182582855,1
542,145,0.0,0
142,453,0.15345296263694763,1
815,816,0.49782469868659973,1
1559,1632,0.196879044175148,1
493,108,0.0,0
627,871,0.10787756741046906,1
302,1788,0.2964937090873718,1
129,1762,0.31230899691581726,1
399,1072,0.4044770300388336,1
2097,130,0.0,0
1896,1056,0.0,0
1259,1189,0.0,0
431,1407,0.2997761368751526,1
152,1300,0.19186455011367798,1
405,1445,0.268000990152359,1
183,1454,0.18378371000289917,1
414,569,0.5016824007034302,1
391,1353,0.1742856651544571,1
1601,2055,0.2270030826330185,1
1792,438,0.0,0
370,1662,0.0,0
1910,1939,0.0,0
926,860,0.0,0
413,2087,0.41088902950286865,1
227,280,0.1516445279121399,1
147,1502,0.0,0
1192,121,0.0,0
498,1515,0.19126136600971222,1
1597,1952,0.1315009891986847,1
1733,1521,0.0,0
1230,547,0.01979641802608967,0
271,830,0.3814314305782318,1
629,1804,0.11862406134605408,1
146,236,0.313215434551239,1
66,683,0.4761812686920166,1
1813,1202,0.0,0
1881,903,0.0,0
150,419,0.2751823961734772,1
481,1394,0.328046590089798,1
1749,1772,0.10071765631437302,1
726,1518,0.0,0
1654,1833,0.0,0
750,1113,0.0,0
596,498,0.0,0
390,1171,0.305763840675354,1
689,185,0.012848437763750553,0
1332,812,0.0,0
405,1033,0.2939981520175934,1
396,520,0.11725207418203354,1
131,1204,0.12318706512451172,1
1553,1806,0.01882086507976055,0
781,1189,0.4984965920448303,1
186,1161,0.10046392679214478,1
571,1489,0.23468604683876038,1
271,390,0.5228457450866699,1
472,1973,0.23689071834087372,1
1600,615,0.0,0
403,319,0.0,0
156,1383,0.2751058042049408,1
78,1889,0.0,0
1803,1183,0.0,0
593,878,0.4041033089160919,1
472,1263,0.19258856773376465,1
236,1659,0.1401204913854599,1
1011,895,0.019727664068341255,0
50,125,0.16870076954364777,1
1178,1769,0.23998968303203583,1
1825,848,0.0,0
249,521,0.22400784492492676,1
1941,1874,0.0,0
888,613,0.0,0
1874,920,0.0,0
1974,951,0.018861932680010796,0
45,904,0.016042761504650116,0
46,1895,0.37867167592048645,1
1171,2071,0.3674362599849701,1
569,1607,0.2745491862297058,1
1489,1773,0.24910008907318115,1
572,910,0.32911449670791626,1
692,355,0.0,0
317,1039,0.01480921171605587,0
1896,107,0.0,0
1307,842,0.0,0
247,1186,0.0,0
236,1503,0.28501027822494507,1
1347,1600,0.0,0
371,1835,0.17786774039268494,1
1555,1064,0.012201075442135334,0
64,1907,0.11953955888748169,1
702,1002,0.3087141513824463,1
271,1437,0.24882297217845917,1
1579,294,0.0,0
405,571,0.3477537930011749,1
150,581,0.2575473189353943,1
33,282,0.17595908045768738,1
144,1247,0.47392404079437256,1
1132,1555,0.4622434675693512,1
962,744,0.0,0
31,1164,0.12684142589569092,1
11,1475,0.2653065621852875,1
179,538,0.27738234400749207,1
1343,2097,0.13587656617164612,1
385,1171,0.1562260240316391,1
1388,1490,0.0,0
1791,1441,0.0,0
502,621,0.3653067946434021,1
985,1636,0.30229878425598145,1
691,1593,0.1887422651052475,1
502,1002,0.2957923114299774,1
568,1210,0.2318650335073471,1
1145,1272,0.463286429643631,1
1992,506,0.0,0
2043,1148,0.0,0
329,1909,0.25531822443008423,1
964,1277,0.2394513487815857,1
913,1622,0.0,0
797,1515,0.17119348049163818,1
1900,1688,0.0,0
486,1771,0.34166067838668823,1
99,1343,0.16131317615509033,1
425,1247,0.5595683455467224,1
994,2052,0.13283760845661163,1
1951,1055,0.0,0
990,1139,0.0,0
1185,1838,0.22265732288360596,1
388,2053,0.2367844581604004,1
499,1343,0.5660654306411743,1
1658,1722,0.019139990210533142,0
686,1514,0.2346082329750061,1
198,1353,0.2632863521575928,1
1053,1332,0.3822776675224304,1
1130,2068,0.10259592533111572,1
179,571,0.21037547290325165,1
1280,1711,0.11584609001874924,1
236,248,0.1973607987165451,1
1787,1433,0.0,0
84,1677,0.0,0
260,340,0.1007668748497963,1
229,2030,0.0,0
253,2068,0.12790188193321228,1
1089,1862,0.014406499452888966,0
1145,1762,0.2739899456501007,1
873,1734,0.32300013303756714,1
1904,1167,0.0,0
195,907,0.3352079689502716,1
73,850,0.17211724817752838,1
730,1343,0.15098966658115387,1
534,1616,0.23367992043495178,1
2016,1796,0.0,0
105,1172,0.0,0
1737,1993,0.0,0
1069,614,0.0,0
692,893,0.0,0
1390,708,0.0,0
809,1447,0.3504461348056793,1
930,2038,0.3483244478702545,1
391,2006,0.0,0
1164,127,0.0,0
414,1318,0.4406099021434784,1
6,1818,0.016537783667445183,0
45,518,0.42542532086372375,1
1003,583,0.019257085397839546,0
78,1088,0.0,0
1604,954,0.0,0
232,658,0.0,0
1283,1773,0.22084152698516846,1
29,1635,0.0,0
253,1742,0.3282696306705475,1
317,1258,0.10465740412473679,1
1605,1765,0.2779819667339325,1
722,629,0.0,0
1625,1794,0.0,0
1501,1211,0.0,0
162,1467,0.1982715129852295,1
243,1795,0.40681710839271545,1
1192,2072,0.0,0
1728,472,0.0,0
1772,1905,0.0,0
990,386,0.018000848591327667,0
69,168,0.2171235978603363,1
1262,2054,0.10523652285337448,1
683,1801,0.0,0
1685,2099,0.0,0
11,1195,0.0,0
758,268,0.0,0
1143,760,0.0,0
1116,977,0.0,0
58,1457,0.5135279297828674,1
404,1346,0.13034088909626007,1
1238,1389,0.18853040039539337,1
79,1515,0.21975302696228027,1
1036,1152,0.1616811603307724,1
1131,1110,0.0,0
2,1869,0.10059765726327896,1
74,1986,0.0,0
1919,320,0.0,0
1234,174,0.0,0
1188,1590,0.35819655656814575,1
1315,531,0.0,0
1532,799,0.0,0
264,1099,0.1312718242406845,1
1102,1425,0.16914045810699463,1
25,390,0.3786698877811432,1
133,1072,0.47995463013648987,1
24,347,0.0,0
306,695,0.0,0
180,1928,0.0,0
1106,1961,0.30706220865249634,1
150,178,0.0,0
1092,2037,0.2921901047229767,1
88,243,0.0,0
1230,1685,0.0,0
399,1195,0.0,0
12,146,0.1445925235748291,1
172,303,0.18889613449573517,1
534,1600,0.30035096406936646,1
1501,461,0.0,0
1256,1108,0.0,0
2081,1334,0.0,0
232,851,0.2999849021434784,1
781,1023,0.3917781710624695,1
233,400,0.40012434124946594,1
646,1394,0.2554044723510742,1
300,105,0.0,0
525,1286,0.0,0
58,258,0.5140910148620605,1
1576,960,0.0,0
419,1478,0.19649991393089294,1
565,2080,0.23692764341831207,1
690,962,0.0,0
1687,950,0.0,0
550,61,0.0,0
1874,1278,0.0,0
1976,540,0.0,0
4,520,0.16611289978027344,1
1226,1253,0.3170681893825531,1
144,486,0.6381887197494507,1
170,1694,0.0,0
136,2018,0.45218974351882935,1
58,646,0.4237769842147827,1
179,1319,0.1428750455379486,1
1429,1847,0.0,0
810,1632,0.018458280712366104,0
1132,1606,0.6132997870445251,1
2091,53,0.016607677564024925,0
105,1372,0.0,0
1749,1792,0.1100805252790451,1
1939,716,0.0,0
503,571,0.4705784320831299,1
889,502,0.0,0
1572,2037,0.40678805112838745,1
385,1027,0.13941244781017303,1
1789,611,0.016016149893403053,0
437,910,0.12026846408843994,1
1362,1016,0.01906776614487171,0
895,1025,0.21375349164009094,1
2007,242,0.0,0
238,1050,0.0,0
1286,1659,0.0,0
1874,841,0.0,0
331,2068,0.10599353164434433,1
1591,587,0.0,0
159,636,0.27425098419189453,1
682,1858,0.0,0
112,1232,0.0,0
1189,2004,0.14084428548812866,1
310,1434,0.28798025846481323,1
227,749,0.46844425797462463,1
172,326,0.018373141065239906,0
831,194,0.0,0
571,1143,0.1672711968421936,1
467,1860,0.0,0
1457,1525,0.5122244954109192,1
958,635,0.0,0
414,1663,0.3753330409526825,1
305,107,0.0,0
125,1889,0.11431731283664703,1
1646,1753,0.28397035598754883,1
355,723,0.28527137637138367,1
116,411,0.23420171439647675,1
251,1936,0.11496266722679138,1
885,1239,0.017522094771265984,0
188,1724,0.0,0
57,132,0.2145136445760727,1
1228,1184,0.01512552797794342,0
587,617,0.0,0
761,967,0.0,0
1003,920,0.0,0
399,749,0.41690292954444885,1
617,582,0.0,0
473,1898,0.19651788473129272,1
1892,69,0.0,0
319,1040,0.13444742560386658,1
195,465,0.22227180004119873,1
1511,64,0.0,0
58,1851,0.5551924705505371,1
4,99,0.20600245893001556,1
1564,1636,0.38262739777565,1
1093,1925,0.0,0
162,1895,0.21741482615470886,1
1872,876,0.0,0
1342,1836,0.0,0
1081,1861,0.0,0
1723,946,0.0,0
1034,1731,0.0,0
302,2093,0.0,0
1097,1124,0.29258525371551514,1
7,2061,0.30810436606407166,1
1962,1873,0.0,0
929,1248,0.0,0
1090,1584,0.0,0
2079,2029,0.0,0
1254,2030,0.21156282722949982,1
1626,1161,0.0,0
563,1032,0.37151163816452026,1
969,1895,0.19134855270385742,1
815,1605,0.2315073013305664,1
691,1023,0.34040361642837524,1
1807,1607,0.0,0
542,629,0.0,0
1397,2059,0.0,0
1085,325,0.0,0
978,1055,0.0,0
1650,2045,0.17332877218723297,1
399,1001,0.18554171919822693,1
399,1478,0.3379906713962555,1
509,1734,0.21305778622627258,1
620,1733,0.016461821272969246,0
1723,1321,0.0,0
1270,1113,0.0193483866751194,0
609,780,0.10136339068412781,1
1910,1582,0.016251232475042343,0
889,40,0.0,0
1016,1517,0.0,0
1027,1301,0.34686315059661865,1
942,142,0.0,0
1315,1760,0.0,0
875,596,0.0,0
942,1478,0.16025617718696594,1
808,1659,0.2179865688085556,1
1480,1930,0.0,0
1654,1489,0.0,0
1445,1555,0.3271009624004364,1
49,1632,0.12648870050907135,1
242,1435,0.47241517901420593,1
1177,341,0.0,0
545,873,0.15192051231861115,1
609,1087,0.11644972860813141,1
632,1365,0.5894730687141418,1
190,1823,0.0,0
754,1554,0.18005193769931793,1
207,1457,0.11672213673591614,1
862,1023,0.3633226454257965,1
157,338,0.16601182520389557,1
1176,1331,0.0,0
1919,257,0.0,0
582,423,0.0,0
1189,1813,0.4303046762943268,1
1056,1851,0.5212950706481934,1
715,1625,0.0,0
1578,1832,0.0,0
451,815,0.47106000781059265,1
996,721,0.0,0
1801,969,0.0,0
129,2037,0.3267543315887451,1
1742,1406,0.0,0
1187,550,0.0,0
1106,1453,0.32515019178390503,1
24,1184,0.3170297145843506,1
581,1453,0.1728680580854416,1
972,1700,0.20172907412052155,1
232,502,0.31873565912246704,1
514,730,0.32215818762779236,1
700,1420,0.01798715628683567,0
1839,1768,0.0,0
899,559,0.0,0
497,675,0.36246398091316223,1
308,1809,0.13293425738811493,1
1399,2091,0.014011288061738014,0
1626,385,0.014902306720614433,0
1337,541,0.01741138845682144,0
41,28,0.0,0
621,1300,0.28467798233032227,1
637,1660,0.14097079634666443,1
966,1880,0.3401188552379608,1
1564,628,0.0,0
232,2088,0.3118247985839844,1
299,905,0.3148736357688904,1
1753,1768,0.3056643009185791,1
717,1568,0.3461936414241791,1
1897,128,0.0,0
58,795,0.3364773094654083,1
518,1659,0.33719608187675476,1
13,816,0.5458239912986755,1
1213,198,0.0,0
333,1600,0.3885197341442108,1
715,1700,0.019208500161767006,0
224,294,0.0,0
215,1183,0.0,0
414,1535,0.11066572368144989,1
871,1800,0.0,0
307,1597,0.017266694456338882,0
442,1542,0.1581210345029831,1
513,1822,0.0,0
1102,1903,0.3737291097640991,1
1530,1197,0.0,0
1608,2022,0.10997413843870163,1
503,808,0.29125332832336426,1
646,795,0.41912299394607544,1
385,177,0.0,0
1394,1606,0.4668140411376953,1
806,786,0.0,0
527,1568,0.28829899430274963,1
1207,622,0.0,0
1453,1963,0.3850320875644684,1
611,325,0.0,0
533,939,0.0,0
339,1779,0.0,0
557,488,0.019993970170617104,0
405,984,0.24392370879650116,1
40,1384,0.0,0
1439,1263,0.0,0
13,1586,0.0,0
436,1819,0.0,0
496,11,0.0,0
873,1666,0.5410028696060181,1
395,1433,0.0,0
374,303,0.0,0
1904,782,0.0,0
75,302,0.4026736319065094,1
1702,1442,0.0,0
1300,1471,0.4050604999065399,1
489,1413,0.0,0
563,1313,0.018865806981921196,0
242,1577,0.3409861922264099,1
2085,1146,0.0,0
372,607,0.0,0
1871,1729,0.0,0
656,1185,0.0,0
1325,1385,0.0,0
2037,813,0.018987156450748444,0
911,1880,0.3039889335632324,1
1033,1300,0.39022836089134216,1
665,949,0.0,0
675,966,0.30510666966438293,1
353,1895,0.43646231293678284,1
499,665,0.1789112538099289,1
123,1318,0.0164161566644907,0
2016,550,0.0,0
1023,2018,0.3227896988391876,1
431,629,0.19362354278564453,1
457,161,0.016507457941770554,0
415,1001,0.2559151351451874,1
822,82,0.0,0
1453,1813,0.44291001558303833,1
1380,1832,0.2171466201543808,1
1597,1911,0.17653614282608032,1
415,518,0.4530973732471466,1
717,1132,0.6624679565429688,1
3,162,0.0,0
569,632,0.399190217256546,1
399,1833,0.27166247367858887,1
2009,247,0.0,0
764,1962,0.0,0
186,1800,0.007810457143932581,0
1402,1605,0.0,0
399,593,0.23336820304393768,1
688,1823,0.28838256001472473,1
553,2059,0.25076016783714294,1
302,690,0.3664969503879547,1
1249,771,0.01815214566886425,0
1167,398,0.0,0
1051,1457,0.01753396913409233,0
1023,1769,0.33745136857032776,1
1254,1527,0.0,0
669,1135,0.31268036365509033,1
178,863,0.0,0
761,828,0.0,0
1531,9,0.0,0
59,1358,0.10273043811321259,1
1613,1791,0.0,0
1629,1988,0.017968131229281425,0
1762,449,0.0,0
226,1217,0.0,0
352,1247,0.3848920166492462,1
1432,2041,0.0,0
749,1903,0.25138771533966064,1
397,1103,0.14528107643127441,1
985,1033,0.3980143070220947,1
978,83,0.018740812316536903,0
136,253,0.36298877000808716,1
150,1198,0.2060057520866394,1
682,1457,0.4488564431667328,1
1062,1495,0.0,0
47,376,0.0,0
1663,1811,0.2867024838924408,1
1030,997,0.0,0
182,1291,0.01758074387907982,0
1177,2019,0.2234058827161789,1
421,2067,0.0,0
306,859,0.20913976430892944,1
132,1189,0.6072773337364197,1
95,166,0.0,0
1058,1515,0.16933858394622803,1
884,1568,0.38501423597335815,1
191,534,0.1501331478357315,1
134,1029,0.0,0
1001,1179,0.17512722313404083,1
690,1742,0.42982247471809387,1
80,1479,0.18368199467658997,1
1426,225,0.0,0
420,657,0.0,0
1075,1597,0.18743306398391724,1
560,1258,0.11030767858028412,1
31,1514,0.2349402904510498,1
1308,1717,0.47837451100349426,1
134,390,0.3707793354988098,1
1205,541,0.0,0
699,578,0.0,0
260,553,0.15039236843585968,1
1657,2065,0.0,0
1850,471,0.0,0
1737,627,0.0,0
1111,695,0.014613115228712559,0
1802,2014,0.018545405939221382,0
99,1255,0.23524914681911469,1
1568,1742,0.3052263557910919,1
1271,1310,0.013096829876303673,0
1889,2080,0.0,0
966,1332,0.4004896581172943,1
369,1055,0.0,0
1001,2072,0.18406720459461212,1
2021,2087,0.46670621633529663,1
1590,2021,0.29596543312072754,1
1725,1898,0.23361743986606598,1
58,634,0.15225638449192047,1
99,1164,0.10400090366601944,1
355,344,0.00992098730057478,0
343,854,0.0,0
1014,665,0.008824199438095093,0
689,993,0.0,0
895,1528,0.0,0
1898,259,0.0,0
1488,808,0.0,0
747,1377,0.21030393242835999,1
1533,1555,0.2977292537689209,1
486,499,0.12069202959537506,1
2032,694,0.0,0
1832,2008,0.2693925201892853,1
329,906,0.1275632679462433,1
968,281,0.0128678223118186,0
1677,620,0.0177407618612051,0
632,745,0.0,0
1675,443,0.0,0
1211,392,0.0,0
1372,1503,0.11732720583677292,1
157,317,0.2536506652832031,1
133,1593,0.22558318078517914,1
1143,1762,0.2813032269477844,1
812,1854,0.0,0
930,1606,0.39622417092323303,1
1299,1200,0.015490982681512833,0
318,1278,0.1920567899942398,1
1132,1532,0.42261314392089844,1
143,899,0.0,0
84,1307,0.0,0
1189,1762,0.3047880530357361,1
238,386,0.0,0
1903,234,0.01820535399019718,0
1343,1536,0.17920011281967163,1
558,730,0.1803564876317978,1
1434,1646,0.23201602697372437,1
1112,1220,0.0,0
871,1709,0.11720089614391327,1
561,817,0.0,0
1455,1489,0.3525088429450989,1
1503,1516,0.11471535265445709,1
110,390,0.29844748973846436,1
1051,216,0.0,0
1493,1949,0.0,0
1255,1478,0.1652471274137497,1
759,780,0.1658439189195633,1
1010,1615,0.013422956690192223,0
20,511,0.018859833478927612,0
430,1210,0.3371853828430176,1
481,1766,0.3049132823944092,1
1102,1457,0.1258108913898468,1
503,1533,0.29693153500556946,1
1474,1047,0.019369198009371758,0
1506,929,0.0,0
264,1942,0.10116110742092133,1
1256,1941,0.0,0
232,1572,0.4267059564590454,1
569,930,0.21601629257202148,1
425,2087,0.5705425143241882,1
498,1017,0.39998888969421387,1
649,731,0.28327277302742004,1
814,695,0.0,0
1437,1600,0.2486046701669693,1
475,1087,0.19798195362091064,1
1705,869,0.0,0
2013,1693,0.0,0
1039,2013,0.0,0
1638,603,0.0,0
723,1954,0.30164453387260437,1
120,1447,0.27765631675720215,1
1788,771,0.0,0
1898,2054,0.37022122740745544,1
864,1443,0.11280737072229385,1
1387,33,0.0,0
891,2100,0.0,0
768,1174,0.0,0
162,412,0.16806535422801971,1
355,1410,0.25399965047836304,1
758,1380,0.16803793609142303,1
227,1898,0.32838040590286255,1
518,963,0.19162657856941223,1
1123,162,0.0,0
210,1002,0.14240306615829468,1
993,713,0.0,0
710,821,0.1561962515115738,1
1695,186,0.010066523216664791,0
575,759,0.24688856303691864,1
659,1106,0.20100995898246765,1
1394,1687,0.3862028121948242,1
521,2076,0.16836267709732056,1
1261,1961,0.018186841160058975,0
253,808,0.2309322953224182,1
1198,1895,0.3183319568634033,1
47,470,0.4968154728412628,1
40,136,0.0,0
1720,924,0.0,0
1288,1172,0.01706331968307495,0
425,1058,0.45654717087745667,1
738,2072,0.0,0
63,114,0.37512466311454773,1
1894,1040,0.0,0
1933,1643,0.0,0
1148,1969,0.0,0
1132,247,0.015976782888174057,0
699,1408,0.012780068442225456,0
353,527,0.3149140775203705,1
481,1742,0.4169047176837921,1
816,930,0.24611352384090424,1
847,884,0.19051283597946167,1
1834,1018,0.0,0
822,1990,0.169659823179245,1
210,1777,0.1000518947839737,1
99,520,0.17711664736270905,1
132,1102,0.21882818639278412,1
542,1332,0.23836685717105865,1
209,1069,0.3408823013305664,1
331,1690,0.2611471712589264,1
407,1893,0.0,0
663,1385,0.0,0
470,1503,0.19152916967868805,1
346,1075,0.15160569548606873,1
1364,75,0.0,0
43,691,0.14458194375038147,1
951,807,0.0,0
1568,2038,0.409161239862442,1
572,1069,0.3167255222797394,1
130,1132,0.4865792393684387,1
45,542,0.10921144485473633,1
78,49,0.0,0
1513,723,0.013843514025211334,0
144,1771,0.35700899362564087,1
329,490,0.11647579073905945,1
331,1462,0.19798126816749573,1
252,1889,0.0,0
195,1702,0.22412562370300293,1
145,1666,0.36705273389816284,1
1484,1491,0.0,0
940,1280,0.2847738265991211,1
45,443,0.0,0
1958,2019,0.0,0
726,807,0.16972611844539642,1
1562,1764,0.016281113028526306,0
390,1305,0.6518697142601013,1
211,476,0.28197282552719116,1
1971,2078,0.0,0
419,1058,0.23438510298728943,1
110,873,0.34808385372161865,1
397,1835,0.14050590991973877,1
695,553,0.0,0
1185,1616,0.1902214139699936,1
729,1050,0.0,0
2023,2054,0.4357476830482483,1
210,493,0.26882055401802063,1
421,795,0.49046120047569275,1
313,1184,0.0,0
1093,101,0.0,0
753,869,0.0,0
1811,977,0.0,0
593,1199,0.0,0
238,2044,0.0,0
581,732,0.2713037431240082,1
1433,1853,0.0,0
195,1797,0.17668120563030243,1
1089,1125,0.1952991783618927,1
280,405,0.1524631530046463,1
192,1558,0.0,0
757,1954,0.3965757191181183,1
350,1102,0.162590891122818,1
341,346,0.0,0
110,2061,0.26333051919937134,1
828,2087,0.0,0
930,949,0.0,0
340,1311,0.1857382208108902,1
163,1150,0.3189723491668701,1
2035,150,0.0,0
1054,1291,0.01914236508309841,0
749,1898,0.33228152990341187,1
205,277,0.12719592452049255,1
132,1856,0.16586525738239288,1
58,1495,0.0,0
1500,1469,0.017682446166872978,0
1543,1384,0.0,0
327,971,0.0138407526537776,0
214,553,0.25704193115234375,1
65,1107,0.31370729207992554,1
912,1488,0.13314174115657806,1
254,1028,0.0,0
214,558,0.3311954438686371,1
1710,651,0.0,0
2040,1731,0.0,0
569,1445,0.24754472076892853,1
1054,1885,0.15838506817817688,1
709,1157,0.0,0
1357,1364,0.11725829541683197,1
339,689,0.5581921935081482,1
395,25,0.0,0
316,1802,0.01725022867321968,0
1379,1560,0.19895438849925995,1
496,999,0.1398131251335144,1
330,1788,0.5544214844703674,1
534,911,0.45300352573394775,1
179,302,0.24340671300888062,1
966,1143,0.1915043741464615,1
62,665,0.3114248812198639,1
764,1693,0.0,0
173,1138,0.1750674992799759,1
1027,1300,0.3627704679965973,1
162,490,0.1794934719800949,1
852,1725,0.39218446612358093,1
131,955,0.0,0
514,926,0.0,0
903,1854,0.0,0
986,91,0.0,0
1858,664,0.0,0
985,1659,0.22902324795722961,1
327,1820,0.31675952672958374,1
576,1137,0.0,0
421,985,0.5978934168815613,1
63,984,0.018852228298783302,0
419,1135,0.2527448534965515,1
533,1453,0.015241395682096481,0
211,650,0.1943587213754654,1
905,1069,0.2982865571975708,1
1410,1567,0.12018497288227081,1
179,531,0.3520519733428955,1
928,179,0.0,0
108,407,0.0,0
1568,1632,0.3869807720184326,1
996,214,0.0,0
565,1605,0.01639297977089882,0
819,1666,0.5070456862449646,1
142,1900,0.3510851562023163,1
2090,1646,0.0,0
312,2025,0.0,0
59,193,0.14277687668800354,1
129,779,0.10552531480789185,1
703,61,0.012566334567964077,0
424,542,0.0,0
1891,1920,0.0,0
1868,968,0.0,0
1013,270,0.0,0
358,707,0.0,0
467,1798,0.0,0
420,2085,0.0,0
514,1046,0.4176858365535736,1
75,2092,0.01785012148320675,0
1362,1981,0.0,0
1160,1444,0.3840098977088928,1
871,1281,0.13962629437446594,1
704,51,0.0,0
399,730,0.31751155853271484,1
1628,1232,0.0,0
158,1177,0.0,0
941,1365,0.10997573286294937,1
1419,890,0.012986890971660614,0
1362,83,0.0,0
572,1632,0.23673966526985168,1
439,408,0.0,0
207,852,0.15615402162075043,1
569,1515,0.21612225472927094,1
701,770,0.41264691948890686,1
32,1905,0.20395182073116302,1
48,1014,0.20729540288448334,1
343,1671,0.29250654578208923,1
487,1939,0.0,0
1864,207,0.0,0
582,1871,0.0,0
374,2072,0.0,0
451,1339,0.15179987251758575,1
1184,1965,0.33414241671562195,1
617,1885,0.0,0
1074,151,0.0,0
1669,1969,0.019350295886397362,0
1408,282,0.0,0
337,713,0.0,0
1519,962,0.0,0
684,826,0.19789408147335052,1
582,716,0.14598307013511658,1
253,569,0.3519027531147003,1
392,1869,0.13082586228847504,1
1650,1665,0.0,0
629,1277,0.16708923876285553,1
922,2016,0.10686779022216797,1
771,250,0.0,0
256,1856,0.17995595932006836,1
375,1961,0.2602796256542206,1
1258,48,0.0,0
1188,1381,0.12788930535316467,1
1385,1206,0.0,0
535,1465,0.17214041948318481,1
1780,1618,0.0,0
329,851,0.27621734142303467,1
1860,1181,0.0,0
71,644,0.0,0
1302,374,0.0,0
1676,946,0.0,0
910,1857,0.0,0
638,851,0.5049459338188171,1
649,502,0.0,0
806,921,0.0,0
21,1568,0.2571690082550049,1
1058,1509,0.23140256106853485,1
1223,1664,0.016619399189949036,0
302,1659,0.2048153430223465,1
236,354,0.3386377692222595,1
1649,1206,0.0,0
1296,684,0.0,0
1503,1780,0.1507224440574646,1
1021,350,0.0,0
49,723,0.1881866306066513,1
335,1632,0.11569420993328094,1
332,808,0.22417961061000824,1
616,2001,0.29910820722579956,1
930,1332,0.22352047264575958,1
339,1104,0.17782428860664368,1
439,1544,0.0,0
1014,1648,0.22095608711242676,1
509,1946,0.01827407069504261,0
730,1851,0.2653176188468933,1
407,1594,0.0,0
2028,723,0.0,0
144,310,0.39612409472465515,1
172,1549,0.12284309417009354,1
1761,969,0.018410200253129005,0
1254,175,0.0,0
1690,1752,0.12606073915958405,1
1817,1021,0.0,0
63,1174,0.1888197660446167,1
538,646,0.5242355465888977,1
131,1036,0.01823505386710167,0
12,236,0.14094941318035126,1
1999,2055,0.1308891773223877,1
224,54,0.017538269981741905,0
531,1189,0.5189208388328552,1
98,1649,0.22039222717285156,1
730,732,0.2647918462753296,1
233,1356,0.40859729051589966,1
1238,1721,0.0,0
236,1646,0.2761088013648987,1
1289,1198,0.0,0
1619,24,0.0,0
58,571,0.2550545036792755,1
1217,1846,0.0,0
434,92,0.0,0
739,2096,0.0,0
407,1593,0.0,0
478,1730,0.0,0
1394,1469,0.3461366593837738,1
271,1253,0.42398759722709656,1
339,1478,0.4361399710178375,1
428,1327,0.3849999010562897,1
621,1766,0.4131632447242737,1
503,638,0.4850822985172272,1
538,634,0.17774415016174316,1
1174,1200,0.0,0
489,238,0.0,0
806,513,0.0,0
1287,1209,0.0,0
869,1900,0.0,0
924,1759,0.0,0
1755,291,0.0,0
672,1382,0.0,0
1345,474,0.0,0
1342,717,0.0,0
961,1928,0.0,0
499,2080,0.1003783792257309,1
487,1990,0.0,0
646,1346,0.1890946477651596,1
1080,1356,0.38766512274742126,1
1188,1939,0.0,0
922,847,0.0,0
684,1023,0.3779796063899994,1
133,1080,0.49628275632858276,1
1865,293,0.0,0
1984,2090,0.0,0
2023,1355,0.016342943534255028,0
40,1029,0.0,0
385,911,0.32024943828582764,1
1233,259,0.0,0
1803,1030,0.0,0
330,395,0.0,0
910,1659,0.18671785295009613,1
619,1564,0.015656689181923866,0
1507,1842,0.0,0
1611,1155,0.0,0
